age_years,local_population,distance_to_city,distance_to_town,distance_to_primary,distance_to_secondary,distance_to_tertiary,lat_deg,lon_deg,water_source_clean,water_tech_clean,water_source_category,water_tech_category,clean_adm1,is_urban,is_non_functional,clean_adm2,report_year,wpdx_id
,2015.0,,71162.69726216746,86646.86785896051,6591.132365815711,859.564961855972,-14.54031,24.19458,Protected Well,Hand Pump,Well,Hand Pump,Western,False,0,Kaoma,2019,5GQ6F55V+VRG
,1040.0,,69258.57573842314,87248.10741814629,5043.401989340736,89.92978600889687,-14.53721,24.21544,Protected Well,Hand Pump,Well,Hand Pump,Western,False,0,Kaoma,2019,5GQ6F678+458
2.0,89.0,60773.115905583785,16811.72523285317,47233.30196093732,12006.16492684058,2932.7810968436083,-15.300167,28.835333,Borehole/Tubewell,,Well,,Lusaka,False,0,Rufunsa,2018,5GPCMRXP+W4P
2.0,454.0,89590.62392056703,3861.493032525246,18255.051550287662,19984.067873653807,47.21013937095259,-15.998833,28.862767,Borehole/Tubewell,,Well,,Lusaka,False,0,Chirundu,2019,5GPC2V27+F46
,2849.0,,71068.06782394892,87359.2251227708,7495.605323389857,650.4523516873925,-14.54842,24.1919,Protected Well,Hand Pump,Well,Hand Pump,Western,False,0,Kaoma,2019,5GQ6F52R+JQJ
0.0,89.0,173718.1253829871,85337.97968743539,154382.80987613814,40522.92352591645,15217.801682182013,-14.964733,29.83027,Borehole/Tubewell,,Well,,Lusaka,False,0,Rufunsa,2018,5GQF2RPJ+442
,703.0,245721.96745735483,8905.10605150274,1958.0099385345047,7072.540429022357,7645.575986066808,-10.139246666666669,31.229118333333336,Protected Spring,,Spring,,Northern,False,0,Kasama,2014,5GXHV66H+8J5
0.0,,47667.10598489868,45385.98489301228,39194.71355492009,23342.188269666185,84.3329048008714,-15.455446666666669,27.839861666666668,Piped Water,Hand Pump - India Mark,Piped Water,Hand Pump,Lusaka,False,0,Shibuyunji,2014,5GP9GRVQ+RWH
10.0,,48684.234035298585,45780.72675214047,40190.57856831271,24277.194482917264,60.56147061479952,-15.450128333333335,27.829898333333336,Piped Water,Hand Pump - India Mark,Piped Water,Hand Pump,Lusaka,False,0,Shibuyunji,2014,5GP9GRXH+XXJ
2.0,,42653.26164921349,43415.1265343793,34182.67414344684,18370.44151600442,1301.3358940879054,-15.45107,27.88636166666667,Piped Water,Public Tapstand,Piped Water,Public Tapstand,Lusaka,False,0,Shibuyunji,2014,5GP9GVXP+HGH
0.0,,48851.78716394431,45909.2409077284,40353.16942904134,24426.57951942755,5.668048870763691,-15.448691666666663,27.828223333333334,Piped Water,Motorized Pump - Electric,Piped Water,Motorized Pump,Lusaka,False,0,Shibuyunji,2014,5GP9HR2H+G7H
4.0,,83943.99446651092,55966.61519923851,74907.34945550193,29387.76645580177,7203.07727455313,-15.197471666666669,27.533810000000003,Piped Water,Motorized Pump - Electric,Piped Water,Motorized Pump,Central,False,0,Mumbwa,2014,5GP9RG3M+2G7
8.0,,41409.95226740585,3350.093607750367,30679.730633734063,18949.38470640388,1836.4854023157943,-15.773608333333334,28.166876666666667,Piped Water,Hand Pump - India Mark,Piped Water,Hand Pump,Lusaka,True,0,Kafue,2014,5GPC65G8+HQ2
1.0,,54402.31721961273,20733.948109946283,43003.326835775886,96.20794999757014,1584.4735105084346,-15.486241666666668,28.783923333333338,Piped Water,Motorized Pump - Electric,Piped Water,Motorized Pump,Lusaka,False,0,Chongwe,2014,5GPCGQ7M+GH3
,,11214.214119881375,16896.968166973555,3455.923473584231,850.9996074796716,731.8148276315052,-15.4463,28.382,Piped Water,Public Tapstand,Piped Water,Public Tapstand,Lusaka,False,0,Lusaka,2017,5GPCH93J+FRJ
,,11088.927119295571,16881.943903808482,3384.7694924219004,817.004006462321,599.458887747326,-15.4456,28.381,Piped Water,Public Tapstand,Piped Water,Public Tapstand,Lusaka,False,0,Lusaka,2017,5GPCH93J+QC6
,,11233.588940670104,17014.80411265828,3546.2880403344507,963.509328237401,711.5298471049044,-15.4453,28.3825,Piped Water,Public Tapstand,Piped Water,Public Tapstand,Lusaka,False,0,Lusaka,2017,5GPCH93M+V2J
,,10645.516915984294,16648.614770996664,3017.37165754144,525.1399492702285,200.4108956634483,-15.4449,28.3769,Piped Water,Public Tapstand,Piped Water,Public Tapstand,Lusaka,False,0,Lusaka,2017,5GPCH94G+2QR
,,10470.156922408973,16667.492954609294,2963.814735926695,508.6185903401702,2.6567875205849854,-15.4436,28.3756,Piped Water,Public Tapstand,Piped Water,Public Tapstand,Lusaka,False,0,Lusaka,2017,5GPCH94G+H69
,,10567.750785724744,16785.97133094126,3093.850509594141,633.6589286907423,63.70932162597626,-15.4431,28.3767,Piped Water,Public Tapstand,Piped Water,Public Tapstand,Lusaka,False,0,Lusaka,2017,5GPCH94G+QM8
,,10950.352112715673,16869.08210731681,3312.2380504307484,781.0517020805804,451.9279903786433,-15.4448,28.3799,Piped Water,Public Tapstand,Piped Water,Public Tapstand,Lusaka,False,0,Lusaka,2017,5GPCH94H+3XJ
,,10781.124794999325,16836.34630952003,3215.5854423053624,721.7545453093184,278.2629950970387,-15.444,28.3785,Piped Water,Public Tapstand,Piped Water,Public Tapstand,Lusaka,False,0,Lusaka,2017,5GPCH94H+CC2
,,11046.035789788828,17029.09510765825,3471.0404462245456,943.759135262432,498.9483362812097,-15.4439,28.3811,Piped Water,Public Tapstand,Piped Water,Public Tapstand,Lusaka,False,0,Lusaka,2017,5GPCH94J+CCX
,,11126.963931257304,17126.46348178808,3577.286859284165,1046.3642657138796,549.094878780995,-15.4435,28.382,Piped Water,Public Tapstand,Piped Water,Public Tapstand,Lusaka,False,0,Lusaka,2017,5GPCH94J+JR2
,,11358.166004133263,17133.64359763275,3688.1135195238576,1091.4611101366022,802.9993405147202,-15.445,28.3838,Piped Water,Public Tapstand,Piped Water,Public Tapstand,Lusaka,False,0,Lusaka,2017,5GPCH94M+2G3
,,11479.68867382741,17443.57428653261,3960.79434758584,1396.1645607564717,810.7844195277374,-15.4428,28.3856,Piped Water,Public Tapstand,Piped Water,Public Tapstand,Lusaka,False,0,Lusaka,2017,5GPCH94P+V6Q
,,10640.83616834355,16939.7856248835,3241.19746906952,787.3215349184072,86.61109392093084,-15.4421,28.3777,Piped Water,Public Tapstand,Piped Water,Public Tapstand,Lusaka,False,0,Lusaka,2017,5GPCH95H+538
,,10827.157946176378,17065.492277773752,3409.679558132888,936.6688940441906,241.64956413376672,-15.4421,28.3795,Piped Water,Public Tapstand,Piped Water,Public Tapstand,Lusaka,False,0,Lusaka,2017,5GPCH95H+5R6
,,10678.882185173616,17089.648674895536,3365.824027359976,931.4994616011298,67.79206477375598,-15.4409,28.3784,Piped Water,Public Tapstand,Piped Water,Public Tapstand,Lusaka,False,0,Lusaka,2017,5GPCH95H+J9R
,,10686.472626594872,17105.028765968535,3380.213222105161,946.8568349329734,70.5247729436057,-15.4408,28.3785,Piped Water,Public Tapstand,Piped Water,Public Tapstand,Lusaka,False,0,Lusaka,2017,5GPCH95H+MCJ
,,11093.08411372818,17297.820903935914,3690.479850701112,1197.100463392135,445.3352762754468,-15.4416,28.3822,Piped Water,Public Tapstand,Piped Water,Public Tapstand,Lusaka,False,0,Lusaka,2017,5GPCH95J+9V8
,,10891.21098599747,17293.42912818923,3607.981486862583,1153.62850399719,221.35753052562364,-15.4403,28.3806,Piped Water,Public Tapstand,Piped Water,Public Tapstand,Lusaka,False,0,Lusaka,2017,5GPCH95J+V6Q
,,11548.480629720996,17582.264853510333,4089.865730864946,1533.90924433341,825.4510897274603,-15.4419,28.3865,Piped Water,Public Tapstand,Piped Water,Public Tapstand,Lusaka,False,0,Lusaka,2017,5GPCH95P+6JR
,,11657.699160668924,17678.66776381874,4206.462628508971,1638.597866915212,907.10402174385,-15.4417,28.3876,Piped Water,Public Tapstand,Piped Water,Public Tapstand,Lusaka,False,0,Lusaka,2017,5GPCH95Q+82H
,,10647.121116837405,17395.58780134176,3559.5401835166504,901.611585494028,103.2516244994364,-15.4377,28.3789,Piped Water,Public Tapstand,Piped Water,Public Tapstand,Lusaka,False,0,Lusaka,2017,5GPCH96H+WHC
,,11055.278332939955,17454.66125437446,3796.4744640306526,1259.7410530788266,326.78209051962625,-15.4398,28.3823,Piped Water,Public Tapstand,Piped Water,Public Tapstand,Lusaka,False,0,Lusaka,2017,5GPCH96J+3WM
,,10943.168756868658,17409.53261239021,3713.357028798953,1186.6771118287056,222.30483371913192,-15.4395,28.3813,Piped Water,Public Tapstand,Piped Water,Public Tapstand,Lusaka,False,0,Lusaka,2017,5GPCH96J+6G3
,,10848.515268710598,17517.90671222404,3739.4531373660006,992.7175807212076,63.96118073916281,-15.4378,28.3808,Piped Water,Public Tapstand,Piped Water,Public Tapstand,Lusaka,False,0,Lusaka,2017,5GPCH96J+V8M
,,11149.5123710016,17558.59161903126,3911.942369669137,1261.7093055126138,385.0150809942605,-15.4394,28.3833,Piped Water,Public Tapstand,Piped Water,Public Tapstand,Lusaka,False,0,Lusaka,2017,5GPCH96M+68V
,,13379.16081383286,22703.90785007496,2865.555698609468,813.8728244399988,504.5680509006686,-15.3966,28.4051,Piped Water,Public Tapstand,Piped Water,Public Tapstand,Lusaka,True,0,Lusaka,2017,5GPCJC34+929
,,13595.012309729254,22899.05992683401,2827.558347999641,600.6242924291915,546.4383951622722,-15.3958,28.407,Piped Water,Public Tapstand,Piped Water,Public Tapstand,Lusaka,True,0,Lusaka,2017,5GPCJC34+MRJ
,,13459.355683037127,22822.082045491046,2784.935277553556,737.6965330239273,587.6999382113506,-15.3957,28.4057,Piped Water,Public Tapstand,Piped Water,Public Tapstand,Lusaka,True,0,Lusaka,2017,5GPCJC34+P7G
,,13532.341925491,22905.265830534496,2745.6705869770144,666.7957477776417,627.6310469126361,-15.3952,28.4063,Piped Water,Public Tapstand,Piped Water,Public Tapstand,Lusaka,True,0,Lusaka,2017,5GPCJC34+WGF
,,13926.546825106469,23077.789629253588,2970.363252516376,265.278309667991,428.29921490854906,-15.3962,28.4102,Piped Water,Public Tapstand,Piped Water,Public Tapstand,Lusaka,True,0,Chongwe,2017,5GPCJC36+G3G
,,13657.610218211605,23058.497047618584,2664.3864233775885,545.408838624525,712.3455553033863,-15.3942,28.4073,Piped Water,Public Tapstand,Piped Water,Public Tapstand,Lusaka,True,0,Lusaka,2017,5GPCJC44+8WF
,,13726.480517980148,23041.57420956178,2773.201985173701,472.316591484405,607.398862259754,-15.395,28.4081,Piped Water,Public Tapstand,Piped Water,Public Tapstand,Lusaka,True,0,Lusaka,2017,5GPCJC45+265
,,14163.903437214947,23333.128563149705,2909.0187202748266,32.914357213350385,531.9692740403208,-15.3948,28.4122,Piped Water,Public Tapstand,Piped Water,Public Tapstand,Lusaka,True,0,Chongwe,2017,5GPCJC46+3VP
,,14007.132034060676,23240.885034588304,2834.8747059630823,191.24697247732823,578.1714528248878,-15.3947,28.4107,Piped Water,Public Tapstand,Piped Water,Public Tapstand,Lusaka,True,0,Chongwe,2017,5GPCJC46+47G
,,14191.682787668116,23417.389839456275,2823.62222617763,9.696000802385296,628.3658777983052,-15.3939,28.4123,Piped Water,Public Tapstand,Piped Water,Public Tapstand,Lusaka,True,0,Chongwe,2017,5GPCJC46+CWV
,,14066.863576025,23345.51021061647,2759.6683330153,136.0944750545441,666.0737120656321,-15.3938,28.4111,Piped Water,Public Tapstand,Piped Water,Public Tapstand,Lusaka,True,0,Chongwe,2017,5GPCJC46+FCQ
,,13990.383475231922,23326.7920725424,2685.4455555652376,215.5113549056246,727.9245924907561,-15.3934,28.4103,Piped Water,Public Tapstand,Piped Water,Public Tapstand,Lusaka,True,0,Chongwe,2017,5GPCJC46+J4V
,,13554.151836958828,23151.328596839867,2401.8381317932485,363.51245694931896,971.7555688711814,-15.3921,28.4059,Piped Water,Public Tapstand,Piped Water,Public Tapstand,Lusaka,True,0,Lusaka,2017,5GPCJC54+596
,,13581.206877616056,23257.255875770494,2272.9068699810136,235.79080287530047,1101.3374733922246,-15.3909,28.4059,Piped Water,Public Tapstand,Piped Water,Public Tapstand,Lusaka,True,0,Lusaka,2017,5GPCJC54+J9R
,,13882.441604300508,23325.61499696613,2545.471702798835,313.03318582234493,853.7389049240347,-15.3925,28.4091,Piped Water,Public Tapstand,Piped Water,Public Tapstand,Lusaka,True,0,Chongwe,2017,5GPCJC55+2J5
,,13749.774178836293,23257.63379712327,2478.349783685684,328.55607355463064,906.082608425942,-15.3923,28.4078,Piped Water,Public Tapstand,Piped Water,Public Tapstand,Lusaka,True,0,Chongwe,2017,5GPCJC55+34M
,,13966.836227166808,23415.45607808126,2521.762482831534,239.67937320651365,890.9082313467665,-15.392,28.4098,Piped Water,Public Tapstand,Piped Water,Public Tapstand,Lusaka,True,0,Chongwe,2017,5GPCJC55+6W3
,,14105.062250944093,23612.35389642336,2414.926254335112,51.586483776780696,1029.1533498279916,-15.3905,28.4108,Piped Water,Public Tapstand,Piped Water,Public Tapstand,Lusaka,True,0,Chongwe,2017,5GPCJC56+R83
,,13459.73324947919,23294.074354780118,2074.5096898804845,120.44605497135716,1039.3614630720276,-15.3894,28.4044,Piped Water,Public Tapstand,Piped Water,Public Tapstand,Lusaka,True,0,Lusaka,2017,5GPCJC63+6QR
,,13700.560986055782,23441.52641198468,2136.7333627191424,52.65307525920468,1244.881141972056,-15.3894,28.4067,Piped Water,Public Tapstand,Piped Water,Public Tapstand,Lusaka,True,0,Chongwe,2017,5GPCJC64+6MW
11.0,,316846.2232432571,2750.7301334685912,1934.0472988935144,3733.114189134665,2886.6805174764336,-10.230713333333334,31.17631333333333,Piped Water,Hand Pump - Tara,Piped Water,Hand Pump,Northern,True,0,Kasama,2014,5GXHQ59G+PG8
4.0,,316755.39528726146,2775.007424078646,2021.170116404169,3757.019855433612,2879.821892472906,-10.230481666666666,31.17544666666667,Piped Water,Hand Pump - Tara,Piped Water,Hand Pump,Northern,True,0,Kasama,2014,5GXHQ59G+R54
,,254175.37287370185,682.1439807331851,361.6784467779087,1397.232811589471,378.23431359737145,-10.20826,31.182056666666668,Piped Water,Motorized Pump - Electric,Piped Water,Motorized Pump,Northern,True,0,Kasama,2012,5GXHQ5RJ+MRV
0.0,2553.0,158831.36361154803,13116.939619377064,103316.15274167476,12371.182471280286,26803.85833209109,-17.45031,27.29795,Borehole/Tubewell,Motorized Pump,Well,Motorized Pump,Southern,False,0,Sinazongwe,2014,5GJ9G7XX+V5G
1.0,337.0,152893.50270242055,9898.42070627119,109725.05902326644,9449.959586820894,23953.551258291995,-17.44379,27.23745,Borehole/Tubewell,Motorized Pump,Well,Motorized Pump,Southern,False,0,Sinazongwe,2012,5GJ9H64P+FXP
13.0,411.0,166408.93714211692,12376.81143330983,98988.84977504784,5726.21285518175,16315.082729870282,-17.35525,27.34066,Borehole/Tubewell,Motorized Pump,Well,Motorized Pump,Southern,False,0,Sinazongwe,2013,5GJ9J8VR+W73
13.0,403.0,166696.87815502705,12752.321389083952,98603.79214649658,6086.575404600558,16136.282548275827,-17.357,27.34418,Borehole/Tubewell,Motorized Pump,Well,Motorized Pump,Southern,False,0,Sinazongwe,2013,5GJ9J8VV+6M3
0.0,107.0,177148.035773443,22879.28960418,88982.3337963589,10609.38819260695,7046.298532195136,-17.32722,27.43747,Borehole/Tubewell,Motorized Pump,Well,Motorized Pump,Southern,False,0,Sinazongwe,2012,5GJ9MCFP+4X9
1.0,271.0,171390.15936882226,16804.91378331295,97840.57593517029,1166.5629044102047,10613.384713894624,-17.2776,27.36005,Borehole/Tubewell,Motorized Pump,Well,Motorized Pump,Southern,False,0,Sinazongwe,2012,5GJ9P9C6+X27
0.0,2174.0,182044.6061198761,27272.094693632163,87978.72953872399,7951.87242061254,74.63050784968443,-17.25454,27.45833,Borehole/Tubewell,Motorized Pump,Well,Motorized Pump,Southern,False,0,Sinazongwe,2014,5GJ9PFW5+58P
0.0,29.0,153284.11543241027,17841.887020970855,121829.1017112345,16633.466607739687,3288.666350346068,-17.21454,27.14233,Borehole/Tubewell,Motorized Pump,Well,Motorized Pump,Southern,False,0,Choma,2014,5GJ9Q4PR+5WP
5.0,329.0,176439.6044982967,22798.039780639992,96202.3756032324,387.1433776337994,7330.062553659082,-17.22084,27.38669,Borehole/Tubewell,Motorized Pump,Well,Motorized Pump,Southern,False,0,Sinazongwe,2013,5GJ9Q9HP+MM8
0.0,403.0,181912.52333054776,27402.96033671916,89713.7361509505,5857.059917413202,1758.3866676106088,-17.23063,27.44692,Borehole/Tubewell,Motorized Pump,Well,Motorized Pump,Southern,False,0,Sinazongwe,2012,5GJ9QC9W+PQV
2.0,65.0,178581.96797520388,25512.444688691918,95806.95233556768,35.98817645521025,4733.1831560371,-17.19519,27.39687,Borehole/Tubewell,Motorized Pump,Well,Motorized Pump,Southern,False,0,Sinazongwe,2013,5GJ9R93W+WPH
4.0,1531.0,180787.51186259813,29159.96232017934,96886.59305892338,989.4789503237008,1095.011964913991,-17.15216,27.39889,Borehole/Tubewell,Motorized Pump,Well,Motorized Pump,Southern,False,0,Sinazongwe,2013,5GJ9R9XX+4HJ
0.0,49.0,171792.03689010176,26879.422038096414,109314.43247049682,6561.309393108774,13007.73396558204,-17.12,27.287,Borehole/Tubewell,Motorized Pump,Well,Motorized Pump,Southern,False,0,Sinazongwe,2015,5GJ9V7JP+2R2
0.0,49.0,171812.5145141282,26927.684812065432,109333.41555977068,6547.494874166704,13022.979572494518,-17.11954,27.28696,Borehole/Tubewell,Motorized Pump,Well,Motorized Pump,Southern,False,0,Sinazongwe,2015,5GJ9V7JP+5QP
0.0,41.0,170401.8697994755,27393.06689771041,111625.27072659112,8201.293145742831,12296.463752391495,-17.1112,27.2671,Borehole/Tubewell,Motorized Pump,Well,Motorized Pump,Southern,False,0,Sinazongwe,2015,5GJ9V7Q8+GRH
5.0,321.0,183441.80782765007,31446.73154512884,94697.96128543784,1152.6249983535945,1089.8112899574608,-17.14479,27.42287,Borehole/Tubewell,Motorized Pump,Well,Motorized Pump,Southern,False,0,Sinazongwe,2013,5GJ9VC4F+34Q
2.0,136.0,174222.69513888657,32112.276924301364,111257.45930347842,5228.166984966153,15345.491909302207,-17.07098,27.28467,Borehole/Tubewell,Motorized Pump,Well,Motorized Pump,Southern,False,0,Sinazongwe,2013,5GJ9W7HM+JV3
0.0,172.0,189668.001084538,38228.720248321166,92296.62673060242,7816.915250735467,226.0799102271625,-17.09825,27.46436,Borehole/Tubewell,Motorized Pump,Well,Motorized Pump,Southern,False,0,Sinazongwe,2012,5GJ9WF27+PP5
11.0,1844.0,198036.44624227568,45308.16947667551,85523.11490179916,17676.230829983582,6673.166225007648,-17.06092,27.55155,Borehole/Tubewell,Motorized Pump,Well,Motorized Pump,Southern,False,0,Sinazongwe,2013,5GJ9WHQ2+JJM
15.0,1844.0,197866.0791430513,45183.10270643823,85601.90834999978,17781.30443498331,6842.416961584575,-17.05926,27.55159,Borehole/Tubewell,Motorized Pump,Well,Motorized Pump,Southern,False,0,Sinazongwe,2013,5GJ9WHR2+7JW
2.0,56.0,106146.64366494428,32033.01671546613,14342.935859769415,121171.5082208946,19415.279506335057,-16.667489,23.795255,Borehole/Tubewell,Hand Pump - India Mark,Well,Hand Pump,Western,False,0,Senanga,2016,5GM58QMW+242
3.0,76.0,131721.2864998943,39104.21935122192,33463.80813842216,142340.2668860821,37764.4251332968,-16.40552778,23.80736111,Borehole/Tubewell,Hand Pump,Well,Hand Pump,Western,False,0,Senanga,2016,5GM5HRV4+QWQ
3.0,44.0,135441.08413057055,37034.00013307539,30157.578940442138,138308.8316068229,36210.9417248304,-16.385463,23.767416,Borehole/Tubewell,Hand Pump - India Mark,Well,Hand Pump,Western,False,0,Senanga,2017,5GM5JQ78+RXC
6.0,52.0,171803.57863192586,17454.499536327112,1559.8239574015586,108994.10016119796,877.497962824621,-16.26116667,23.31675,Borehole/Tubewell,Hand Pump,Well,Hand Pump,Western,False,0,Senanga,2018,5GM5P8Q8+GPJ
2.0,112.0,174429.04208022912,12720.500117413729,980.3786942546805,104042.84448780872,5199.307759992596,-16.20955556,23.34913889,Borehole/Tubewell,Hand Pump,Well,Hand Pump,Western,False,0,Senanga,2014,5GM5Q8RX+5MC
5.0,88.0,174391.09715885477,12744.194953211952,1060.6959736520723,104050.74116426033,5244.884693683035,-16.20947222,23.34988889,Borehole/Tubewell,Hand Pump,Well,Hand Pump,Western,False,0,Senanga,2018,5GM5Q8RX+6X6
2.0,8.0,170387.4512756763,16555.78924000479,4476.546292597438,107251.61940592938,5797.706831557459,-16.23197222,23.38216667,Borehole/Tubewell,Hand Pump,Well,Hand Pump,Western,False,0,Senanga,2014,5GM5Q99J+6V7
4.0,8.0,174902.96807160976,12108.889994369943,3818.920192533737,102277.18518399964,8767.69453142496,-16.1873,23.37534,Borehole/Tubewell,Hand Pump,Well,Hand Pump,Western,False,0,Senanga,2015,5GM5R97G+34P
4.0,12.0,172987.21942638536,15449.011862824736,9160.490565011183,102623.22851170432,13059.555038406344,-16.177286,23.424807,Borehole/Tubewell,Hand Pump,Well,Hand Pump,Western,False,0,Senanga,2015,5GM5RCFF+3WM
4.0,128.0,172829.84574376012,16838.947889283372,11470.148906113584,102195.90344505844,15454.720442715146,-16.16695,23.44518,Borehole/Tubewell,Hand Pump,Well,Hand Pump,Western,False,0,Senanga,2015,5GM5RCMW+63F
4.0,132.0,172817.29090136127,16964.97971592324,11662.653221647635,102164.52579111786,15652.267934309672,-16.16611,23.44686,Borehole/Tubewell,Hand Pump,Well,Hand Pump,Western,False,0,Senanga,2015,5GM5RCMW+HP5
4.0,173.0,172746.04776519732,17235.231638546917,12027.461576349093,102157.16812358644,16000.873763079466,-16.16498,23.45012,Borehole/Tubewell,Hand Pump,Well,Hand Pump,Western,False,0,Senanga,2015,5GM5RFP2+225
4.0,108.0,173333.0415034699,18149.731411935645,13868.048527140048,101169.38944623244,18195.5545459462,-16.15067,23.4645,Borehole/Tubewell,Hand Pump,Well,Hand Pump,Western,False,0,Senanga,2015,5GM5RFX7+MQ5
1.0,48.0,189420.09291189729,9915.880497225138,10970.047145442695,93863.78743728636,7632.939356236248,-16.13584,23.21512,Borehole/Tubewell,Hand Pump,Well,Hand Pump,Western,False,0,Nalolo,2013,5GM5V678+M29
5.0,48.0,188411.242792136,7896.982002340271,8882.162362958547,93777.9745362183,5663.017857000141,-16.13335,23.23447,Borehole/Tubewell,Hand Pump,Well,Hand Pump,Western,False,0,Nalolo,2017,5GM5V68M+MQ9
4.0,84.0,179167.30407526504,18906.87759195553,16712.636118210023,94697.08752839328,16761.003880806,-16.08333333,23.47722222,Borehole/Tubewell,Hand Pump,Well,Hand Pump,Western,False,0,Senanga,2015,5GM5WF8G+MV9
1.0,277.0,116731.02706442474,4107.981606453988,126365.4430563272,57127.69947324559,951.4355126591836,-16.98664,26.48783,Borehole/Tubewell,Motorized Pump,Well,Motorized Pump,Southern,False,0,Kalomo,2013,5GM82F7Q+84W
1.0,53.0,114670.7349469184,13976.98356702905,124439.72602817176,66332.07369086442,12570.376294116286,-16.94732,26.38534,Borehole/Tubewell,Motorized Pump,Well,Motorized Pump,Southern,False,0,Kalomo,2013,5GM8393P+34G
1.0,197.0,136688.4876000169,32834.46039158901,146495.1565989062,59110.14911029084,22591.085929749606,-16.73679,26.41141,Borehole/Tubewell,Motorized Pump,Well,Motorized Pump,Southern,False,0,Kalomo,2013,5GM87C76+7HM
12.0,112.0,168650.5369315864,63158.931377337445,178460.6656413244,43239.41335129663,3433.3148988271078,-16.453,26.48708,Borehole/Tubewell,Motorized Pump,Well,Motorized Pump,Southern,False,0,Kalomo,2013,5GM8GFWP+RR4
7.0,199.0,170912.32484378995,61250.33509043936,180720.34939189517,37583.86614424165,1742.057822678006,-16.4542,26.5418,Borehole/Tubewell,Motorized Pump,Well,Motorized Pump,Southern,False,0,Kalomo,2013,5GM8GGWR+8PF
1.0,207.0,175259.97376551837,51944.40264429342,185032.4592544183,26222.048552285905,10324.59890658426,-16.46446,26.65313,Borehole/Tubewell,Motorized Pump,Well,Motorized Pump,Southern,False,0,Kalomo,2013,5GM8GMP3+676
15.0,147.0,171831.65212122462,66358.22766813512,181641.26144441788,42069.28391287544,3168.144612249844,-16.42409,26.49275,Borehole/Tubewell,Motorized Pump,Well,Motorized Pump,Southern,False,0,Kalomo,2013,5GM8HFGV+946
1.0,285.0,178287.9247641259,67758.21567603243,188094.28597296108,41538.560003953135,4966.714169244852,-16.3611,26.49313,Borehole/Tubewell,Motorized Pump,Well,Motorized Pump,Southern,False,0,Kalomo,2013,5GM8JFQV+H76
1.0,225.0,175938.14711744004,68983.61391482512,185747.5394145888,40347.28660949758,2247.117240900619,-16.3889,26.50523,Borehole/Tubewell,Motorized Pump,Well,Motorized Pump,Southern,False,0,Kalomo,2013,5GM8JG64+C3X
3.0,857.0,183404.71108921515,59889.01887405131,193197.83129910272,25249.84331975105,1089.701329567264,-16.3777,26.6461,Borehole/Tubewell,Motorized Pump,Well,Motorized Pump,Southern,False,0,Kalomo,2013,5GM8JJCW+WCH
1.0,337.0,181766.73806192895,62604.93357473935,191570.08053438077,29378.01074103444,765.6226490535635,-16.37563,26.60728,Borehole/Tubewell,Motorized Pump,Well,Motorized Pump,Southern,False,0,Kalomo,2013,5GM8JJF4+PWR
1.0,684.0,184070.5997969662,60476.30571259266,193864.72669123556,25195.84038090084,369.66880227235833,-16.37103,26.64626,Borehole/Tubewell,Motorized Pump,Well,Motorized Pump,Southern,False,0,Kalomo,2013,5GM8JJHW+HGJ
1.0,588.0,187508.82777669397,59481.96010058664,190628.15890000976,20904.37843470208,1626.777979026248,-16.35607,26.68635,Borehole/Tubewell,Motorized Pump,Well,Motorized Pump,Southern,False,0,Kalomo,2013,5GM8JMVP+HGH
14.0,207.0,183738.98445124447,63138.50262225146,193545.949299852,39450.43770660856,7097.039200991849,-16.3167,26.51547,Borehole/Tubewell,Motorized Pump,Well,Motorized Pump,Southern,False,0,Kalomo,2013,5GM8MGM8+85H
2.0,429.0,185432.63553829852,66576.30644532709,195241.4436715661,30848.99620008997,3804.556066687095,-16.33322,26.59462,Borehole/Tubewell,Motorized Pump,Well,Motorized Pump,Southern,False,0,Kalomo,2014,5GM8MH8V+PR9
1.0,404.0,186500.83078947203,65293.81359743689,195593.73961338925,27988.526594604577,3362.3874249075066,-16.3347,26.62136,Borehole/Tubewell,Motorized Pump,Well,Motorized Pump,Southern,False,0,Kalomo,2013,5GM8MJ8C+4GH
1.0,283.0,188872.84327393727,60130.81108022073,189444.67531313736,20272.31849474333,2805.357114606171,-16.34546,26.69288,Borehole/Tubewell,Motorized Pump,Well,Motorized Pump,Southern,False,0,Kalomo,2013,5GM8MM3V+R56
1.0,41.0,185161.95763804484,55945.98174040523,194899.7040590124,49527.622019362985,23083.960493396648,-16.25211,26.36639,Borehole/Tubewell,Motorized Pump,Well,Motorized Pump,Central,False,0,Itezhi-tezhi,2013,5GM8P9X8+5H2
5.0,128.0,184451.83502073577,57473.52128193845,194214.18232875215,50345.967862025056,19035.010480210836,-16.2694,26.4012,Borehole/Tubewell,Motorized Pump,Well,Motorized Pump,Central,False,0,Itezhi-tezhi,2013,5GM8PCJ2+6FW
1.0,119.0,164916.7366879506,58379.81999545288,155670.7247288053,1768.4582474608403,7560.921648111039,-16.15441,26.94507,Borehole/Tubewell,Motorized Pump,Well,Motorized Pump,Southern,False,0,Namwala,2014,5GM8RWWW+62P
1.0,137.0,163819.4267070424,56425.88546699229,154511.5518987057,3740.7655531641217,8395.150832174919,-16.16273,26.96182,Borehole/Tubewell,Motorized Pump,Well,Motorized Pump,Southern,False,0,Namwala,2014,5GM8RXP6+WP4
1.0,87.0,160162.62359744348,53457.9308205234,150838.80368052644,6931.526467872978,6725.74503207447,-16.15001,26.99371,Borehole/Tubewell,Motorized Pump,Well,Motorized Pump,Southern,False,0,Namwala,2014,5GM8RXXV+XFW
1.0,70.0,185526.63469655477,20343.65524529917,109115.46733845132,12460.1680345713,25550.55395377824,-16.867,27.4125,Borehole/Tubewell,Motorized Pump,Well,Motorized Pump,Southern,False,0,Pemba,2013,5GM94CM7+622
0.0,38.0,182847.1597046382,23347.12937071954,106459.10602610232,15913.478351842476,24335.707207369403,-16.85883,27.4483,Borehole/Tubewell,Motorized Pump,Well,Motorized Pump,Southern,False,0,Pemba,2013,5GM94CRX+F87
0.0,280.0,179912.75201232405,32180.22146770269,97818.91553686975,23396.30302969524,24371.76781138204,-16.874,27.537,Borehole/Tubewell,Motorized Pump,Well,Motorized Pump,Southern,False,0,Gwembe,2013,5GM94GGP+CR2
4.0,269.0,179703.04823335513,28321.6664981164,101759.34595128632,21114.36917909178,24011.281045409145,-16.85603,27.50477,Borehole/Tubewell,Motorized Pump,Well,Motorized Pump,Southern,False,0,Gwembe,2013,5GM94GV3+HWJ
0.0,52.0,185607.83164623377,14712.160382218532,114740.02813950062,10418.909030702034,25128.858326088663,-16.84135,27.36686,Borehole/Tubewell,Motorized Pump,Well,Motorized Pump,Southern,False,0,Pemba,2013,5GM95958+FP9
0.0,88.0,179829.47757650955,20885.4170615394,109554.80698338988,17633.276872405506,20524.60207378782,-16.82257,27.43949,Borehole/Tubewell,Motorized Pump,Well,Motorized Pump,Southern,False,0,Pemba,2013,5GM95CGQ+XQH
0.0,38.0,176140.63007914927,23489.452761972807,106393.47140862784,22528.114593690872,18770.258842209816,-16.81006,27.48667,Borehole/Tubewell,Motorized Pump,Well,Motorized Pump,Southern,False,0,Pemba,2013,5GM95FQP+XMF
0.0,21.0,175411.54182945326,24362.47649849071,105531.7943924956,23550.513863100165,18721.509664907207,-16.80865,27.49819,Borehole/Tubewell,Motorized Pump,Well,Motorized Pump,Southern,False,0,Pemba,2013,5GM95FRX+G7W
1.0,77.0,180501.81201479983,13045.18128682358,117885.37550861132,11589.187583896552,19970.708013152776,-16.788,27.369,Borehole/Tubewell,Motorized Pump,Well,Motorized Pump,Southern,False,0,Pemba,2013,5GM96969+RJ2
0.0,148.0,179776.61010484706,13668.991149801865,117411.67087051984,12468.951161623689,19230.154069695764,-16.785,27.37672,Borehole/Tubewell,Motorized Pump,Well,Motorized Pump,Southern,False,0,Pemba,2014,5GM9697G+WM5
0.0,243.0,177017.0312839773,16791.13985503021,113239.48547990022,17192.92105091177,16892.68286821076,-16.785,27.42553,Borehole/Tubewell,Motorized Pump,Well,Motorized Pump,Southern,False,0,Pemba,2013,5GM96C8G+262
1.0,49.0,175745.73639153407,17537.713213571944,112360.24592236134,18831.379770563595,15917.883912634448,-16.78,27.44,Borehole/Tubewell,Motorized Pump,Well,Motorized Pump,Southern,False,0,Pemba,2013,5GM96CCR+222
0.0,169.0,176487.62345752798,15369.50243431722,114621.98791642235,16856.00729930441,16131.216423635748,-16.77462,27.41746,Borehole/Tubewell,Motorized Pump,Well,Motorized Pump,Southern,False,0,Pemba,2015,5GM96CG8+5X4
4.0,606.0,173892.30420127237,10299.862401552218,119590.66559162404,15958.55370900602,13497.279803298608,-16.73185,27.3931,Borehole/Tubewell,Motorized Pump,Well,Motorized Pump,Southern,False,0,Pemba,2013,5GM9799V+769
1.0,45.0,169100.26122414484,20124.87286495755,110929.29698345296,25705.810841295235,11107.084855682497,-16.74,27.49228,Borehole/Tubewell,Motorized Pump,Well,Motorized Pump,Southern,False,0,Pemba,2013,5GM97F6R+2W2
4.0,105.0,169172.69375374145,16590.844310083186,114440.71312496978,23373.628813606618,9342.088509662704,-16.724,27.463,Borehole/Tubewell,Motorized Pump,Well,Motorized Pump,Southern,False,0,Pemba,2013,5GM97FG7+C62
0.0,59.0,167334.22256037852,10998.0970295371,121435.40410574307,20947.740663890658,7180.847551675554,-16.67704,27.41856,Borehole/Tubewell,Motorized Pump,Well,Motorized Pump,Southern,False,0,Pemba,2013,5GM98CF9+5CM
0.0,59.0,166035.2310616371,10554.47488394312,123223.78124081009,21527.79224208744,5972.784421175045,-16.65912,27.41274,Borehole/Tubewell,Motorized Pump,Well,Motorized Pump,Southern,False,0,Pemba,2013,5GM98CR7+935
0.0,116.0,166761.18711020116,6876.223508625131,129876.52270642476,19700.0441857591,8552.673851540792,-16.629,27.357,Borehole/Tubewell,Motorized Pump,Well,Motorized Pump,Southern,False,0,Pemba,2013,5GM999C4+CR2
3.0,207.0,163740.73785423144,11772.8310030491,124416.68314145916,22806.42462645258,3986.966618533716,-16.63758,27.41816,Borehole/Tubewell,Motorized Pump,Well,Motorized Pump,Southern,False,0,Pemba,2014,5GM99C69+X77
0.0,70.0,162440.126849872,12179.915103344976,126099.41698311584,21217.64347936208,2934.208465701669,-16.62018,27.41354,Borehole/Tubewell,Motorized Pump,Well,Motorized Pump,Southern,False,0,Pemba,2013,5GM99CH7+WCF
0.0,74.0,163587.67742855713,7058.661335054904,134800.60744600752,21411.346073955378,6402.5068042755765,-16.58058,27.34024,Borehole/Tubewell,Motorized Pump,Well,Motorized Pump,Southern,False,0,Pemba,2013,5GM9C89R+Q39
1.0,186.0,163438.80889280804,8699.996748983665,131251.50914434326,21246.248295616784,6828.607489296204,-16.59922,27.36767,Borehole/Tubewell,Motorized Pump,Well,Motorized Pump,Southern,False,0,Pemba,2014,5GM9C929+837
0.0,148.0,162859.76676185464,7921.721775004158,131830.65001934097,20637.73710407592,6254.914141715088,-16.59221,27.36704,Borehole/Tubewell,Motorized Pump,Well,Motorized Pump,Southern,False,0,Pemba,2013,5GM9C958+4R7
1.0,119.0,161977.21924748545,6441.12822988582,133182.97112032335,19727.59320878918,5413.129854697607,-16.57893,27.36262,Borehole/Tubewell,Motorized Pump,Well,Motorized Pump,Southern,False,0,Pemba,2013,5GM9C9C7+C2H
1.0,109.0,161278.16031430932,9607.785209450203,128622.87612200531,19502.398901134125,3005.611822599007,-16.59916,27.4017,Borehole/Tubewell,Motorized Pump,Well,Motorized Pump,Southern,False,0,Pemba,2013,5GM9CC22+8MP
1.0,186.0,154489.3809694197,9904.300548318077,128522.95472299148,13358.546451658782,1702.2016960061712,-16.55597,27.44839,Borehole/Tubewell,Motorized Pump,Well,Motorized Pump,Southern,False,0,Pemba,2014,5GM9CCVX+J96
2.0,91.0,156050.13061385482,6788.350224521242,131104.73105514704,14046.261460299227,474.90619533783183,-16.552,27.41781,Borehole/Tubewell,Motorized Pump,Well,Motorized Pump,Southern,False,0,Pemba,2014,5GM9CCX9+643
1.0,239.0,151597.02465626367,12149.607506932203,121984.24108490723,11173.766727204862,616.5500174347708,-16.57181,27.52116,Borehole/Tubewell,Motorized Pump,Well,Motorized Pump,Southern,False,0,Pemba,2013,5GM9CGHC+7FF
3.0,81.0,167808.3437844277,15116.187766608782,147666.18944358855,28629.855994739904,1331.3853908788217,-16.53354,27.22212,Borehole/Tubewell,Motorized Pump,Well,Motorized Pump,Southern,False,0,Pemba,2014,5GM9F68C+HRQ
0.0,102.0,154044.2836416865,9215.81243397816,129416.38432626784,12648.531697223898,2054.095591417061,-16.54837,27.44454,Borehole/Tubewell,Motorized Pump,Well,Motorized Pump,Southern,False,0,Pemba,2013,5GM9FC2V+MR3
1.0,197.0,153634.05425394917,9959.477607030058,128855.05886274167,12503.870830276908,2530.4808298870616,-16.54879,27.45175,Borehole/Tubewell,Motorized Pump,Well,Motorized Pump,Southern,False,0,Pemba,2013,5GM9FF22+FPJ
4.0,418.0,145329.53899286495,3009.005638267474,134460.1763900074,3154.529663381191,2838.8823945088543,-16.464,27.46352,Borehole/Tubewell,Motorized Pump,Well,Motorized Pump,Southern,False,0,Monze,2013,5GM9GFP7+CC2
1.0,112.0,133800.0234844131,22065.885772371592,123756.22280986662,35199.84775207802,6495.553824869054,-16.16727,27.30336,Borehole/Tubewell,Motorized Pump,Well,Motorized Pump,Southern,False,0,Monze,2012,5GM9R8M3+38X
2.0,156.0,128381.22918470245,13153.983936915763,118075.22829633392,28833.40868158528,1460.475654945222,-16.19113,27.3902,Borehole/Tubewell,Motorized Pump,Well,Motorized Pump,Southern,False,0,Monze,2013,5GM9R95R+G3W
0.0,144.0,120016.89239358345,9150.563001847717,109448.19190302708,26608.497892720217,7213.260583823665,-16.1983,27.5058,Borehole/Tubewell,Motorized Pump,Well,Motorized Pump,Southern,False,0,Monze,2015,5GM9RG24+M8M
3.0,280.0,90656.96610130645,42309.10525743613,78407.4704253444,27745.07268109588,9381.183199908312,-16.179948,27.975323,Borehole/Tubewell,,Well,,Southern,False,0,Chikankanta,2021,5GM9RXCG+24G
12.0,401.0,128891.37771703964,19978.059284735715,118813.27529807149,35094.191899173624,2008.107982365722,-16.14717,27.34545,Borehole/Tubewell,Motorized Pump,Well,Motorized Pump,Southern,False,0,Monze,2013,5GM9V83W+45P
1.0,282.0,126576.22968613304,25123.45977667878,116699.81624975304,40801.62136576637,149.69423396499866,-16.09651,27.33247,Borehole/Tubewell,Motorized Pump,Well,Motorized Pump,Southern,False,0,Monze,2012,5GM9W83J+9XX
,420.0,126090.14062405312,25797.238933240264,116241.57937943784,41583.09178146669,77.41384580789298,-16.08894,27.33237,Borehole/Tubewell,Motorized Pump,Well,Motorized Pump,Southern,False,0,Monze,2012,5GM9W86J+CWH
1.0,181.0,126754.7188891394,28351.18377433869,117010.14525235424,40592.51931389244,1736.3692512583175,-16.07377,27.31357,Borehole/Tubewell,Motorized Pump,Well,Motorized Pump,Southern,False,0,Monze,2012,5GM9W8G7+FCW
1.0,200.0,121658.3335090923,21957.62471207806,111640.94283382376,38964.51601849637,545.9797693603509,-16.09604,27.3898,Borehole/Tubewell,Motorized Pump,Well,Motorized Pump,Southern,False,0,Monze,2012,5GM9W93Q+HWM
1.0,123.0,101949.75632617805,9397.8812047271,91375.27284280688,28866.205548476744,2524.192216957967,-16.08349,27.62596,Borehole/Tubewell,Motorized Pump,Well,Motorized Pump,Southern,False,0,Mazabuka,2013,5GM9WJ8G+J94
47.0,125.0,114241.40751400193,19629.56213561613,104356.4059038751,40424.95493156648,4181.690921275553,-16.03366,27.42776,Borehole/Tubewell,Motorized Pump,Well,Motorized Pump,Southern,False,0,Monze,2013,5GM9XC8H+G4J
7.0,313.0,111340.53728576914,16356.04120046454,101391.1305711738,37359.45304723953,4663.723577101883,-16.028864,27.457956,Borehole/Tubewell,Motorized Pump,Well,Motorized Pump,Southern,False,0,Monze,2014,5GM9XFC5+F54
16.0,307.0,110844.077322379,15865.688067995496,100890.57485642892,36854.41062297235,5001.018389995967,-16.026881,27.462228,Borehole/Tubewell,Motorized Pump,Well,Motorized Pump,Southern,False,0,Monze,2014,5GM9XFF6+6VX
3.0,0.0,144791.37883564946,58604.99614780422,72033.78975012693,16364.124287878556,20232.5306772143,-16.713794,28.106301,Borehole/Tubewell,,Well,,Southern,False,0,Gwembe,2021,5GMC74P4+FGM
3.0,149.0,94039.8981318298,56717.45961469015,60790.70189053276,20549.636013406045,2433.3892706416323,-16.256398,28.1486622,Borehole/Tubewell,,Well,,Southern,False,0,Chikankanta,2021,5GMCP4VX+CFV
0.0,259.0,90501.6770878393,52877.65440798933,63883.87164755725,25428.438201481957,62.58993726918954,-16.219635,28.122857,Borehole/Tubewell,,Well,,Southern,False,0,Chikankanta,2018,5GMCQ4JF+44X
0.0,106.0,92684.03142640114,55925.46206673288,56085.78620003225,17849.48057291614,43.50340970791343,-16.249605,28.1933533,Borehole/Tubewell,,Well,,Southern,False,0,Chikankanta,2018,5GMCQ52V+585
3.0,339.0,85116.18903155487,47112.48865494965,67565.17292319055,23195.01816230666,215.6683917799608,-16.15886,28.0743633,Borehole/Tubewell,,Well,,Southern,False,0,Chikankanta,2021,5GMCR3RF+FP5
3.0,106.0,85147.75025790947,46292.00334506156,29295.19761964422,11711.46708752312,13429.81279059212,-16.17,28.443,Borehole/Tubewell,Hand Pump - India Mark,Well,Hand Pump,Southern,False,0,Chikankanta,2018,5GMCRCJV+262
3.0,62.0,84837.10938157082,46296.96776244287,29324.66486390426,11996.146783625549,13667.83670279516,-16.1673333,28.442,Borehole/Tubewell,Hand Pump - India Mark,Well,Hand Pump,Southern,False,0,Chikankanta,2018,5GMCRCMR+3R6
3.0,223.0,87979.70967039636,44687.23341309579,27509.221514204182,8217.514171983996,12643.8943039969,-16.191,28.4675,Borehole/Tubewell,Hand Pump - India Mark,Well,Hand Pump,Southern,False,0,Chikankanta,2018,5GMCRF59+J22
5.0,157.0,88293.02550359904,43081.72123295879,25882.49274350096,7206.9509445725425,13793.436636099155,-16.190167,28.4835,Borehole/Tubewell,,Well,,Southern,False,0,Siavonga,2021,5GMCRF5M+WCJ
5.0,165.0,86505.93294123368,42367.35203215797,25250.30824635292,8755.689736477772,15219.11218027189,-16.1735,28.4835,Borehole/Tubewell,,Well,,Southern,False,0,Siavonga,2021,5GMCRFGM+JC2
3.0,297.0,86079.51161797412,43320.322155483176,26236.95649914848,9475.09299439422,14727.091668278994,-16.172,28.4733333,Borehole/Tubewell,Hand Pump - India Mark,Well,Hand Pump,Southern,False,0,Chikankanta,2018,5GMCRFHF+684
3.0,142.0,85120.55618626224,44853.27435794173,27849.044566837,11015.518868968064,14298.266761036775,-16.167,28.4561667,Borehole/Tubewell,Hand Pump - India Mark,Well,Hand Pump,Southern,False,0,Chikankanta,2018,5GMCRFM4+6F3
0.0,74.0,92026.11977101446,31481.84904704291,14309.640743681774,412.1432100422396,24572.315916310206,-16.187167,28.604833,Borehole/Tubewell,Hand Pump - India Mark,Well,Hand Pump,Lusaka,False,0,Chirundu,2015,5GMCRJ73+4WP
4.0,495.0,92744.4580614967,25916.132148342276,9252.93493535604,756.0823434747009,25292.265149773237,-16.171833,28.657167,Borehole/Tubewell,Hand Pump - India Mark,Well,Hand Pump,Lusaka,False,0,Chirundu,2020,5GMCRMH4+7V7
3.0,140.0,91362.61008303544,25501.12731458927,8550.09161591441,614.7383952799499,24866.92987932745,-16.159833,28.653167,Borehole/Tubewell,Hand Pump - India Mark,Well,Hand Pump,Lusaka,False,0,Chirundu,2018,5GMCRMR3+377
3.0,132.0,91421.30170280384,24849.48541262632,7941.041188023919,730.5923506701865,24216.395078194437,-16.157667,28.659,Borehole/Tubewell,Hand Pump - India Mark,Well,Hand Pump,Lusaka,False,0,Chirundu,2018,5GMCRMR5+WJJ
4.0,8.0,91926.55325078648,22179.996563446948,5647.029338600489,1446.004095253975,21554.489637532934,-16.150333,28.684167,Borehole/Tubewell,Hand Pump - India Mark,Well,Hand Pump,Lusaka,False,0,Chirundu,2019,5GMCRMXM+VM7
3.0,504.0,98484.71015749167,20796.76847335079,951.7310921277822,8278.994517062078,20278.660484724536,-16.187167,28.741833,Borehole/Tubewell,Hand Pump - India Mark,Well,Hand Pump,Lusaka,False,0,Chirundu,2019,5GMCRP7R+4PP
3.0,438.0,98376.21132220654,20786.407889095877,1062.8783544005455,8169.860221976385,20266.02099459,-16.1865,28.741,Borehole/Tubewell,Hand Pump - India Mark,Well,Hand Pump,Lusaka,False,0,Chirundu,2019,5GMCRP7R+CC2
2.0,1215.0,97051.72382730924,19314.799539306747,628.3395954434042,7966.481003324235,18778.796334051145,-16.1715,28.743,Borehole/Tubewell,Hand Pump - India Mark,Well,Hand Pump,Lusaka,False,0,Chirundu,2018,5GMCRPHV+C62
3.0,1182.0,99953.56975862935,19323.664463869856,1604.377703363621,11013.959988606215,18860.580373874574,-16.187167,28.768667,Borehole/Tubewell,Hand Pump - India Mark,Well,Hand Pump,Lusaka,False,0,Chirundu,2018,5GMCRQ79+4FM
3.0,2851.0,98213.10504596127,19005.274939660365,369.9826007338868,9376.849136080207,18499.54779751626,-16.1765,28.7555,Borehole/Tubewell,Hand Pump - India Mark,Well,Hand Pump,Lusaka,False,0,Chirundu,2018,5GMCRQF4+C62
3.0,2190.0,97531.43252121635,18833.07628296516,189.3577933045117,8836.22551991438,18312.47975220439,-16.171833,28.751167,Borehole/Tubewell,Hand Pump - India Mark,Well,Hand Pump,Lusaka,False,0,Chirundu,2019,5GMCRQH2+7F7
3.0,198.0,96287.1053570033,17753.741620331057,543.4525905699375,8140.882900195527,17213.86129253508,-16.159167,28.750333,Borehole/Tubewell,Hand Pump - India Mark,Well,Hand Pump,Lusaka,False,0,Chirundu,2019,5GMCRQR2+84P
3.0,338.0,77747.09818185965,45110.32266629833,28391.49334259539,18038.61184009529,18498.104919135007,-16.103,28.436333,Borehole/Tubewell,Hand Pump - India Mark,Well,Hand Pump,Southern,False,0,Chikankanta,2018,5GMCVCWP+RG4
4.0,545.0,81977.47633500054,42186.74735120191,25434.932586322524,12991.954186612478,18285.303476883768,-16.1342,28.4716167,Borehole/Tubewell,Hand Pump - India Mark,Well,Hand Pump,Southern,False,0,Siavonga,2019,5GMCVF8C+8JH
4.0,545.0,84009.46156485043,38652.05558030616,21737.0989912708,9712.221272173538,19542.02942563936,-16.143167,28.509,Borehole/Tubewell,Hand Pump - India Mark,Well,Hand Pump,Lusaka,False,0,Chirundu,2019,5GMCVG45+PJJ
4.0,247.0,83335.42157668734,39215.86411010512,22365.05659128102,10544.688838294634,19486.0865310469,-16.138833,28.502,Borehole/Tubewell,Hand Pump - India Mark,Well,Hand Pump,Lusaka,False,0,Chirundu,2019,5GMCVG62+FR6
4.0,107.0,92427.13759830134,16122.08566868238,84.77001532162997,4463.384033865396,15514.221206151264,-16.126333,28.736667,Borehole/Tubewell,Hand Pump - India Mark,Well,Hand Pump,Lusaka,False,0,Chirundu,2019,5GMCVPFP+FM7
3.0,810.0,90189.22350972435,16342.686769365817,45.51198966065593,2200.0390025861484,15704.707670445332,-16.111042,28.722472,Borehole/Tubewell,,Well,,Lusaka,False,0,Chirundu,2021,5GMCVPQC+HXQ
4.0,793.0,89929.23583578592,16051.987790446045,434.80402668067205,2072.707337530923,15411.387716001393,-16.107667,28.7235,Borehole/Tubewell,Hand Pump - India Mark,Well,Hand Pump,Lusaka,False,0,Chirundu,2019,5GMCVPRF+WCJ
4.0,603.0,99955.1040965848,12863.512139708706,9000.013348654846,14361.360078555292,12570.96609878586,-16.146583,28.831367,Borehole/Tubewell,,Well,,Lusaka,False,0,Chirundu,2021,5GMCVR3J+9G9
0.0,495.0,85032.68139001448,17680.119985618756,973.4498217066248,3042.062682372158,17021.4338921148,-16.074333,28.692167,Borehole/Tubewell,Hand Pump - Afridev,Well,Hand Pump,Lusaka,False,0,Chirundu,2016,5GMCWMGR+7V7
3.0,1520.0,86883.90918422113,17189.02660933028,297.082212695438,1220.349526313685,16530.70814031642,-16.0882733,28.70176,Borehole/Tubewell,,Well,,Lusaka,False,0,Chirundu,2021,5GMCWP62+MPR
3.0,1570.0,86722.44048154078,17317.48646583821,446.0086557589218,1371.6289925451465,16658.874385158626,-16.0875,28.700167,Borehole/Tubewell,Hand Pump - India Mark,Well,Hand Pump,Lusaka,False,0,Chirundu,2019,5GMCWP72+233
2.0,1686.0,86636.35286081769,16810.79094068788,29.639403802167116,1559.7683839090537,16151.86064234458,-16.084333,28.704,Borehole/Tubewell,Hand Pump - India Mark,Well,Hand Pump,Lusaka,False,0,Chirundu,2018,5GMCWP83+7J6
2.0,611.0,85230.98649142448,16737.426163335695,36.214810511910855,3026.8395068261134,16078.872439144605,-16.0715,28.7005,Borehole/Tubewell,Hand Pump - India Mark,Well,Hand Pump,Lusaka,False,0,Chirundu,2018,5GMCWPH2+C62
4.0,347.0,91888.3182689414,2734.7304232184097,12947.43364529829,14692.518036050713,2205.685265002907,-16.051,28.835167,Borehole/Tubewell,,Well,,Lusaka,False,0,Chirundu,2020,5GMCWRXP+J33
3.0,35.0,69016.84434726852,30994.70018927095,58178.9365056552,8058.44068085148,10047.493168686928,-16.0053344,28.0700188,Borehole/Tubewell,,Well,,Southern,False,0,Mazabuka,2021,5GMCX3VC+V26
0.0,201.0,67408.60575005256,33769.39548760916,42397.066656325485,20236.54929582148,16019.584811440049,-16.02541,28.2987533,Borehole/Tubewell,,Well,,Southern,False,0,Chikankanta,2018,5GMCX7FX+RGJ
3.0,495.0,76053.88192499516,24769.10253379392,8024.051867667882,12273.527177407026,24120.827518203914,-16.0206667,28.6203333,Borehole/Tubewell,Hand Pump - India Mark,Well,Hand Pump,Lusaka,False,0,Chirundu,2018,5GMCXJHC+P4P
2.0,619.0,80658.50154279369,16244.081944939106,823.3884812384206,8386.231369084879,15594.386677396926,-16.022667,28.7,Borehole/Tubewell,Hand Pump - India Mark,Well,Hand Pump,Lusaka,False,0,Chirundu,2018,5GMCXPG2+W2J
0.0,2884.0,91012.87723477728,2279.5841709202623,13339.189852545009,14855.535015851705,1640.896842068513,-16.04234,28.83307,Borehole/Tubewell,,Well,,Lusaka,False,0,Chirundu,2018,5GMCXR5M+368
4.0,2074.0,89828.77172623701,3252.0264717065625,12758.99830034448,13995.282658428185,2598.5417487014925,-16.0376667,28.8216667,Borehole/Tubewell,Hand Pump - India Mark,Well,Hand Pump,Lusaka,False,0,Chirundu,2019,5GMCXR6C+WMM
0.0,529.0,88302.42050799375,4950.083930929648,11703.3824330397,12767.108366824366,4311.331926262859,-16.032956,28.805236,Borehole/Tubewell,,Well,,Lusaka,False,0,Chirundu,2018,5GMCXR84+R39
0.0,9935.0,90490.57191713476,1687.065352214321,14170.046841094198,15534.579127277944,1045.4235034865212,-16.033803,28.835829,Borehole/Tubewell,,Well,,Lusaka,False,0,Chirundu,2018,5GMCXR8P+F8G
4.0,3339.0,89199.43237769115,2918.540576467451,13745.660356360208,14810.000559638458,2258.488395083072,-16.027817,28.82455,Borehole/Tubewell,,Well,,Lusaka,False,0,Chirundu,2021,5GMCXRCF+VRF
0.0,11886.0,89684.76962119355,1890.7327080013931,14881.985161403423,16046.02633314154,1202.0694908859375,-16.024167,28.835767,Borehole/Tubewell,Hand Pump - India Mark,Well,Hand Pump,Lusaka,False,0,Chirundu,2016,5GMCXRGP+88J
5.0,10257.0,89557.46281405874,1946.5444471883409,15104.867619439909,16236.776869192145,1252.7338385175383,-16.022,28.8365,Borehole/Tubewell,Hand Pump - India Mark,Well,Hand Pump,Lusaka,False,0,Chirundu,2020,5GMCXRHP+6J2
5.0,8075.0,89226.1003233703,2278.07504171342,14899.66197078594,16141.494546797549,1582.8995545357309,-16.02,28.834167,Borehole/Tubewell,Hand Pump - India Mark,Well,Hand Pump,Lusaka,False,0,Chirundu,2020,5GMCXRJM+2M3
0.0,7092.0,89205.21321091597,2253.9108064482334,15119.212022945483,16415.99641093846,1553.2090863487444,-16.0181667,28.836,Borehole/Tubewell,Hand Pump - India Mark,Well,Hand Pump,Lusaka,False,0,Chirundu,2015,5GMCXRJP+PCJ
5.0,8257.0,89429.62772003298,2020.4405966480465,15475.416162588665,16727.222627478397,1312.8693814046485,-16.018,28.839333,Borehole/Tubewell,Hand Pump - India Mark,Well,Hand Pump,Lusaka,False,0,Chirundu,2020,5GMCXRJQ+RP4
5.0,686.0,88271.88619318068,3211.2967172566227,15139.972615217834,16959.10362389269,2309.8259524484333,-16.007833,28.834833,Borehole/Tubewell,Hand Pump - India Mark,Well,Hand Pump,Lusaka,False,0,Chirundu,2021,5GMCXRRM+VW8
3.0,1884.0,88914.7022849741,2682.9399123324,15834.109339748533,17440.31881145524,1554.7560883660324,-16.0096667,28.8416667,Borehole/Tubewell,Hand Pump - India Mark,Well,Hand Pump,Lusaka,False,0,Chirundu,2018,5GMCXRRR+4MM
3.0,66.0,85926.25503886318,5622.949006292128,12663.371875483586,15400.057760327514,4925.4069973811465,-16.001,28.8098333,Borehole/Tubewell,Hand Pump - India Mark,Well,Hand Pump,Lusaka,False,0,Chirundu,2018,5GMCXRX5+JW4
3.0,8414.0,90992.44491884708,1051.7297740461995,16511.953383667904,17913.704431411996,351.0378689250306,-16.023167,28.855167,Borehole/Tubewell,Hand Pump - India Mark,Well,Hand Pump,Lusaka,False,0,Chirundu,2018,5GMCXVG4+P3M
5.0,8414.0,91016.53906247164,1065.612220210886,16539.57456895909,17945.28902260985,383.9447629437714,-16.023167,28.8555,Borehole/Tubewell,Hand Pump - India Mark,Well,Hand Pump,Lusaka,False,0,Chirundu,2020,5GMCXVG4+P6J
1.0,95.0,283532.31408583245,73805.37731677848,58748.00138461026,80933.9235263343,20686.641268085743,-15.631722,22.46969,Borehole/Tubewell,Hand Pump - India Mark,Well,Hand Pump,Western,False,0,Sikongo,2016,5GP49F99+8V8
1.0,117.0,251128.69651558477,30975.12292411978,32526.607475343688,40831.31845002794,1038.0273881250018,-15.61923,22.97279,Borehole/Tubewell,Hand Pump - India Mark,Well,Hand Pump,Western,False,0,Nalolo,2018,5GP49XJF+843
0.0,0.0,293868.78116567625,72313.63914193655,59447.36227626072,86996.14056581554,13568.137332602251,-15.58355556,22.38180556,Borehole/Tubewell,Hand Pump,Well,Hand Pump,Western,False,0,Sikongo,2016,5GP4C98J+HPF
1.0,253.0,253204.8573170263,30990.5487528402,31910.117036202813,38973.80316970081,1833.2728485602868,-15.5986725,22.969759,Borehole/Tubewell,Hand Pump - Afridev,Well,Hand Pump,Western,False,0,Nalolo,2018,5GP4CX29+GWJ
2.0,338.0,263815.3583419978,36358.63077278434,33642.555749472434,35066.342727496834,779.975349928639,-15.517354,22.917331,Borehole/Tubewell,Hand Pump - India Mark,Well,Hand Pump,Western,False,0,Kalabo,2017,5GP4FWM8+3W4
2.0,0.0,266063.361097726,31606.615005900705,28545.709371988352,30399.40042795487,4315.599783483957,-15.4792,22.939611,Borehole/Tubewell,Hand Pump - India Mark,Well,Hand Pump,Western,False,0,Mongu,2018,5GP4GWCQ+8RH
2.0,157.0,264528.9555430468,30396.862958309768,27746.07286882813,29033.75087964087,6076.979231932141,-15.482466,22.961071,Borehole/Tubewell,Hand Pump - India Mark,Well,Hand Pump,Western,False,0,Mongu,2018,5GP4GX96+2C8
3.0,157.0,264633.70149840007,30342.62276525921,27674.475232273053,28987.096626176208,6086.835956219598,-15.481566,22.960714,Borehole/Tubewell,Hand Pump - India Mark,Well,Hand Pump,Western,False,0,Mongu,2018,5GP4GX96+97G
2.0,84.0,266386.22007306706,29110.662834292627,25536.95768365984,27879.79597435651,6835.302820253936,-15.464679,22.957774,Borehole/Tubewell,Hand Pump - India Mark,Well,Hand Pump,Western,False,0,Mongu,2018,5GP4GXP5+44C
1.0,354.0,311466.03508324176,61091.79675782422,52377.64719682904,88372.7525035146,4245.92493723844,-15.424731,22.317516,Borehole/Tubewell,Hand Pump - India Mark,Well,Hand Pump,Western,False,0,Sikongo,2016,5GP4H8G9+422
2.0,239.0,292171.16077315866,48470.785307219376,32331.90038240884,59462.257829005095,7958.586930833429,-15.42625,22.595132,Borehole/Tubewell,Hand Pump - India Mark,Well,Hand Pump,Western,False,0,Kalabo,2017,5GP4HHFW+G32
1.0,195.0,286022.3928091073,45374.386778672095,25444.209108525265,45430.39364049416,5187.47480199043,-15.402232,22.72447,Borehole/Tubewell,Hand Pump - India Mark,Well,Hand Pump,Western,False,0,Kalabo,2016,5GP4HPXF+4Q5
2.0,52.0,269513.0133843915,30128.25794804673,25612.368742541534,29007.17168736377,4709.438378920302,-15.4493,22.928226,Borehole/Tubewell,Hand Pump - India Mark,Well,Hand Pump,Western,False,0,Mongu,2018,5GP4HW2H+77Q
1.0,716.0,197499.38162192277,14172.232828717666,1543.9394586542917,78426.7578756812,3348.8743145605627,-15.97772222,23.32327778,Borehole/Tubewell,Hand Pump - India Mark,Well,Hand Pump,Western,False,0,Senanga,2014,5GP528CF+W86
2.0,91.0,268273.5659174301,27513.9107300938,23582.136591454902,26426.0659461134,7778.803352536921,-15.44478,22.95751,Borehole/Tubewell,Hand Pump - India Mark,Well,Hand Pump,Western,False,0,Mongu,2018,5GP4HX45+32J
2.0,97.0,270106.06165598345,25715.440672918816,21429.18103631752,24600.58851047057,9060.658897837948,-15.423896,22.95998,Borehole/Tubewell,Hand Pump,Well,Hand Pump,Western,False,0,Mongu,2018,5GP4HXG5+CXX
2.0,109.0,270554.70716257097,25770.342012294637,21341.3019178289,24643.59145778388,8928.773377417963,-15.421091,22.956692,Borehole/Tubewell,Hand Pump - India Mark,Well,Hand Pump,Western,False,0,Mongu,2018,5GP4HXH4+HM8
3.0,97.0,270292.2256620523,25564.224340742265,21236.54826291165,24445.28311442739,9179.796632291936,-15.421905,22.960017,Borehole/Tubewell,Hand Pump - India Mark,Well,Hand Pump,Western,False,0,Mongu,2018,5GP4HXH6+62J
0.0,427.0,284317.784273488,34195.375276802304,17811.614763937305,32905.9885467713,7275.093978723963,-15.3513033,22.8302417,Borehole/Tubewell,Hand Pump - India Mark,Well,Hand Pump,Western,False,0,Kalabo,2017,5GP4JRXJ+F3H
2.0,6.0,273799.1431977405,25707.050941282552,20103.86380571405,24508.298441010906,8810.303156854361,-15.397488,22.938556,Borehole/Tubewell,Hand Pump,Well,Hand Pump,Western,False,0,Mongu,2018,5GP4JW3Q+2C3
2.0,78.0,275796.71127266856,25058.464473430588,18188.285069633308,23825.15960603352,9911.516334717167,-15.379124,22.933872,Borehole/Tubewell,Hand Pump,Well,Hand Pump,Western,False,0,Mongu,2018,5GP4JWCM+9G5
2.0,48.0,278017.08151968586,23818.343989403176,15563.18394789595,22553.83894554281,12089.3029437769,-15.35539,22.93437,Borehole/Tubewell,Hand Pump - India Mark,Well,Hand Pump,Western,False,0,Mongu,2018,5GP4JWVM+RPX
1.0,202.0,312906.67681677744,45988.60432204336,37662.322126635765,76446.17345213368,8923.539405918224,-15.325792,22.415419,Borehole/Tubewell,Hand Pump - India Mark,Well,Hand Pump,Western,False,0,Sikongo,2016,5GP4MCF8+M5M
1.0,246.0,295176.2972933653,35976.99792486243,17031.690521036544,46202.38294950983,4351.594573218292,-15.3194,22.6977283,Borehole/Tubewell,Hand Pump - Afridev,Well,Hand Pump,Western,False,0,Kalabo,2018,5GP4MMJX+63X
1.0,246.0,290103.67013787257,39447.12357848753,18896.61540652967,41968.231503108014,57.24410750808647,-15.3454767,22.741965,Borehole/Tubewell,Hand Pump - India Mark,Well,Hand Pump,Western,False,0,Kalabo,2018,5GP4MP3R+RQ4
2.0,297.0,291446.2098123803,36256.63837920414,13668.910514712918,37293.2953237506,4277.77921649688,-15.306386,22.779691,Borehole/Tubewell,Hand Pump - India Mark,Well,Hand Pump,Western,False,0,Kalabo,2018,5GP4MQVH+CVW
2.0,297.0,291490.49208961945,36211.71598185983,13631.725351767922,37305.98739180004,4258.174481071252,-15.30601,22.77953,Borehole/Tubewell,Hand Pump - India Mark,Well,Hand Pump,Western,False,0,Kalabo,2018,5GP4MQVH+HRR
0.0,507.0,285481.15449631994,34426.52512967229,17210.03703996033,33135.59827360892,7315.877683659938,-15.34181,22.82542,Borehole/Tubewell,Hand Pump - Afridev,Well,Hand Pump,Western,False,0,Kalabo,2017,5GP4MR5G+75F
3.0,340.0,286080.1524548637,34474.421432673524,16653.199104568765,33183.286309975745,7457.244419697359,-15.33648,22.823655,Borehole/Tubewell,Hand Pump - India Mark,Well,Hand Pump,Western,False,0,Kalabo,2018,5GP4MR7F+CF2
2.0,84.0,279752.42372485244,23977.70198323164,14010.177402795707,22697.290005976916,13069.698526227545,-15.341444,22.92691,Borehole/Tubewell,Hand Pump - India Mark,Well,Hand Pump,Western,False,0,Mongu,2018,5GP4MW5G+CQF
2.0,12.0,282234.0539942941,22538.55070878825,12815.351608710916,21247.425801402296,16232.585019204038,-15.31241,22.932,Borehole/Tubewell,Hand Pump,Well,Hand Pump,Western,False,0,Mongu,2018,5GP4MWQJ+2RJ
1.0,50.0,,26864.03789690965,13195.435616542438,53865.08236562769,5257.5416104509495,-15.232968,22.624817,Borehole/Tubewell,Hand Pump - India Mark,Well,Hand Pump,Western,False,0,Kalabo,2016,5GP4QJ8F+RW8
3.0,108.0,,23114.405946852206,5602.4942582906215,46754.18201223401,549.5528984116457,-15.202984,22.695052,Borehole/Tubewell,Hand Pump - India Mark,Well,Hand Pump,Western,False,0,Kalabo,2018,5GP4QMWW+R23
3.0,195.0,,27992.490223558165,6165.937779586569,38907.618546606944,1438.062887603169,-15.232392,22.76466,Borehole/Tubewell,Hand Pump - India Mark,Well,Hand Pump,Western,False,0,Kalabo,2018,5GP4QQ97+2VV
4.0,470.0,,25808.87350439064,4518.877184907594,40320.35815018344,597.7585130654758,-15.215252,22.753684,Borehole/Tubewell,Hand Pump - India Mark,Well,Hand Pump,Western,False,0,Kalabo,2018,5GP4QQM3+VFV
0.0,268.0,,28694.70652799902,5308.641557688344,27478.465720846776,12779.577373397902,-15.2387,22.871,Borehole/Tubewell,Hand Pump - India Mark,Well,Hand Pump,Western,False,0,Mongu,2017,5GP4QV6C+GCC
2.0,291.0,,29821.691674919228,5205.899073436377,28619.93270007263,11702.569384340975,-15.22913,22.86167,Borehole/Tubewell,Hand Pump,Well,Hand Pump,Western,False,0,Mongu,2018,5GP4QVC6+8MV
1.0,166.0,,20501.518111206457,12069.589763099377,58907.99176887394,11859.398004079556,-15.16025,22.58822222,Borehole/Tubewell,Hand Pump,Well,Hand Pump,Western,False,0,Kalabo,2014,5GP4RHQQ+W75
1.0,14.0,,20521.399059035768,11346.310280489208,56781.57838815269,9681.012899380436,-15.16838889,22.60669444,Borehole/Tubewell,Hand Pump,Well,Hand Pump,Western,False,0,Kalabo,2014,5GP4RJJ4+JMW
1.0,166.0,,19905.292418192173,6953.748731177607,51267.47547177899,4553.291559212977,-15.174201,22.657851,Borehole/Tubewell,Hand Pump - India Mark,Well,Hand Pump,Western,False,0,Kalabo,2016,5GP4RMG5+849
5.0,391.0,,20460.310689572536,888.4717455314671,43765.58577045221,205.81506165430272,-15.171906,22.730068,Borehole/Tubewell,Hand Pump,Well,Hand Pump,Western,False,0,Kalabo,2018,5GP4RPHJ+62P
2.0,297.0,,13100.224405577454,4241.3055426296905,55366.66858918408,10652.729158958364,-15.107746,22.63724,Borehole/Tubewell,Hand Pump,Well,Hand Pump,Western,False,0,Kalabo,2014,5GP4VJRP+WV5
2.0,398.0,,12835.314827178654,4218.043614872653,55781.71003517674,11117.935433539997,-15.10427778,22.63438889,Borehole/Tubewell,Hand Pump,Well,Hand Pump,Western,False,0,Kalabo,2014,5GP4VJWM+7QJ
5.0,188.0,,17007.34347178031,469.4389979185467,45724.03133482117,1854.81324736399,-15.14227778,22.71994444,Borehole/Tubewell,Hand Pump,Well,Hand Pump,Western,False,0,Kalabo,2018,5GP4VP59+3XP
5.0,289.0,,14769.558884295227,671.6321783693797,47278.25759476488,4051.949435175994,-15.12366667,22.71125,Borehole/Tubewell,Hand Pump,Well,Hand Pump,Western,False,0,Kalabo,2018,5GP4VPG6+GGJ
6.0,289.0,,13365.43192150278,769.3314489295919,48093.44051546406,5456.165753437375,-15.111396,22.707916,Borehole/Tubewell,Hand Pump,Well,Hand Pump,Western,False,0,Kalabo,2018,5GP4VPQ5+C5V
6.0,362.0,,12545.020530451737,650.324824961541,48828.73427982984,6285.03802210314,-15.10494444,22.70319444,Borehole/Tubewell,Hand Pump,Well,Hand Pump,Western,False,0,Kalabo,2018,5GP4VPW3+27G
6.0,347.0,,12430.624961361773,657.2826529422811,48927.62735736397,6401.817450628262,-15.10402778,22.70258333,Borehole/Tubewell,Hand Pump,Well,Hand Pump,Western,False,0,Kalabo,2018,5GP4VPW3+92P
6.0,384.0,,12190.426217580034,676.5278293831134,49140.25259910993,6648.383355454293,-15.10211111,22.70125,Borehole/Tubewell,Hand Pump,Well,Hand Pump,Western,False,0,Kalabo,2018,5GP4VPX2+5G2
2.0,362.0,,19326.24544985228,7177.411612376369,38473.583137907546,8929.220604372169,-15.117326,22.802884,Borehole/Tubewell,Hand Pump - India Mark,Well,Hand Pump,Western,False,0,Kalabo,2017,5GP4VRM3+356
2.0,36.0,,11823.34663124035,2783.0967341392584,54736.46447314877,10422.996157710297,-15.098453,22.64687,Borehole/Tubewell,Hand Pump,Well,Hand Pump,Western,False,0,Kalabo,2014,5GP4WJ2W+JP9
2.0,671.0,,16100.116365717551,9980.836915365006,41217.54941357367,10593.170630970826,-15.087489,22.790167,Borehole/Tubewell,Hand Pump - India Mark,Well,Hand Pump,Western,False,0,Kalabo,2017,5GP4WQ7R+233
3.0,862.0,,47158.85007053075,44749.985034098376,94550.32871459384,43.67132742766876,-15.02044444,22.23683333,Borehole/Tubewell,Hand Pump,Well,Hand Pump,Western,False,0,Sikongo,2015,5GP4X6HP+RPG
1.0,90.0,222030.1996948603,43088.254431010464,36737.96606327825,63705.136639386976,13013.429860877475,-15.59052,23.65853,Borehole/Tubewell,Hand Pump - India Mark,Well,Hand Pump,Western,False,0,Mongu,2015,5GP5CM55+QCR
3.0,801.0,,46495.88860226258,44075.88777540303,95219.13406743988,56.87400605438745,-15.02119444,22.24305556,Borehole/Tubewell,Hand Pump,Well,Hand Pump,Western,False,0,Sikongo,2015,5GP4X6HV+G6F
4.0,427.0,,4641.848759284261,683.7710951873656,55956.4734688064,4713.997211241087,-15.03552778,22.66325,Borehole/Tubewell,Hand Pump,Well,Hand Pump,Western,False,0,Kalabo,2016,5GP4XM77+Q8J
4.0,405.0,,4257.036775523026,251.4662953477251,56356.57788718591,3790.063742773184,-15.03130556,22.66133333,Borehole/Tubewell,Hand Pump,Well,Hand Pump,Western,False,0,Kalabo,2016,5GP4XM96+FGG
1.0,426.0,197117.759909858,13597.614505118168,1659.0605783280682,78920.44349477022,3225.8886699171494,-15.98272222,23.32161111,Borehole/Tubewell,Hand Pump - India Mark,Well,Hand Pump,Western,False,0,Senanga,2014,5GP5288C+WJ9
6.0,648.0,197803.1172791508,14793.951453134245,1381.050145625391,77963.73463719014,3016.5348939758023,-15.97258056,23.32661944,Borehole/Tubewell,Hand Pump - India Mark,Well,Hand Pump,Western,False,0,Senanga,2018,5GP528GG+XJ9
2.0,302.0,199204.98069228983,16134.469052217706,2319.094171716837,76501.7895703059,2842.33506424737,-15.95977778,23.32325,Borehole/Tubewell,Hand Pump,Well,Hand Pump,Western,False,0,Senanga,2014,5GP528RF+38J
5.0,442.0,202226.25197598024,18662.220338411145,2965.1282107949305,73564.22723934018,3192.7226815582303,-15.93563889,23.31,Borehole/Tubewell,Hand Pump,Well,Hand Pump,Western,False,0,Senanga,2017,5GP53876+P2R
1.0,451.0,202697.0274355872,18802.805065764293,3569.322802576803,73254.77581529602,3741.3380601940457,-15.93419444,23.30391667,Borehole/Tubewell,Hand Pump,Well,Hand Pump,Western,False,0,Senanga,2014,5GP53883+8HF
2.0,495.0,202449.2733229941,18883.724453722876,2976.5191204102894,73332.26038363653,3166.387048683999,-15.93361111,23.30945,Borehole/Tubewell,Hand Pump,Well,Hand Pump,Western,False,0,Senanga,2014,5GP53885+HQ4
6.0,112.0,193970.0154321155,25833.085890953607,13278.140807349757,79512.88325884636,12719.273088369886,-15.93639,23.469716,Borehole/Tubewell,Hand Pump,Well,Hand Pump,Western,False,0,Senanga,2018,5GP53F79+CVW
8.0,229.0,197335.17794835285,28769.049376179213,13901.577335186965,76163.88638244694,14205.2506280106,-15.901973,23.470853,Borehole/Tubewell,Hand Pump,Well,Hand Pump,Western,False,0,Senanga,2018,5GP53FXC+689
3.0,289.0,207834.81244634665,24446.42859467314,2667.567174396786,67645.03711198801,5569.873822652325,-15.8832,23.29885,Borehole/Tubewell,Hand Pump,Well,Hand Pump,Western,False,0,Senanga,2014,5GP5478X+PGH
4.0,269.0,207010.2777582457,23658.7270658214,2923.513469994084,68477.56504867901,4819.440896881707,-15.8903,23.30155,Borehole/Tubewell,Hand Pump,Well,Hand Pump,Western,False,0,Senanga,2015,5GP54852+VJM
4.0,535.0,209842.05584512933,27185.253789522358,1177.808292777491,65183.95804815924,7419.778286656839,-15.85846,23.30571,Borehole/Tubewell,Hand Pump,Well,Hand Pump,Western,False,0,Senanga,2015,5GP548R4+H6G
4.0,221.0,201151.362624146,32502.90234185289,14681.622807382557,72455.23674454512,16136.493646469447,-15.86224,23.4741,Borehole/Tubewell,Hand Pump,Well,Hand Pump,Western,False,0,Senanga,2014,5GP54FQF+4J5
1.0,298.0,214022.21421791703,27774.61405323056,2130.771752658532,60760.23898936406,11761.759162545462,-15.818782,23.298963,Borehole/Tubewell,Hand Pump - India Mark,Well,Hand Pump,Western,False,0,Senanga,2015,5GP557JX+FHP
7.0,261.0,202108.95522194527,34907.990797976905,16732.269342171425,71701.1949299919,18356.837485371343,-15.84591,23.48917,Borehole/Tubewell,Hand Pump,Well,Hand Pump,Western,False,0,Senanga,2018,5GP55F3Q+JMM
4.0,96.0,205484.0783211868,36663.75839150007,17082.31848385992,68607.93513807822,20797.674598325324,-15.810419,23.493778,Borehole/Tubewell,Hand Pump,Well,Hand Pump,Western,False,0,Senanga,2015,5GP55FQV+RGJ
4.0,92.0,205623.73116582516,36621.088355145424,17246.1379791723,68506.45428551131,21079.84183772604,-15.80831,23.49546,Borehole/Tubewell,Hand Pump,Well,Hand Pump,Western,False,0,Senanga,2015,5GP55FRW+M5G
5.0,334.0,217484.17777889135,23862.6456466626,3173.5552797870214,56952.58361197279,15562.734924613802,-15.78280556,23.29938889,Borehole/Tubewell,Hand Pump,Well,Hand Pump,Western,False,0,Senanga,2018,5GP5678X+VQC
1.0,302.0,218188.5755810208,23200.782735177487,3338.766594016917,56268.401212146775,16240.104109864737,-15.77733,23.296028,Borehole/Tubewell,Hand Pump,Well,Hand Pump,Western,False,0,Senanga,2015,5GP567FW+3C6
9.0,225.0,219298.19700032176,21993.06727137359,2992.872363289536,55081.78522427533,17435.677329049795,-15.76639722,23.2951,Borehole/Tubewell,Hand Pump,Well,Hand Pump,Western,False,0,Senanga,2018,5GP567MW+C2X
3.0,189.0,220513.36452350297,20717.82888109214,2631.413276096673,53814.14642564372,18708.698159461765,-15.755077,23.29287,Borehole/Tubewell,Hand Pump - India Mark,Well,Hand Pump,Western,False,0,Senanga,2017,5GP567VV+X49
5.0,161.0,215516.9890504083,25840.14468839041,2575.3789303645003,58947.06238079955,13574.551747940515,-15.79986111,23.30544444,Borehole/Tubewell,Hand Pump,Well,Hand Pump,Western,False,0,Senanga,2018,5GP56824+354
1.0,165.0,214636.13309370304,26270.47372624576,1115.1473902340206,59511.06617256616,13261.4960605687,-15.79986111,23.32263889,Borehole/Tubewell,Hand Pump - India Mark,Well,Hand Pump,Western,False,0,Senanga,2014,5GP5682F+332
5.0,165.0,208570.4922655056,36144.54776282528,20988.40318675964,66607.11502182082,26713.26654268087,-15.765772,23.52798,Borehole/Tubewell,Hand Pump - India Mark,Well,Hand Pump,Western,False,0,Senanga,2018,5GP56GMH+M5X
8.0,351.0,223485.83707463284,18773.078333858622,4998.875388161878,51392.42468510976,21235.902037751992,-15.74063,23.26239,Borehole/Tubewell,Hand Pump,Well,Hand Pump,Western,False,0,Senanga,2017,5GP57756+PXR
7.0,92.0,210117.2217104915,36480.708584237946,23576.223917205527,65927.27894384999,29957.389856118967,-15.742897,23.547671,Borehole/Tubewell,Hand Pump,Well,Hand Pump,Western,False,0,Senanga,2017,5GP57G4X+R3V
2.0,117.0,211489.06529193305,36482.06310608822,25147.974687006805,65187.08359277844,32029.79446476837,-15.725689,23.557801,Borehole/Tubewell,Hand Pump - India Mark,Well,Hand Pump,Western,False,0,Senanga,2017,5GP57HF5+P4F
13.0,122.0,205529.32873290588,52254.3671169448,41586.37810477466,77753.12816275452,28806.389148010687,-15.72923,23.7165,Borehole/Tubewell,Hand Pump,Well,Hand Pump,Western,False,0,Mongu,2017,5GP57PC8+8J2
5.0,167.0,205386.39914506912,52955.38439452321,42361.95525270426,78299.03639366757,28873.69809226609,-15.72846,23.72371,Borehole/Tubewell,Hand Pump,Well,Hand Pump,Western,False,0,Mongu,2017,5GP57PCF+JF8
1.0,165.0,245542.86310618295,27085.15789942357,29076.226006807054,42119.18501127289,3718.063667950591,-15.65052778,23.0184166,Borehole/Tubewell,Hand Pump,Well,Hand Pump,Western,False,0,Nalolo,2014,5GP582X9+Q9M
8.0,482.0,228986.0526997532,12177.93375395611,3350.027580646274,45179.64026716779,24432.054275169343,-15.68049722,23.26917972,Borehole/Tubewell,Hand Pump,Well,Hand Pump,Western,False,0,Nalolo,2017,5GP58799+RM3
4.0,826.0,227829.5072210889,12583.258386872558,285.15772668601056,45895.5921707833,24010.20325382997,-15.67783333,23.29763889,Borehole/Tubewell,Hand Pump - India Mark,Well,Hand Pump,Western,False,0,Nalolo,2017,5GP587CX+V36
4.0,809.0,227045.8367541068,13305.496833695526,492.3544952285649,46614.66025766721,24471.19105668132,-15.68172222,23.30580556,Borehole/Tubewell,Hand Pump - India Mark,Well,Hand Pump,Western,False,0,Senanga,2017,5GP58894+887
7.0,619.0,227574.42026507985,12752.051787981249,769.5609007547085,46046.236835705975,23797.906861611984,-15.67554,23.30745,Borehole/Tubewell,Hand Pump,Well,Hand Pump,Western,False,0,Nalolo,2017,5GP588F4+QXP
8.0,345.0,227042.36673869303,13373.740828909553,2525.86135925408,46460.88046588154,23570.31355030521,-15.671603,23.326488,Borehole/Tubewell,Hand Pump,Well,Hand Pump,Western,False,0,Nalolo,2017,5GP588HG+9H5
8.0,169.0,224195.5477531973,16787.61408013147,6487.543742374595,49327.927304424105,25621.543644571004,-15.682773,23.36321,Borehole/Tubewell,Hand Pump,Well,Hand Pump,Western,False,0,Senanga,2017,5GP58987+V7W
12.0,241.0,224578.42143583947,16261.37832861029,5837.055980568544,48923.873579229534,25346.394573472742,-15.68193,23.35682,Borehole/Tubewell,Hand Pump - India Mark,Well,Hand Pump,Western,False,0,Senanga,2018,5GP58994+6PG
8.0,644.0,229187.2340587482,15501.810077238202,8356.690631242802,45009.36328598152,18572.303492351955,-15.619504,23.392919,Borehole/Tubewell,Hand Pump,Well,Hand Pump,Western,False,0,Nalolo,2017,5GP599JV+55V
0.0,7535.0,240133.77317777887,288.8575170463648,2178.927551859816,33478.02875346744,12734.016448518494,-15.5716453,23.2599197,Borehole/Tubewell,Hand Pump - India Mark,Well,Hand Pump,Western,False,0,Nalolo,2017,5GP5C7H5+8XV
3.0,253.0,239798.9290613021,3775.585707070667,1097.5414437035636,33698.17530424034,10990.985203205511,-15.560182,23.290665,Borehole/Tubewell,Hand Pump - India Mark,Well,Hand Pump,Western,False,0,Nalolo,2017,5GP5C7QR+W7F
8.0,839.0,237043.3644074615,5719.667358358849,1209.8136645269476,36491.34726975019,13151.011795482673,-15.578738,23.310031,Borehole/Tubewell,Hand Pump,Well,Hand Pump,Western,False,0,Nalolo,2017,5GP5C8C6+G22
8.0,683.0,236807.7955029364,6337.904797663492,1699.8157730924634,36764.13642359559,13199.061299846966,-15.578352,23.315906,Borehole/Tubewell,Hand Pump - India Mark,Well,Hand Pump,Western,False,0,Nalolo,2017,5GP5C8C8+M92
8.0,673.0,236979.50207892872,6678.993654759611,2230.2517160662437,36634.121094614085,12902.620176732742,-15.574991,23.319435,Borehole/Tubewell,Hand Pump - India Mark,Well,Hand Pump,Western,False,0,Nalolo,2017,5GP5C8G9+2Q3
8.0,409.0,236307.67941216615,8242.791395227754,3373.733934194725,37445.9069523884,13300.984564259676,-15.57499,23.33404,Borehole/Tubewell,Hand Pump - India Mark,Well,Hand Pump,Western,False,0,Nalolo,2017,5GP5C8GM+2J3
5.0,231.0,225452.1823088499,39593.57801357631,33503.895417131,59461.83442639832,11321.241166622744,-15.56798611,23.62641667,Borehole/Tubewell,Hand Pump - India Mark,Well,Hand Pump,Western,False,0,Mongu,2018,5GP5CJJG+RH3
2.0,0.0,247017.56435740803,7918.982646182673,7254.516979881051,27563.35610473211,10905.721630948849,-15.53494,23.19356,Borehole/Tubewell,Hand Pump,Well,Hand Pump,Western,False,0,Nalolo,2014,5GP5F58V+2CF
3.0,331.0,247924.26605916067,7606.876723869044,2811.5815372592265,25730.44637282199,7086.061014167111,-15.50881,23.227185,Borehole/Tubewell,Hand Pump - India Mark,Well,Hand Pump,Western,False,0,Nalolo,2017,5GP5F6RG+FVF
3.0,292.0,237586.46563824525,17663.446644716703,13480.044352775572,38747.16129645769,8276.102670630069,-15.52711,23.415599,Borehole/Tubewell,Hand Pump - India Mark,Well,Hand Pump,Western,False,0,Nalolo,2017,5GP5FCF8+56P
5.0,57.0,230297.89454521463,41341.24548591986,35862.968710329995,57913.05064093522,5656.638198953796,-15.51822222,23.63880556,Borehole/Tubewell,Hand Pump,Well,Hand Pump,Western,False,0,Mongu,2018,5GP5FJJQ+PG7
1.0,38.0,236534.49638547265,39275.64214534893,34619.67064719462,52579.83180972812,1582.3083746407733,-15.468597,23.607797,Borehole/Tubewell,Hand Pump - India Mark,Well,Hand Pump,Western,False,0,Mongu,2015,5GP5GJJ5+H47
5.0,154.0,237225.70588245708,40152.049711460415,35586.69252452498,52809.142205219614,655.2918782950555,-15.46025,23.61366667,Borehole/Tubewell,Hand Pump,Well,Hand Pump,Western,False,0,Mongu,2018,5GP5GJQ7+WF3
5.0,70.0,231829.0265415688,43038.960565581314,37761.258902523165,58289.14821643588,3409.632851172986,-15.49991667,23.65171944,Borehole/Tubewell,Hand Pump,Well,Hand Pump,Western,False,0,Mongu,2018,5GP5GM22+2MQ
5.0,102.0,232369.4957758504,43486.51798522881,38276.196491659255,58318.63946812239,2672.5793338886133,-15.493928,23.65477,Borehole/Tubewell,Hand Pump,Well,Hand Pump,Western,False,0,Mongu,2018,5GP5GM43+CWC
5.0,218.0,232784.72736597864,43813.66611658039,38654.14725373099,58330.939115105626,2124.439299099992,-15.48938889,23.65691667,Borehole/Tubewell,Hand Pump,Well,Hand Pump,Western,False,0,Mongu,2018,5GP5GM64+6QV
7.0,141.0,234120.09958112537,45506.16992493095,40505.57827959148,58893.84792779656,178.37390110290977,-15.473287,23.669297,Borehole/Tubewell,Hand Pump,Well,Hand Pump,Western,False,0,Mongu,2018,5GP5GMG9+MPM
4.0,154.0,234836.0187007502,44358.7752105536,39447.68975341873,57567.12642945041,104.47036046705884,-15.469921,23.657386,Borehole/Tubewell,Hand Pump - India Mark,Well,Hand Pump,Western,False,0,Mongu,2018,5GP5GMJ4+2XJ
4.0,135.0,234740.8091246473,47262.12888928544,42327.93015831753,59960.68142523967,2026.484646283838,-15.46349,23.683616,Borehole/Tubewell,Hand Pump - India Mark,Well,Hand Pump,Western,False,0,Mongu,2018,5GP5GMPM+JC5
1.0,302.0,231516.71767115287,50715.73775028827,45431.23827191938,64528.12858040688,5878.866958844198,-15.483674,23.721355,Borehole/Tubewell,Hand Pump - India Mark,Well,Hand Pump,Western,False,0,Mongu,2015,5GP5GP8C+GGQ
2.0,141.0,233035.2279160944,55901.66112369087,50759.95068627522,68127.00970827225,10601.7111051496,-15.458679,23.765278,Borehole/Tubewell,Hand Pump - India Mark,Well,Hand Pump,Western,False,0,Mongu,2017,5GP5GQR8+G4C
1.0,244.0,232696.1054524578,60982.938692020325,55792.84376353558,72742.26273949404,15692.63309214474,-15.45133,23.8121067,Borehole/Tubewell,Hand Pump - India Mark,Well,Hand Pump,Western,False,0,Mongu,2017,5GP5GRX6+FR9
11.0,263.0,249927.49021503652,15826.469530376742,9804.782288279386,25321.878597778443,236.75198184438383,-15.4437933,23.324635,Borehole/Tubewell,Hand Pump,Well,Hand Pump,Western,False,0,Nalolo,2017,5GP5H84F+FVJ
11.0,185.0,249901.3118607171,17346.703627095958,11719.174990595351,26120.87091400012,202.98659487897447,-15.43699722,23.34111944,Borehole/Tubewell,Hand Pump,Well,Hand Pump,Western,False,0,Nalolo,2017,5GP5H87R+6C5
12.0,126.0,250106.22406941725,17736.49635018465,12042.37588351858,26084.629448429678,53.206537970568895,-15.43409972,23.34319722,Borehole/Tubewell,Hand Pump,Well,Hand Pump,Western,False,0,Nalolo,2018,5GP5H88V+978
5.0,115.0,236110.41279869695,50305.90547808851,45504.57685054783,61736.405433972046,5351.27586779576,-15.444278,23.707563,Borehole/Tubewell,Hand Pump,Well,Hand Pump,Western,False,0,Mongu,2018,5GP5HP45+72P
1.0,212.0,233111.78794693705,61410.61718753249,56253.8252832659,72931.20150316562,16097.227019116192,-15.44684,23.81514,Borehole/Tubewell,Hand Pump - India Mark,Well,Hand Pump,Western,False,0,Mongu,2017,5GP5HR38+736
1.0,1644.0,261451.01557565396,14775.84049605466,636.0319331400867,12039.23164711941,6852.533195737099,-15.387271,23.196054,Borehole/Tubewell,Hand Pump - India Mark,Well,Hand Pump,Western,False,0,Mongu,2016,5GP5J57W+3CV
1.0,165.0,264352.9712666945,11946.714203200834,1620.7774342291225,9192.553711262224,9849.003707809345,-15.36835,23.17453,Borehole/Tubewell,Hand Pump - India Mark,Well,Hand Pump,Western,False,0,Mongu,2016,5GP5J5JF+MR6
1.0,189.0,266320.45179200766,9948.885883113717,1188.8159854446633,7195.524900310888,7699.419907553362,-15.350831,23.169692,Borehole/Tubewell,Hand Pump - India Mark,Well,Hand Pump,Western,False,0,Mongu,2016,5GP5J5X9+MV8
9.0,90.0,245024.4813870204,43603.28331569781,40063.87540284053,50553.17903790451,7580.382046794381,-15.38583,23.61595,Borehole/Tubewell,Hand Pump - India Mark,Well,Hand Pump,Western,False,0,Mongu,2018,5GP5JJ78+M98
2.0,193.0,267280.3560440381,8987.275531832103,1113.4886678582031,6233.726187579826,6920.192071227173,-15.342801,23.166258,Borehole/Tubewell,Hand Pump - India Mark,Well,Hand Pump,Western,False,0,Mongu,2017,5GP5M548+VGC
10.0,90.0,255800.2449220696,31328.71241126316,24487.690554724795,30204.220913138604,8613.186677781327,-15.343814,23.431438,Borehole/Tubewell,Hand Pump,Well,Hand Pump,Western,False,0,Mongu,2014,5GP5MC4J+FHG
1.0,109.0,243564.3008525508,78491.07419255024,73949.40468537375,84628.09561406155,30706.11943728918,-15.3279,23.94433,Borehole/Tubewell,Hand Pump - India Mark,Well,Hand Pump,Western,False,0,Mongu,2018,5GP5MWCV+RPW
1.0,0.0,275346.3539375375,3433.246240276247,2633.6661492607595,2378.4764027498422,3314.178445074677,-15.28738888,23.1125555,Borehole/Tubewell,Hand Pump,Well,Hand Pump,Western,False,0,Mongu,2014,5GP5P477+22V
9.0,0.0,,41922.112576969295,37594.91423402576,39706.87055636424,327.78945548080355,-15.252,23.52649722,Borehole/Tubewell,Hand Pump - India Mark,Well,Hand Pump,Western,False,0,Mongu,2018,5GP5PGXG+6H5
10.0,315.0,257046.3927099777,52071.59859475788,47276.21801426188,50639.75157664754,7158.71481914165,-15.268936,23.629241,Borehole/Tubewell,Hand Pump - India Mark,Well,Hand Pump,Western,False,0,Mongu,2018,5GP5PJJH+CMH
10.0,154.0,256698.6037457913,53111.48067540387,48502.88072674372,51978.90055240867,7528.748870828187,-15.268838,23.641709,Borehole/Tubewell,Hand Pump - India Mark,Well,Hand Pump,Western,False,0,Mongu,2018,5GP5PJJR+FM8
9.0,0.0,259099.5772902054,50491.48092893159,45557.15171664495,48248.64553091567,5084.346965887838,-15.25594,23.60644,Borehole/Tubewell,Hand Pump - India Mark,Well,Hand Pump,Western,False,0,Mongu,2018,5GP5PJV4+JHG
2.0,279.0,,13633.124654864729,522.7690261207779,12569.163814825764,13288.162379599851,-15.224769,23.017271,Borehole/Tubewell,Hand Pump - India Mark,Well,Hand Pump,Western,False,0,Mongu,2017,5GP5Q2G8+3WR
3.0,5078.0,,5567.697430857142,5930.435305306239,4026.195322891858,0.2459908982641987,-15.21809,23.14923,Borehole/Tubewell,Hand Pump,Well,Hand Pump,Western,False,0,Mongu,2014,5GP5Q4JX+QM9
11.0,274.0,,25188.54699746219,25449.015800923997,23685.33254881006,35.79876688579731,-15.204365,23.36878,Borehole/Tubewell,Hand Pump,Well,Hand Pump,Western,False,0,Limulunga,2018,5GP5Q9W9+7G2
2.0,122.0,,74978.57638988036,71444.81359472097,75941.52874933401,17865.63257463415,-15.23417,23.86332,Borehole/Tubewell,Hand Pump,Well,Hand Pump,Western,False,0,Mongu,2018,5GP5QV87+88P
2.0,51.0,,75346.19427504287,71851.0715794371,74967.39847196033,15429.797030639664,-15.20965,23.85213,Borehole/Tubewell,Hand Pump,Well,Hand Pump,Western,False,0,Mongu,2018,5GP5QVR2+4VR
7.0,0.0,,6707.497739570978,9810.151676311974,9742.210567519907,5458.860012611369,-15.17426,23.10581,Borehole/Tubewell,Hand Pump,Well,Hand Pump,Western,False,0,Mongu,2017,5GP5R4G4+78V
9.0,493.0,,11467.713570380423,15506.846380367326,13036.34265556966,9025.244969891588,-15.1772,23.24210833,Borehole/Tubewell,Hand Pump - India Mark,Well,Hand Pump,Western,False,0,Limulunga,2018,5GP5R6FR+4RH
9.0,521.0,,12712.726206095182,17457.025803636625,14983.74120314403,7633.688188358325,-15.1688,23.25857778,Borehole/Tubewell,Hand Pump,Well,Hand Pump,Western,False,0,Limulunga,2017,5GP5R7J5+FCP
12.0,429.0,,31660.924835742968,34352.37571792104,32361.71860753082,39.292609815056224,-15.163158,23.440044,Borehole/Tubewell,Hand Pump - India Mark,Well,Hand Pump,Western,False,0,Limulunga,2018,5GP5RCPR+P2M
10.0,219.0,,33215.207414140226,34634.896733804926,33143.53440058885,149.38909022073457,-15.1778,23.45252,Borehole/Tubewell,Hand Pump,Well,Hand Pump,Western,False,0,Limulunga,2017,5GP5RFC3+V2J
9.0,146.0,,35095.04261851537,36240.82676441718,34944.29509655284,1705.937134273594,-15.1785,23.47012,Borehole/Tubewell,Hand Pump - India Mark,Well,Hand Pump,Western,False,0,Limulunga,2018,5GP5RFCC+J25
5.0,192.0,,46803.820910104696,45920.298597540575,46272.11446956424,3402.951047717928,-15.183717,23.579406,Borehole/Tubewell,Hand Pump,Well,Hand Pump,Western,False,0,Mongu,2014,5GP5RH8H+GQ6
7.0,109.0,,21901.594431035923,27300.609037107413,24720.556993144768,2180.769312250608,-15.1418,23.3509,Borehole/Tubewell,Hand Pump,Well,Hand Pump,Western,False,0,Limulunga,2018,5GP5V952+79J
8.0,32.0,,55197.04221859661,55579.71677750399,55681.844969057725,5327.516203557795,-15.146497,23.66078,Borehole/Tubewell,Hand Pump,Well,Hand Pump,Western,False,0,Mongu,2014,5GP5VM36+C82
7.0,124.0,,54983.05578671803,55855.57822027381,55723.01083376884,6421.765181716504,-15.137862,23.65901,Borehole/Tubewell,Hand Pump,Well,Hand Pump,Western,False,0,Mongu,2014,5GP5VM65+VJ2
4.0,27.0,,8383.876105323123,21883.513606141616,22011.741269685088,6738.233874431173,-15.05733333,23.12280556,Borehole/Tubewell,Hand Pump,Well,Hand Pump,Western,False,0,Limulunga,2014,5GP5W4VF+347
2.0,118.0,,9559.451377118778,21782.25894140012,22919.796343073005,8240.106310229718,-15.050574,23.110671,Borehole/Tubewell,Hand Pump - India Mark,Well,Hand Pump,Western,False,0,Limulunga,2016,5GP5W4X6+Q7F
8.0,9.0,,23806.66092071692,33416.08254946976,30946.26521164453,1057.3487698190395,-15.05965,23.35711,Borehole/Tubewell,Hand Pump,Well,Hand Pump,Western,False,0,Limulunga,2018,5GP5W9R4+4RX
11.0,338.0,,57491.977784356975,60378.82409768171,59391.67831427579,6965.143126743964,-15.092926,23.681069,Borehole/Tubewell,Hand Pump,Well,Hand Pump,Western,False,0,Limulunga,2017,5GP5WM4J+RCG
4.0,54.0,,15390.542173550528,32136.608981910733,27976.19191205717,5217.951450921845,-15.012182,23.224945,Borehole/Tubewell,Hand Pump,Well,Hand Pump,Western,False,0,Limulunga,2015,5GP5X6QF+4XG
1.0,152.0,,89085.85024891164,94168.6502688756,65406.14039406966,19449.253307974,-15.10448,24.03157,Borehole/Tubewell,Hand Pump - India Mark,Well,Hand Pump,Western,False,0,Luampa,2017,5GP6V2WJ+6J4
2.0,2842.0,,45947.46084827529,136725.73710920865,31566.246195096537,17878.399897905303,-15.04175,24.45066,Borehole/Tubewell,Hand Pump - Afridev,Well,Hand Pump,Western,False,0,Luampa,2018,5GP6XF52+873
1.0,48.0,,24563.889234808365,169627.11917839252,21673.091147979227,25176.675712380867,-15.01255,24.86754,Borehole/Tubewell,Hand Pump,Well,Hand Pump,Western,False,0,Nkeyema,2015,5GP6XVP9+X2M
1.0,0.0,235415.69325600623,64327.940011000544,213197.8849145317,64220.75068490325,61142.40860777685,-15.68305556,25.42138889,Borehole/Tubewell,Hand Pump - India Mark,Well,Hand Pump,Central,False,0,Itezhi-tezhi,2014,5GP78C8C+QHC
5.0,0.0,243861.4443622496,84790.49819407331,199703.20994832215,81983.0633319188,65956.98029627629,-15.4755,25.17280556,Borehole/Tubewell,Hand Pump - India Mark,Well,Hand Pump,Western,False,0,Luampa,2018,5GP7G5FF+R43
5.0,0.0,248987.95113520115,84599.41035265793,211330.9994570393,84562.94845539524,65776.13385887173,-15.47163889,25.28111111,Borehole/Tubewell,Hand Pump - India Mark,Well,Hand Pump,Central,False,0,Itezhi-tezhi,2018,5GP7G7HJ+8CX
3.0,0.0,263449.4603971948,60049.41786124565,239413.2135275051,59988.34554508328,56154.63417628598,-15.45805556,25.54230556,Borehole/Tubewell,Hand Pump - India Mark,Well,Hand Pump,Central,False,0,Itezhi-tezhi,2016,5GP7GGRR+QWF
6.0,0.0,261044.55555221016,84209.19052023691,217815.81213356016,82977.60572598966,55683.63768725418,-15.37444444,25.33194444,Borehole/Tubewell,Hand Pump,Well,Hand Pump,Central,False,0,Itezhi-tezhi,2018,5GP7J8GJ+6QG
4.0,34.0,,31403.836965624894,177628.1267875871,28930.589029752035,23414.8318498011,-15.004166,25.002283,Borehole/Tubewell,Hand Pump,Well,Hand Pump,Western,False,0,Nkeyema,2018,5GP7X2W2+8WM
0.0,444.0,,55177.73627739127,194558.19415209952,53273.61701484116,17284.964536705145,-15.03428,25.25179,Borehole/Tubewell,Hand Pump - India Mark,Well,Hand Pump,Western,False,0,Nkeyema,2016,5GP7X782+7PM
0.0,363.0,119870.306021706,30907.7630799968,110562.22614084386,41896.16483786288,6324.953726443599,-15.96985,27.3209,Borehole/Tubewell,Motorized Pump,Well,Motorized Pump,Southern,False,0,Monze,2015,5GP928JC+396
1.0,106.0,118963.3464068014,29858.733864903723,109628.91420628276,42934.36698176369,5672.920837572544,-15.96986,27.33076,Borehole/Tubewell,Motorized Pump,Well,Motorized Pump,Southern,False,0,Monze,2012,5GP928JJ+382
18.0,213.0,118828.99861646842,30475.84640958883,109555.08819872928,42667.4247050032,6838.271758251946,-15.96012,27.32627,Borehole/Tubewell,Motorized Pump,Well,Motorized Pump,Southern,False,0,Monze,2013,5GP928QG+XG2
15.0,257.0,116718.99139743796,26220.86926642429,107232.8181098388,44463.48664516888,3285.004399089406,-15.98283,27.36362,Borehole/Tubewell,Motorized Pump,Well,Motorized Pump,Southern,False,0,Monze,2013,5GP92987+VC9
17.0,232.0,114447.79457455124,23877.96219668143,104919.9101443174,42044.46740998458,4633.273983629761,-15.97857,27.38598,Borehole/Tubewell,Motorized Pump,Well,Motorized Pump,Southern,False,0,Monze,2013,5GP929CP+H9H
1.0,87.0,117031.8777420362,27095.16181254215,107597.28595292044,45022.96837340718,4006.384904896888,-15.9764,27.356,Borehole/Tubewell,Motorized Pump,Well,Motorized Pump,Southern,False,0,Monze,2012,5GP929F4+CCR
0.0,225.0,113777.05058677818,23758.56559380912,104281.64166206634,41549.69906025389,5494.607056888015,-15.97055,27.38811,Borehole/Tubewell,Motorized Pump,Well,Motorized Pump,Southern,False,0,Monze,2015,5GP929HQ+Q6Q
1.0,150.0,107427.23951191916,16882.545285163724,97769.85871850104,34573.07600390529,11033.23367937272,-15.9641,27.45472,Borehole/Tubewell,Motorized Pump,Well,Motorized Pump,Southern,False,0,Monze,2013,5GP92FP3+9V9
0.0,207.0,97594.6608411701,6986.935335524869,87644.77720092503,23701.906254895,1230.565173425635,-15.95571,27.56178,Borehole/Tubewell,Motorized Pump,Well,Motorized Pump,Southern,False,0,Mazabuka,2012,5GP92HV6+PP6
6.0,454.0,64665.44904236673,40178.579115321765,56288.22089810333,39810.34510428003,6720.103185925121,-15.50275,27.686206666666667,Borehole/Tubewell,Hand Pump - India Mark,Well,Hand Pump,Lusaka,False,0,Shibuyunji,2014,5GP9FMWP+WF4
0.0,469.0,64003.97349114379,40243.77525314436,55624.0301804612,39881.159314491066,6503.646908704173,-15.501016666666663,27.692175,Borehole/Tubewell,Hand Pump - India Mark,Well,Hand Pump,Lusaka,False,0,Shibuyunji,2014,5GP9FMXR+HVV
5.0,410.0,63768.12509584891,40125.878858893695,55391.78347986561,39704.86793089578,6561.2986877128615,-15.501685000000002,27.69449833333333,Borehole/Tubewell,Hand Pump - India Mark,Well,Hand Pump,Lusaka,False,0,Shibuyunji,2014,5GP9FMXV+8QH
2.0,425.0,63871.23171324699,40181.487818666894,55493.17354225774,39801.80937488879,6535.929941716957,-15.501355,27.693476666666665,Borehole/Tubewell,Hand Pump - India Mark,Well,Hand Pump,Lusaka,False,0,Shibuyunji,2014,5GP9FMXV+F95
2.0,29.0,60422.71423949787,36767.19360598449,52132.88006844669,36302.27093727086,8784.254771980037,-15.527525,27.730871666666665,Borehole/Tubewell,Hand Pump - India Mark,Well,Hand Pump,Lusaka,False,0,Shibuyunji,2014,5GP9FPCJ+X8X
25.0,234.0,57576.37401894551,39470.948886670645,49231.01550280544,33680.28494033951,6396.839414279471,-15.501871666666666,27.752935,Borehole/Tubewell,Hand Pump - India Mark,Well,Hand Pump,Lusaka,False,0,Shibuyunji,2014,5GP9FQX3+753
10.0,36.0,53404.34127632965,34802.31610477758,45239.65725205724,30693.10262853739,10457.447119643231,-15.546561666666666,27.802903333333333,Borehole/Tubewell,Hand Pump - India Mark,Well,Hand Pump,Lusaka,False,0,Shibuyunji,2014,5GP9FR33+95C
4.0,44.0,50079.23961129588,39476.54227862127,41788.16615839838,26628.724612134338,5885.688700888643,-15.507098333333332,27.824963333333336,Borehole/Tubewell,Hand Pump - India Mark,Well,Hand Pump,Lusaka,False,0,Shibuyunji,2014,5GP9FRVF+5X8
24.0,242.0,44426.88478668548,37402.00394113905,36387.47429033847,22853.828681700965,5384.686586794776,-15.544168333333335,27.889645000000005,Protected Well,Hand Pump - Rope,Well,,Lusaka,False,0,Shibuyunji,2014,5GP9FV4Q+8VJ
16.0,315.0,44334.13502968407,37931.63611149073,36260.72034123571,22545.67727028985,4882.666327146638,-15.538673333333334,27.888701666666663,Borehole/Tubewell,Hand Pump - India Mark,Well,Hand Pump,Lusaka,False,0,Shibuyunji,2014,5GP9FV6Q+GFP
10.0,249.0,44006.44907244033,38387.465828910805,35912.94022045863,22103.69225179896,4382.203371032811,-15.534511666666669,27.890553333333333,Borehole/Tubewell,Hand Pump - India Mark,Well,Hand Pump,Lusaka,False,0,Shibuyunji,2014,5GP9FV8R+56V
10.0,330.0,44668.19643567735,39045.31229612236,36511.355965648894,22298.2841171612,4147.445137572774,-15.525333333333332,27.881336666666662,Borehole/Tubewell,Hand Pump - India Mark,Well,Hand Pump,Lusaka,False,0,Shibuyunji,2014,5GP9FVFJ+VG8
16.0,498.0,43430.87091724744,40014.37302625922,35219.95177757117,20744.310275621083,2511.6298030545204,-15.512081666666663,27.889648333333337,Borehole/Tubewell,Hand Pump - India Mark,Well,Hand Pump,Lusaka,False,0,Shibuyunji,2014,5GP9FVQQ+5V6
1.0,528.0,43058.27385084704,40291.88954331985,34821.03987513204,20198.504199915184,1971.3296705142664,-15.505916666666668,27.89167833333333,Borehole/Tubewell,Hand Pump - India Mark,Well,Hand Pump,Lusaka,False,0,Shibuyunji,2014,5GP9FVVR+JMM
24.0,997.0,40865.26918827652,38485.9020236197,32661.79718574944,18364.321982729205,626.4000463545734,-15.507281666666666,27.913060000000005,Borehole/Tubewell,Hand Pump - India Mark,Well,Hand Pump,Lusaka,False,0,Shibuyunji,2014,5GP9FWV7+36M
10.0,4416.0,39656.83064197192,37620.2342465998,31468.53401091157,17345.968288996537,361.98567764888605,-15.506908333333335,27.924588333333336,Borehole/Tubewell,Hand Pump - India Mark,Well,Hand Pump,Lusaka,False,0,Shibuyunji,2014,5GP9FWVF+6RP
0.0,1327.0,37785.11291654153,36391.98274337088,29595.86577995285,15612.770999747168,1378.7246371750623,-15.502066666666668,27.941315,Borehole/Tubewell,Hand Pump - India Mark,Well,Hand Pump,Lusaka,False,0,Shibuyunji,2014,5GP9FWXR+5GG
15.0,909.0,36714.19338290494,33671.137459417674,28692.674980561373,16087.632488201538,442.1558562455917,-15.524438333333334,27.95865666666667,Borehole/Tubewell,Hand Pump - India Mark,Well,Hand Pump,Lusaka,False,0,Shibuyunji,2014,5GP9FXG5+6FF
11.0,1155.0,36853.010538683695,34198.98035611641,28809.97580935894,15932.91970191798,75.37507342045872,-15.520401666666665,27.955895,Borehole/Tubewell,Hand Pump - India Mark,Well,Hand Pump,Lusaka,False,0,Shibuyunji,2014,5GP9FXH4+R9J
0.0,1019.0,37117.68616387374,34641.14906172139,29051.42708562373,15974.628618658107,96.44506875237592,-15.51801,27.952508333333338,Borehole/Tubewell,Hand Pump - India Mark,Well,Hand Pump,Lusaka,False,0,Shibuyunji,2014,5GP9FXJ3+Q2R
10.0,22.0,69782.81973979501,44310.46769082164,61312.02209593767,43907.71224361426,6301.154547432329,-15.477208333333332,27.63498333333333,Borehole/Tubewell,Hand Pump - India Mark,Well,Hand Pump,Lusaka,False,0,Shibuyunji,2014,5GP9GJFM+4X9
4.0,388.0,63737.86585514038,40407.6644307465,55352.57544245082,39644.78271431098,6280.454967108667,-15.49912,27.69443833333333,Borehole/Tubewell,Hand Pump - India Mark,Well,Hand Pump,Lusaka,False,0,Shibuyunji,2014,5GP9GM2V+9Q2
0.0,330.0,63599.74527505735,40393.20801102219,55214.84324651847,39508.4837916086,6253.487937214857,-15.499024999999998,27.69568333333333,Borehole/Tubewell,Hand Pump - India Mark,Well,Hand Pump,Lusaka,False,0,Shibuyunji,2014,5GP9GM2W+97V
11.0,286.0,66729.31065787193,45667.43680620254,58219.11481994283,42234.23297595815,2711.979642397434,-15.457188333333333,27.66185833333333,Borehole/Tubewell,Hand Pump - India Mark,Well,Hand Pump,Lusaka,False,0,Shibuyunji,2014,5GP9GMV6+4PH
10.0,256.0,61994.44818120814,40139.277228704574,53618.035619928574,37938.452962045165,5786.773917218503,-15.499054999999998,27.710806666666667,Borehole/Tubewell,Hand Pump - India Mark,Well,Hand Pump,Lusaka,False,0,Shibuyunji,2014,5GP9GP26+98F
10.0,667.0,60726.00495574121,40994.60918211712,52323.45317534328,36586.75160256324,4657.025691654575,-15.49003,27.721433333333334,Borehole/Tubewell,Hand Pump - India Mark,Well,Hand Pump,Lusaka,False,0,Shibuyunji,2014,5GP9GP5C+XHM
0.0,601.0,60812.03067781963,41471.15648067639,52394.613161680856,36622.31679991612,4201.315060170162,-15.48584,27.72006333333333,Borehole/Tubewell,Hand Pump - India Mark,Well,Hand Pump,Lusaka,False,0,Shibuyunji,2014,5GP9GP7C+M28
10.0,124.0,59987.70414688405,42956.07288597638,51528.56465483498,35662.102917755896,2616.5912249342123,-15.471781666666669,27.72614666666667,Borehole/Tubewell,Hand Pump - India Mark,Well,Hand Pump,Lusaka,False,0,Shibuyunji,2014,5GP9GPHG+7FJ
10.0,315.0,60954.314783916256,44324.57128897533,52461.21856775095,36518.01306677943,1512.9821806021978,-15.460325,27.71604166666667,Borehole/Tubewell,Hand Pump - India Mark,Well,Hand Pump,Lusaka,False,0,Shibuyunji,2014,5GP9GPQ8+VCF
10.0,308.0,60629.03831733801,44049.212424263,52142.208952777415,36212.94600141706,1641.551651445297,-15.462495,27.71926333333333,Borehole/Tubewell,Hand Pump - India Mark,Well,Hand Pump,Lusaka,False,0,Shibuyunji,2014,5GP9GPQ9+2P2
31.0,359.0,61514.0217206402,45500.03512078879,52996.539395918255,37002.97029674115,709.1853267505405,-15.450298333333334,27.710100000000004,Borehole/Tubewell,Hand Pump - India Mark,Well,Hand Pump,Lusaka,False,0,Shibuyunji,2014,5GP9GPX6+V2Q
10.0,132.0,56717.02167724391,40638.45233025751,48340.40234713471,32687.438413520216,7138.90088382601,-15.491233333333332,27.75933166666667,Borehole/Tubewell,Hand Pump - India Mark,Well,Hand Pump,Lusaka,False,0,Shibuyunji,2014,5GP9GQ55+GP4
10.0,227.0,55672.46882316268,40663.35448355405,47301.63222605195,31670.06043893708,6364.939545457645,-15.491081666666666,27.769148333333337,Borehole/Tubewell,Hand Pump - India Mark,Well,Hand Pump,Lusaka,False,0,Shibuyunji,2014,5GP9GQ59+HM6
0.0,220.0,57302.827093207634,42646.81170417536,48857.16537079163,33030.4471362343,3239.832085282356,-15.473196666666668,27.751456666666662,Borehole/Tubewell,Hand Pump - India Mark,Well,Hand Pump,Lusaka,False,0,Shibuyunji,2014,5GP9GQG2+PHG
0.0,652.0,54452.36690488463,42812.16496059147,46013.42748654868,30214.587577668965,2958.6682327922176,-15.471923333333333,27.778035,Borehole/Tubewell,Hand Pump - India Mark,Well,Hand Pump,Lusaka,False,0,Shibuyunji,2014,5GP9GQHH+66M
11.0,498.0,52922.96554084829,43553.43437144514,44469.09937933716,28639.49317461221,2687.171847782395,-15.465988333333334,27.79171,Borehole/Tubewell,Hand Pump - Afridev,Well,Hand Pump,Lusaka,False,0,Shibuyunji,2014,5GP9GQMR+JM4
,491.0,49483.104313588046,41800.256468111766,41128.60624012209,25612.53807541307,3740.9302163821526,-15.48608,27.82670833333333,Borehole/Tubewell,Hand Pump - India Mark,Well,Hand Pump,Lusaka,False,0,Shibuyunji,2014,5GP9GR7G+HM8
32.0,557.0,48626.173745261,43058.51701703855,40232.35723333482,24593.84484531632,2393.947234251445,-15.475643333333334,27.83321,Borehole/Tubewell,Hand Pump - India Mark,Well,Hand Pump,Lusaka,False,0,Shibuyunji,2014,5GP9GRFM+P7W
32.0,557.0,48743.7865402485,43108.687799114094,40346.163188555816,24695.62495512906,2388.410189007324,-15.474973333333333,27.83201166666667,Borehole/Tubewell,Hand Pump - India Mark,Well,Hand Pump,Lusaka,False,0,Shibuyunji,2014,5GP9GRGJ+2V5
10.0,330.0,49789.51803954181,44277.748337084246,41335.13987554927,25519.57780756296,1169.1980136767197,-15.462496666666668,27.82069166666667,Borehole/Tubewell,Hand Pump - India Mark,Well,Hand Pump,Lusaka,False,0,Shibuyunji,2014,5GP9GRQC+274
18.0,293.0,50440.55831082054,44963.02311029864,41958.97150535914,26069.530606208496,285.59123131279216,-15.455355,27.813913333333332,Borehole/Tubewell,Hand Pump - India Mark,Well,Hand Pump,Lusaka,False,0,Shibuyunji,2014,5GP9GRV7+VH3
51.0,498.0,43810.77617239773,41691.42422835842,35527.31679212788,20573.47620666789,2148.2123653037456,-15.496933333333336,27.88245,Borehole/Tubewell,Hand Pump - India Mark,Well,Hand Pump,Lusaka,False,0,Shibuyunji,2014,5GP9GV3J+6XG
10.0,212.0,44888.57164461223,42508.31063262709,36570.42518330892,21342.57395383254,1941.5714393278813,-15.489231666666669,27.87067833333333,Borehole/Tubewell,Hand Pump - India Mark,Well,Hand Pump,Lusaka,False,0,Shibuyunji,2014,5GP9GV6C+873
9.0,462.0,42602.60912544248,41944.49178105135,34280.26057393198,19084.222862581857,899.3924662070873,-15.484033333333333,27.89136,Borehole/Tubewell,Hand Pump - India Mark,Well,Hand Pump,Lusaka,False,0,Shibuyunji,2014,5GP9GV8R+9GQ
0.0,469.0,43671.130927044665,43175.20220240921,35323.19044548111,19943.35525692272,449.0603210322788,-15.479101666666669,27.880405000000003,Borehole/Tubewell,Hand Pump - India Mark,Well,Hand Pump,Lusaka,False,0,Shibuyunji,2014,5GP9GVCJ+952
22.0,498.0,41951.95791467597,41597.27607462848,33613.4716899376,18335.21983483455,180.34366045755817,-15.478863333333331,27.896596666666664,Protected Well,Hand Pump - Rope,Well,,Lusaka,False,0,Shibuyunji,2014,5GP9GVCW+FJ5
10.0,124.0,46264.36876747141,43609.946972244885,37883.90773428093,22310.82187397877,1363.1999704365976,-15.475048333333332,27.855341666666664,Borehole/Tubewell,Hand Pump - India Mark,Well,Hand Pump,Lusaka,False,0,Shibuyunji,2014,5GP9GVF4+X4P
18.0,403.0,45774.43336593178,44297.246898756894,37370.396278844666,21731.39560778932,683.8446706008604,-15.469556666666666,27.859186666666663,Borehole/Tubewell,Hand Pump - India Mark,Well,Hand Pump,Lusaka,False,0,Shibuyunji,2014,5GP9GVJ5+5MF
1.0,205.0,37707.36247225146,36846.95521502453,29453.341258297874,15013.133887299047,1797.8892466874713,-15.490725,27.93925,Borehole/Tubewell,Hand Pump - India Mark,Well,Hand Pump,Lusaka,False,0,Shibuyunji,2014,5GP9GW5Q+PP6
9.0,616.0,39249.56526501724,38578.72228275002,30960.438542414253,16155.401324488636,1835.1468402517544,-15.486584999999998,27.92365666666667,Borehole/Tubewell,Hand Pump - India Mark,Well,Hand Pump,Lusaka,False,0,Shibuyunji,2014,5GP9GW7F+9F7
12.0,638.0,39525.40402723558,39050.86300037494,31215.8333255582,16234.655753668883,1925.4323125300448,-15.482141666666667,27.920151666666666,Borehole/Tubewell,Hand Pump - Afridev,Well,Hand Pump,Lusaka,False,0,Shibuyunji,2014,5GP9GW9C+43R
47.0,939.0,38953.64475105341,38769.90580005801,30622.917322249028,15498.759312315622,1613.035741406608,-15.475733333333334,27.92438666666667,Protected Well,Hand Pump - Rope,Well,,Lusaka,False,0,Shibuyunji,2014,5GP9GWFF+PQ2
6.0,579.0,37374.9419695323,37243.057215007255,29052.957306827997,14073.607366300228,3299.383396432128,-15.475138333333332,27.939210000000003,Borehole/Tubewell,Hand Pump - India Mark,Well,Hand Pump,Lusaka,False,0,Shibuyunji,2014,5GP9GWFQ+WMW
49.0,403.0,41189.74758734201,41170.28969262913,32826.485252042585,17410.35604293494,37.30104561187056,-15.471091666666666,27.90253,Protected Well,Hand Pump - Rope,Well,,Lusaka,False,0,Shibuyunji,2014,5GP9GWH3+H26
1.0,447.0,41146.04175626573,41181.87905959197,32778.174874395016,17334.58269500043,55.23809050193334,-15.469795,27.902746666666665,Borehole/Tubewell,Hand Pump - India Mark,Well,Hand Pump,Lusaka,False,0,Shibuyunji,2014,5GP9GWJ3+33Q
10.0,840.0,36107.55963644222,36947.73102778342,27694.867623435435,12216.561333654394,183.8095672012237,-15.455106666666666,27.948106666666664,Borehole/Tubewell,Hand Pump - India Mark,Well,Hand Pump,Lusaka,False,0,Shibuyunji,2014,5GP9GWVX+X65
0.0,277.0,35810.394122041245,34817.88048535586,27596.124418652413,13623.19582837216,2889.995850124365,-15.493291666666668,27.95801833333333,Borehole/Tubewell,Hand Pump - India Mark,Well,Hand Pump,Lusaka,False,0,Shibuyunji,2014,5GP9GX45+M6J
10.0,36.0,75186.72942574504,53617.1399580521,66606.6030868199,50525.25867817844,2693.647417811557,-15.406236666666668,27.58180833333333,Borehole/Tubewell,Hand Pump - India Mark,Well,Hand Pump,Lusaka,False,0,Shibuyunji,2014,5GP9HHVJ+GP3
8.0,29.0,71582.87031605544,52580.03427994847,63001.6035279053,46920.60481130747,3667.171865522995,-15.404831666666666,27.61541,Borehole/Tubewell,Hand Pump - India Mark,Well,Hand Pump,Lusaka,False,0,Shibuyunji,2014,5GP9HJW8+357
10.0,132.0,64454.45185930251,46670.55574381432,55920.70423953948,39894.74223644937,221.919112326401,-15.44372,27.68231,Borehole/Tubewell,Hand Pump - India Mark,Well,Hand Pump,Lusaka,False,0,Shibuyunji,2014,5GP9HM4J+GW7
22.0,80.0,62802.241309090285,47622.21100793295,54251.01947360983,38197.52247150625,1080.0420961685722,-15.432608333333333,27.697296666666663,Protected Well,Hand Pump - India Mark,Well,Hand Pump,Lusaka,False,0,Shibuyunji,2014,5GP9HM8W+XW3
10.0,110.0,65697.33552478685,48160.00347463336,57144.31200844832,41087.283224702966,83.06291767840668,-15.432281666666665,27.67030666666667,Borehole/Tubewell,Hand Pump - India Mark,Well,Hand Pump,Lusaka,False,0,Shibuyunji,2014,5GP9HM9C+34M
1.0,132.0,63708.71415801546,49640.84971002079,55135.587695758215,39056.67836745597,2622.8495607599257,-15.415433333333333,27.688640000000003,Borehole/Tubewell,Hand Pump - India Mark,Well,Hand Pump,Lusaka,False,0,Shibuyunji,2014,5GP9HMMQ+RFC
2.0,667.0,59982.45159305579,45607.07123475441,51461.814249624746,35463.767026065885,14.518763886408388,-15.447893333333331,27.72425,Borehole/Tubewell,Hand Pump - India Mark,Well,Hand Pump,Lusaka,False,0,Shibuyunji,2014,5GP9HP2F+RPR
18.0,623.0,59880.3146728683,45383.689575805205,51364.09512109899,35374.87474123278,194.2508153814671,-15.44983,27.725320000000004,Borehole/Tubewell,Hand Pump - India Mark,Well,Hand Pump,Lusaka,False,0,Shibuyunji,2014,5GP9HP2G+348
10.0,278.0,62563.73752792099,46161.5552694238,54035.27477331692,38020.031025002885,325.25059702093927,-15.445561666666666,27.700036666666666,Borehole/Tubewell,Hand Pump - India Mark,Well,Hand Pump,Lusaka,False,0,Shibuyunji,2014,5GP9HP32+Q2F
10.0,616.0,60665.85889441574,46036.41559796412,52137.5191051632,36124.08667619515,167.84286805034924,-15.444598333333332,27.717691666666664,Borehole/Tubewell,Hand Pump - India Mark,Well,Hand Pump,Lusaka,False,0,Shibuyunji,2014,5GP9HP49+538
1.0,425.0,59627.98017854503,46378.79737057792,51092.893639784685,35067.91807501949,828.7616000700897,-15.440658333333332,27.72718166666667,Borehole/Tubewell,Hand Pump - India Mark,Well,Hand Pump,Lusaka,False,0,Shibuyunji,2014,5GP9HP5G+PVM
18.0,388.0,59282.70695883131,47187.048022806885,50734.18444613413,34686.34655595785,1573.4834416777207,-15.43312,27.730115,Borehole/Tubewell,Hand Pump - India Mark,Well,Hand Pump,Lusaka,False,0,Shibuyunji,2014,5GP9HP8J+Q25
10.0,403.0,59720.48287271759,47506.93216321594,51167.48168891076,35112.466570748446,1942.8080326226727,-15.430525,27.725961666666663,Borehole/Tubewell,Hand Pump - India Mark,Well,Hand Pump,Lusaka,False,0,Shibuyunji,2014,5GP9HP9G+Q9W
18.0,161.0,60255.26513329189,50067.41449831129,51675.07185435522,35594.03008398635,4136.690445398556,-15.407715,27.720893333333333,Borehole/Tubewell,Hand Pump - India Mark,Well,Hand Pump,Lusaka,False,0,Shibuyunji,2014,5GP9HPRC+W96
58.0,396.0,54836.0584786966,45489.33101170964,46322.16076947248,30345.053973554437,342.9608019988813,-15.447526666666668,27.77226166666667,Protected Well,Hand Pump - Rope,Well,,Lusaka,False,0,Shibuyunji,2014,5GP9HQ2C+XWJ
11.0,513.0,52457.44354492979,45784.53049322703,43943.57603078531,27970.99464996732,86.15625226468013,-15.445963333333337,27.794366666666665,Borehole/Tubewell,Hand Pump - Afridev,Well,Hand Pump,Lusaka,False,0,Shibuyunji,2014,5GP9HQ3V+JP9
18.0,476.0,56335.77511953282,45843.24207886505,47811.760498856136,31811.29855771196,142.41277813189004,-15.444203333333332,27.75806833333333,Borehole/Tubewell,Hand Pump - Afridev,Well,Hand Pump,Lusaka,False,0,Shibuyunji,2014,5GP9HQ45+868
3.0,381.0,51934.79080031138,47381.91362862221,43388.714647142486,27349.926165304296,440.19025441280047,-15.43181,27.79856333333333,Borehole/Tubewell,Hand Pump - India Mark,Well,Hand Pump,Lusaka,False,0,Shibuyunji,2014,5GP9HQ9X+7CG
22.0,630.0,52328.26675227421,48778.381284028525,43759.97011113999,27686.485204092587,162.99589861483503,-15.418851666666669,27.79466,Borehole/Tubewell,Hand Pump - India Mark,Well,Hand Pump,Lusaka,False,0,Shibuyunji,2014,5GP9HQJV+FV3
7.0,608.0,53057.03018194984,49533.14334242271,44479.853614904016,28399.3224423319,790.777002173005,-15.411586666666668,27.78789833333333,Protected Well,Hand Pump - India Mark,Well,Hand Pump,Lusaka,False,0,Shibuyunji,2014,5GP9HQQQ+956
39.0,506.0,56612.52190195392,49827.88821927605,48032.41711867837,31951.41170534262,3829.502385325289,-15.408225,27.75482333333333,Borehole/Tubewell,Hand Pump - India Mark,Well,Hand Pump,Lusaka,False,0,Shibuyunji,2014,5GP9HQR3+PW8
9.0,498.0,57065.52904448228,50222.71257624754,48482.73358502423,32402.793761794383,4254.698006323051,-15.40473,27.750676666666664,Borehole/Tubewell,Hand Pump - India Mark,Well,Hand Pump,Lusaka,False,0,Shibuyunji,2014,5GP9HQW2+473
13.0,608.0,56346.62192329736,50323.45102701569,47763.03078848949,31683.80267720784,3771.2926075588593,-15.403718333333332,27.75740166666667,Borehole/Tubewell,Hand Pump - India Mark,Well,Hand Pump,Lusaka,False,0,Shibuyunji,2014,5GP9HQW4+GX6
19.0,770.0,52640.05036173782,50333.08433463902,44056.561664465466,27977.312778259504,188.47309587043677,-15.404583333333337,27.79191833333333,Borehole/Tubewell,Hand Pump - India Mark,Well,Hand Pump,Lusaka,False,0,Shibuyunji,2014,5GP9HQWR+5Q7
14.0,550.0,51620.14290163382,45498.58929926467,43116.86218329104,27170.557399479243,180.4605304761245,-15.449238333333335,27.802405,Borehole/Tubewell,Hand Pump - India Mark,Well,Hand Pump,Lusaka,False,0,Shibuyunji,2014,5GP9HR22+8X2
10.0,1291.0,48381.20438762263,45925.44335316113,39885.50679508163,23968.05003807695,164.22648003848312,-15.449246666666664,27.832661666666663,Borehole/Tubewell,Hand Pump - India Mark,Well,Hand Pump,Lusaka,False,0,Shibuyunji,2014,5GP9HR2M+833
10.0,704.0,50937.63413198145,45892.74172450742,42427.40856038036,26466.53940983811,252.36681055846844,-15.446280000000002,27.808575000000005,Protected Well,Hand Pump - India Mark,Well,Hand Pump,Lusaka,False,0,Shibuyunji,2014,5GP9HR35+FCP
4.0,1034.0,48521.19351989138,46258.429948231445,40014.93992731166,24070.35656108368,409.4276090664306,-15.445946666666668,27.831115,Protected Well,Hand Pump - Rope,Well,,Lusaka,False,0,Shibuyunji,2014,5GP9HR3J+JCH
11.0,696.0,51560.41052333807,46130.31239851172,43041.679305906815,27060.003166324997,450.36940198246174,-15.44352,27.80259,Borehole/Tubewell,Hand Pump - Afridev,Well,Hand Pump,Lusaka,False,0,Shibuyunji,2014,5GP9HR43+H2W
0.0,660.0,47873.81824325279,46615.78780698746,39362.07306892343,23405.87574414064,930.2728900985566,-15.443643333333334,27.83700666666667,Borehole/Tubewell,Hand Pump - India Mark,Well,Hand Pump,Lusaka,False,0,Shibuyunji,2014,5GP9HR4P+GRR
9.0,278.0,50044.36996420608,46480.22870039051,41523.77619974012,25540.984730821983,986.9899042256436,-15.441869999999998,27.81664166666667,Borehole/Tubewell,Hand Pump - India Mark,Well,Hand Pump,Lusaka,False,0,Shibuyunji,2014,5GP9HR58+7M2
12.0,352.0,49178.95757346943,50610.9175309371,40595.40909244554,24516.30230297037,3160.958110544302,-15.405176666666668,27.824155000000005,Borehole/Tubewell,Hand Pump - India Mark,Well,Hand Pump,Lusaka,False,0,Shibuyunji,2014,5GP9HRVF+WMC
10.0,440.0,44865.41878436298,45971.13582973827,36348.93988641761,20390.682827086697,2626.318008616709,-15.440073333333332,27.864866666666664,Borehole/Tubewell,Hand Pump - India Mark,Well,Hand Pump,Lusaka,False,0,Shibuyunji,2014,5GP9HV57+XWH
7.0,242.0,43779.61041582569,44880.60202446019,35269.52120856962,19332.948313886543,2463.2246262547105,-15.441354999999998,27.875080000000004,Borehole/Tubewell,Hand Pump - India Mark,Well,Hand Pump,Lusaka,False,0,Shibuyunji,2014,5GP9HV5G+F24
1.0,418.0,44730.256521212905,45865.948435414895,36212.074771845706,20249.82778291496,2722.105240785705,-15.439426666666668,27.86609,Borehole/Tubewell,Hand Pump - India Mark,Well,Hand Pump,Lusaka,False,0,Shibuyunji,2014,5GP9HV68+6CG
11.0,168.0,42905.06435110954,44532.14369948884,34360.12253646079,18335.7834162243,1307.8568969901726,-15.428888333333337,27.882636666666667,Borehole/Tubewell,Hand Pump - India Mark,Well,Hand Pump,Lusaka,False,0,Shibuyunji,2014,5GP9HVCM+C3R
15.0,198.0,45037.61737132722,46656.192770680136,36484.702487365765,20439.61558472657,3920.625161889501,-15.426205,27.862686666666665,Protected Well,Hand Pump - Rope,Well,,Lusaka,False,0,Shibuyunji,2014,5GP9HVF7+G37
44.0,88.0,43821.60233932584,45635.13793707688,35262.144745170626,19205.5922832663,2086.524197199476,-15.422758333333336,27.87395,Protected Well,Hand Pump - Rope,Well,,Lusaka,False,0,Shibuyunji,2014,5GP9HVGF+VHW
24.0,682.0,41257.78799085951,43404.27115201147,32690.45637966217,16621.993026131106,520.2224424836132,-15.418261666666668,27.897791666666663,Borehole/Tubewell,Hand Pump - India Mark,Well,Hand Pump,Lusaka,False,0,Shibuyunji,2014,5GP9HVJX+M4V
7.0,366.0,46103.70281408436,48041.42614983028,37531.95894608076,21455.922378815263,4065.7997667378,-15.41598,27.852645,Borehole/Tubewell,Hand Pump - India Mark,Well,Hand Pump,Lusaka,False,0,Shibuyunji,2014,5GP9HVM3+J32
15.0,498.0,41965.81552299347,44151.15496940697,33394.59112954045,17320.180335686702,127.13091896951234,-15.416101666666668,27.89119333333333,Borehole/Tubewell,Hand Pump - India Mark,Well,Hand Pump,Lusaka,False,0,Shibuyunji,2014,5GP9HVMR+HF4
4.0,440.0,42008.91279261725,44479.204642727134,33427.61383894349,17347.001019211548,69.55927894573517,-15.408781666666668,27.89087833333333,Protected Well,Hand Pump - Rope,Well,,Lusaka,False,0,Shibuyunji,2014,5GP9HVRR+F9J
23.0,843.0,38445.495373604026,39423.76009282992,29988.61056161713,14275.746304651751,1151.3601787413852,-15.44983,27.925616666666663,Protected Well,,Well,,Lusaka,False,0,Shibuyunji,2014,5GP9HW2G+369
28.0,726.0,37940.11454731501,38934.47432172884,29486.634416182613,13795.762620068228,961.1136037114264,-15.449971666666666,27.930361666666663,Borehole/Tubewell,Hand Pump - India Mark,Well,Hand Pump,Lusaka,False,0,Shibuyunji,2014,5GP9HW2J+249
27.0,919.0,36206.10563013799,37575.22955422199,27729.88349184059,11983.751318119468,979.8246518536548,-15.443635,27.945995,Borehole/Tubewell,Hand Pump - India Mark,Well,Hand Pump,Lusaka,False,0,Shibuyunji,2014,5GP9HW4W+G9X
1.0,403.0,40864.43176986536,42243.04172094935,32348.78604701573,16411.173234507878,448.19645158889136,-15.437729999999998,27.902066666666663,Borehole/Tubewell,Hand Pump - India Mark,Well,Hand Pump,Lusaka,False,0,Shibuyunji,2014,5GP9HW62+WR4
12.0,372.0,36393.26110699003,37984.3511569758,27893.06940026145,12049.02779864795,1577.2572529927827,-15.438565000000002,27.94385666666667,Borehole/Tubewell,Hand Pump - India Mark,Well,Hand Pump,Lusaka,False,0,Shibuyunji,2014,5GP9HW6V+HGH
10.0,608.0,40760.88753717802,42801.72493935268,32200.581949079147,16145.493081092658,937.244342248482,-15.421686666666668,27.902451666666668,Borehole/Tubewell,Hand Pump - India Mark,Well,Hand Pump,Lusaka,False,0,Shibuyunji,2014,5GP9HWH2+8XG
11.0,227.0,37913.01561956177,40799.41182964196,29328.724926518164,13251.143900294011,4074.017606719916,-15.406649999999996,27.929101666666664,Borehole/Tubewell,Hand Pump - India Mark,Well,Hand Pump,Lusaka,False,0,Chilanga,2014,5GP9HWVH+8JX
10.0,176.0,34096.514497022414,35497.60784173859,25641.60210509938,10045.64724633612,241.96160349855504,-15.445551666666663,27.965901666666664,Borehole/Tubewell,Hand Pump - India Mark,Well,Hand Pump,Lusaka,False,0,Chilanga,2014,5GP9HX38+Q9C
11.0,523.0,35515.18907176066,37250.2008337853,27009.700172018653,11157.70339786464,1302.8448730454502,-15.436665,27.95192833333333,Borehole/Tubewell,Hand Pump - India Mark,Well,Hand Pump,Lusaka,False,0,Shibuyunji,2014,5GP9HX72+8QM
7.0,264.0,34558.35123756951,36502.51464501969,26042.95704610914,10165.102926302494,1189.413050429299,-15.433648333333334,27.960676666666668,Borehole/Tubewell,Hand Pump - India Mark,Well,Hand Pump,Lusaka,False,0,Chilanga,2014,5GP9HX86+G7V
10.0,148.0,81514.57456032776,59110.50545163507,72924.81920746603,48365.22294573475,873.9901290745088,-15.376351666666668,27.52396333333333,Borehole/Tubewell,Hand Pump - India Mark,Well,Hand Pump,Central,False,0,Mumbwa,2014,5GP9JGFF+FH4
1.0,386.0,79506.77821332961,59345.15781577555,70917.13993493628,47702.187277846926,2012.0226890399747,-15.365493333333331,27.543423333333333,Borehole/Tubewell,Hand Pump - India Mark,Well,Hand Pump,Central,False,0,Mumbwa,2014,5GP9JGMV+R93
32.0,257.0,79355.14831150859,59858.76210357813,70766.33062184737,47136.63848462872,2658.63258120433,-15.359681666666663,27.5453,Protected Well,Rope and Bucket,Well,Rope and Bucket,Central,False,0,Mumbwa,2014,5GP9JGRW+44F
11.0,360.0,77461.9695403718,56767.056132983904,68872.91156293386,50146.60820638284,70.7770965327214,-15.383468333333331,27.561375,Borehole/Tubewell,Hand Pump - India Mark,Well,Hand Pump,Central,False,0,Mumbwa,2014,5GP9JH86+JH6
8.0,134.0,73469.88340763506,56005.19558693554,64880.1261963658,48827.27151170265,160.2867833387671,-15.377434999999998,27.598951666666668,Borehole/Tubewell,Hand Pump - India Mark,Well,Hand Pump,Central,False,0,Mumbwa,2014,5GP9JHFX+2HG
9.0,232.0,78600.51555703736,58578.72245469426,70010.72715571524,48385.15994147966,1630.1092382425409,-15.369673333333331,27.551581666666667,Borehole/Tubewell,Hand Pump - India Mark,Well,Hand Pump,Central,False,0,Mumbwa,2014,5GP9JHJ2+4JP
6.0,14.0,68879.48224895503,56464.4058761881,60292.66373217101,44293.7884256912,57.72517178160978,-15.361236666666665,27.643081666666664,Borehole/Tubewell,Motorized Pump - Electric,Well,Motorized Pump,Lusaka,False,0,Shibuyunji,2014,5GP9JJQV+G64
5.0,524.0,72664.37524748313,57806.58479540457,64077.674371097375,48078.22475540091,822.3391886141318,-15.357644999999998,27.608023333333332,Borehole/Tubewell,Hand Pump - India Mark,Well,Hand Pump,Central,False,0,Mumbwa,2014,5GP9JJR5+W6R
17.0,503.0,72246.79412327426,57585.55337784447,63659.85718326933,47658.47213006184,553.3831699852713,-15.358643333333337,27.611835,Borehole/Tubewell,Hand Pump - India Mark,Well,Hand Pump,Central,False,0,Mumbwa,2014,5GP9JJR6+GPW
10.0,492.0,72485.74135704321,57913.45327046396,63899.69281444678,47905.96108098007,895.717204938248,-15.35612,27.60984,Borehole/Tubewell,Hand Pump - India Mark,Well,Hand Pump,Central,False,0,Mumbwa,2014,5GP9JJV5+HW4
10.0,95.0,67842.67737649633,54148.194614601365,59253.00286668833,43200.30716551291,26.8358201917216,-15.380905,27.651243333333333,Borehole/Tubewell,Hand Pump - India Mark,Well,Hand Pump,Lusaka,False,0,Shibuyunji,2014,5GP9JM92+JFQ
9.0,36.0,63510.73589841333,56411.24380225117,54931.82909757713,38996.08879845866,4660.949582359911,-15.35285,27.694215,Borehole/Tubewell,Hand Pump - India Mark,Well,Hand Pump,Lusaka,False,0,Shibuyunji,2014,5GP9JMWV+VM8
6.0,205.0,58833.05817039862,54343.58591516708,50247.13797629445,34263.29047359578,4772.702094815106,-15.367965,27.736405,Borehole/Tubewell,Hand Pump - India Mark,Well,Hand Pump,Lusaka,False,0,Shibuyunji,2014,5GP9JPJP+RH6
9.0,227.0,58966.41722175844,54598.85760107889,50381.6668438969,34408.18336112103,4682.916769437507,-15.365704999999998,27.735378333333333,Borehole/Tubewell,Hand Pump - India Mark,Well,Hand Pump,Lusaka,False,0,Shibuyunji,2014,5GP9JPMP+P56
0.0,696.0,51896.47680014684,50960.91143494747,43309.655650400695,27236.863464256472,685.2182063240591,-15.399393333333334,27.799018333333333,Borehole/Tubewell,Hand Pump - India Mark,Well,Hand Pump,Lusaka,False,0,Shibuyunji,2014,5GP9JQ2X+6JR
18.0,1452.0,53524.28286635245,51793.290911271135,44934.97717241488,28879.213588718343,645.3992000592465,-15.390946666666666,27.78423833333333,Borehole/Tubewell,Hand Pump - India Mark,Well,Hand Pump,Lusaka,False,0,Shibuyunji,2014,5GP9JQ5M+JMH
3.0,1606.0,53059.27297925545,51752.257411827006,44470.03174850001,28413.408220314966,209.80926747906352,-15.391535,27.788543333333337,Borehole/Tubewell,Hand Pump - India Mark,Well,Hand Pump,Lusaka,False,0,Shibuyunji,2014,5GP9JQ5Q+9CM
1.0,139.0,56327.412456273865,52133.72142445263,47737.8918659403,31687.33668803752,3269.0899431974817,-15.387351666666666,27.758295,Borehole/Tubewell,Hand Pump - India Mark,Well,Hand Pump,Lusaka,False,0,Shibuyunji,2014,5GP9JQ75+383
7.0,997.0,52747.62563580742,52691.71256872208,44158.31080864018,28131.406465704265,348.13248078346425,-15.383228333333332,27.79198333333333,Borehole/Tubewell,Hand Pump - India Mark,Well,Hand Pump,Lusaka,False,0,Shibuyunji,2014,5GP9JQ8R+PQ5
9.0,381.0,53701.92574070628,53534.60345053527,45114.645458326966,29121.75127214645,333.1394555105618,-15.37517,27.783721666666665,Borehole/Tubewell,Hand Pump - India Mark,Well,Hand Pump,Lusaka,False,0,Shibuyunji,2014,5GP9JQFM+WFQ
6.0,374.0,54039.90594374012,54526.684812633415,45458.1236943422,29515.95851227555,238.6868095761795,-15.366103333333337,27.78145333333333,Borehole/Tubewell,Hand Pump - India Mark,Well,Hand Pump,Lusaka,False,0,Shibuyunji,2014,5GP9JQMJ+HH4
10.0,403.0,53864.45181690033,54413.28160772739,45281.93847001927,29334.220354699224,156.7969850357744,-15.36719,27.78298,Borehole/Tubewell,Hand Pump - India Mark,Well,Hand Pump,Lusaka,False,0,Shibuyunji,2014,5GP9JQMM+45H
8.0,344.0,53967.02076462411,55086.23362199408,45389.95306166324,29482.751057961563,155.5234605787719,-15.361091666666669,27.782705000000004,Borehole/Tubewell,Hand Pump - India Mark,Well,Hand Pump,Lusaka,False,0,Shibuyunji,2014,5GP9JQQM+H38
9.0,278.0,54649.20225272661,55393.41482411837,46071.15295131918,30181.991359504256,328.09504834652006,-15.358105,27.77667,Borehole/Tubewell,Hand Pump - India Mark,Well,Hand Pump,Lusaka,False,0,Shibuyunji,2014,5GP9JQRG+QM3
7.0,95.0,49998.38195515769,51533.57252013065,41409.86691731526,25346.114244503115,2639.4982432008364,-15.395888333333335,27.81686666666667,Borehole/Tubewell,Hand Pump - India Mark,Well,Hand Pump,Lusaka,False,0,Shibuyunji,2014,5GP9JR38+JPX
10.0,227.0,47093.33973094032,49884.54022943408,38503.91522400486,22465.708794057628,2347.730531142659,-15.390265,27.844283333333337,Borehole/Tubewell,Hand Pump - India Mark,Well,Hand Pump,Lusaka,False,0,Chilanga,2014,5GP9JR5V+VPV
18.0,726.0,43941.86804472186,46745.66447829927,35352.80593702861,19298.30625359251,1272.9527022650614,-15.396316666666667,27.873330000000003,Borehole/Tubewell,Hand Pump - India Mark,Well,Hand Pump,Lusaka,False,0,Shibuyunji,2014,5GP9JV3F+F8G
13.0,682.0,43441.19661459322,46497.17293396926,34851.83874771031,18826.73024752815,947.0950208555792,-15.390641666666664,27.87834833333333,Borehole/Tubewell,Hand Pump - India Mark,Well,Hand Pump,Lusaka,False,0,Shibuyunji,2014,5GP9JV5H+P8X
10.0,733.0,43517.40970467111,46582.4192929439,34928.07152725664,18905.00080545495,1033.1011902183764,-15.390235,27.877665,Borehole/Tubewell,Hand Pump - India Mark,Well,Hand Pump,Lusaka,False,0,Shibuyunji,2014,5GP9JV5H+W33
5.0,293.0,42093.67489047206,45399.85565716196,33505.228807938714,17513.22645489839,17.373755701991588,-15.387095,27.89119833333333,Borehole/Tubewell,Hand Pump - India Mark,Well,Hand Pump,Lusaka,False,0,Shibuyunji,2014,5GP9JV7R+5F8
0.0,458.0,43422.72116143349,46883.76636121157,34837.88652451565,18894.151770211643,1460.0384259071825,-15.379870000000002,27.879416666666664,Borehole/Tubewell,Hand Pump - India Mark,Well,Hand Pump,Lusaka,False,0,Chilanga,2014,5GP9JVCH+3Q3
0.0,70.0,79636.51515216724,63446.52592425943,70976.00457571345,41760.87739414635,8347.826920066502,-15.308381666666666,27.54886,Borehole/Tubewell,Hand Pump - India Mark,Well,Hand Pump,Central,False,0,Mumbwa,2014,5GP9MGRX+JGX
8.0,70.0,79186.3009042418,63388.48709204728,70571.31079735109,43410.353424003166,6732.10876495401,-15.323158333333334,27.550911666666668,Borehole/Tubewell,Hand Pump - India Mark,Well,Hand Pump,Central,False,0,Mumbwa,2014,5GP9MHG2+P9M
9.0,70.0,77669.79259364652,64240.36613509525,69003.91531683484,42205.95407480892,7990.729081232942,-15.309248333333334,27.567251666666667,Borehole/Tubewell,Hand Pump - India Mark,Well,Hand Pump,Central,False,0,Mumbwa,2014,5GP9MHR8+8W2
3.0,73.0,69822.41149258245,62506.94647038486,61097.33325699761,44126.77771007595,2656.292656616404,-15.305566666666667,27.641975,Borehole/Tubewell,Hand Pump - India Mark,Well,Hand Pump,Lusaka,False,0,Shibuyunji,2014,5GP9MJVR+QQH
18.0,227.0,63428.99111296316,60058.21503633111,54727.33384324096,39191.36672813278,2999.928443662689,-15.318991666666667,27.699981666666663,Borehole/Tubewell,Hand Pump - India Mark,Well,Hand Pump,Lusaka,False,0,Shibuyunji,2014,5GP9MMJX+CX5
7.0,110.0,65353.1216239493,60523.27409457897,56654.000085896696,41098.8189856015,1706.393436791572,-15.316929999999996,27.682166666666664,Borehole/Tubewell,Hand Pump - India Mark,Well,Hand Pump,Lusaka,False,0,Shibuyunji,2014,5GP9MMMJ+6VF
7.0,205.0,63793.26706917712,60380.680555737854,55081.71189662496,39575.17632518824,2708.7644380739653,-15.316383333333333,27.69701,Borehole/Tubewell,,Well,,Lusaka,False,0,Shibuyunji,2014,5GP9MMMW+CRR
7.0,161.0,60051.948836724754,57745.78670080353,51412.46256167142,35692.66292494521,3447.1523527378595,-15.33758,27.728746666666662,Borehole/Tubewell,Hand Pump - India Mark,Well,Hand Pump,Lusaka,False,0,Shibuyunji,2014,5GP9MP6H+XF9
18.0,190.0,59732.61067626495,58108.8735969002,51077.33287583864,35412.25957602367,2954.507768904872,-15.33409666666667,27.7323,Borehole/Tubewell,Hand Pump - India Mark,Well,Hand Pump,Lusaka,False,0,Shibuyunji,2014,5GP9MP8J+9W7
11.0,432.0,55461.12698402108,57322.99142239271,46811.16504053902,31154.4062964364,52.77082190428546,-15.34054,27.77152333333333,Borehole/Tubewell,Hand Pump - Afridev,Well,Hand Pump,Lusaka,False,0,Shibuyunji,2014,5GP9MQ5C+QJJ
2.0,821.0,57117.712294965095,58745.75511880573,48416.302533335016,32926.01544129498,123.31357414003836,-15.327596666666668,27.75809166666666,Borehole/Tubewell,Hand Pump - India Mark,Well,Hand Pump,Lusaka,False,0,Shibuyunji,2014,5GP9MQC5+X68
19.0,880.0,56806.92669743738,58706.94417524317,48105.09109114884,32618.969668175265,122.8373993609037,-15.327938333333334,27.76096833333333,Borehole/Tubewell,Hand Pump - India Mark,Well,Hand Pump,Lusaka,False,0,Shibuyunji,2014,5GP9MQC6+R9G
8.0,865.0,57222.90886539198,59445.31591529821,48486.23323416964,33109.83991493792,132.35159544008943,-15.321273333333332,27.75828333333333,Borehole/Tubewell,Hand Pump - India Mark,Well,Hand Pump,Lusaka,False,0,Shibuyunji,2014,5GP9MQH5+F8V
9.0,616.0,57436.49484500206,60518.65067816545,48642.25228926652,33453.075893415895,373.9540658824175,-15.311573333333335,27.758235,Borehole/Tubewell,Hand Pump - India Mark,Well,Hand Pump,Lusaka,False,0,Shibuyunji,2014,5GP9MQQ5+97H
9.0,404.0,58377.06237910412,61600.19038246098,49536.1229832088,34505.357156558646,51.36322425229767,-15.301873333333331,27.75143166666667,Borehole/Tubewell,Hand Pump - India Mark,Well,Hand Pump,Lusaka,False,0,Shibuyunji,2014,5GP9MQX2+7H3
9.0,128.0,80548.20979990296,60725.43140494428,71703.55619955355,36692.25540200525,13295.397711403426,-15.261886666666664,27.54914666666667,Borehole/Tubewell,Hand Pump - India Mark,Well,Hand Pump,Central,False,0,Mumbwa,2014,5GP9PGQX+6MR
20.0,51.0,76967.43689477403,65062.87975356995,68256.94913853759,41258.995253873225,8211.295621144956,-15.298710000000002,27.575668333333336,Protected Well,Hand Pump,Well,Hand Pump,Central,False,0,Mumbwa,2014,5GP9PH2G+G77
34.0,472.0,75478.60690693825,65218.9779023453,66590.14791240064,37785.74269584086,8976.4387658752,-15.260138333333336,27.59795833333333,Borehole/Tubewell,Hand Pump - India Mark,Well,Hand Pump,Central,False,0,Mumbwa,2014,5GP9PHQX+W5W
10.0,190.0,70545.8718649469,64829.04397236806,61724.10092048496,41879.08109685075,3771.819922915504,-15.284665,27.63934,Borehole/Tubewell,Hand Pump - India Mark,Well,Hand Pump,Lusaka,False,0,Shibuyunji,2014,5GP9PJ8Q+4PP
33.0,466.0,75151.99978669593,65584.82312253636,66270.68493486718,38124.909201740855,8602.718556893065,-15.262556666666669,27.600495,Borehole/Tubewell,Hand Pump - India Mark,Well,Hand Pump,Central,False,0,Mumbwa,2014,5GP9PJP2+X5H
1.0,352.0,74891.33180732283,65526.97726516069,65964.78547449065,37149.20157328489,8856.487241828516,-15.251466666666666,27.605775,Borehole/Tubewell,Hand Pump - India Mark,Well,Hand Pump,Central,False,0,Mumbwa,2014,5GP9PJX4+C86
9.0,132.0,68743.11244943259,63918.9956838114,59932.444704934765,43109.63250823001,2034.9356123844807,-15.290045,27.65532333333333,Borehole/Tubewell,Hand Pump - India Mark,Well,Hand Pump,Lusaka,False,0,Shibuyunji,2014,5GP9PM54+X4P
18.0,73.0,64109.94575388288,63004.8954990732,55271.59410827576,40167.77420342379,52.52996088946732,-15.292315,27.698941666666663,Borehole/Tubewell,Hand Pump - India Mark,Well,Hand Pump,Lusaka,False,0,Shibuyunji,2014,5GP9PM5X+3HG
1.0,454.0,67175.78707143133,63978.78266090127,58337.54561752505,43206.41627770088,1328.3559111169895,-15.286971666666666,27.670926666666663,Borehole/Tubewell,Hand Pump - India Mark,Well,Hand Pump,Lusaka,False,0,Shibuyunji,2014,5GP9PM7C+697
3.0,102.0,65426.61738909997,63853.62358591994,56567.971804679335,41526.67211466769,742.9931277013935,-15.285833333333334,27.687876666666664,Borehole/Tubewell,Hand Pump - Afridev,Well,Hand Pump,Lusaka,False,0,Shibuyunji,2014,5GP9PM7Q+M56
8.0,557.0,66507.58520045679,64620.28735936925,57630.83364985447,42511.39889819639,1542.3354992222803,-15.279981666666666,27.678941666666667,Borehole/Tubewell,Hand Pump - India Mark,Well,Hand Pump,Lusaka,False,0,Shibuyunji,2014,5GP9PMCH+2H4
9.0,432.0,61752.89072016845,64192.14187558285,52830.316955860166,38092.644222663694,131.1880722567577,-15.279456666666666,27.72464166666667,Borehole/Tubewell,Hand Pump - India Mark,Well,Hand Pump,Lusaka,False,0,Shibuyunji,2014,5GP9PPCF+6V6
1.0,51.0,64341.78230615904,64683.430430089815,55431.67175129303,40607.68547620629,1571.9309077996063,-15.276911666666669,27.70044833333333,Borehole/Tubewell,Hand Pump - India Mark,Well,Hand Pump,Lusaka,False,0,Shibuyunji,2014,5GP9PPF2+65P
0.0,154.0,63233.26487565817,64686.87943910528,54308.32841512887,39562.2559041006,1021.73981652729,-15.275905,27.711351666666665,Borehole/Tubewell,Hand Pump - India Mark,Well,Hand Pump,Lusaka,False,0,Shibuyunji,2014,5GP9PPF6+JGQ
18.0,584.0,61136.65195468698,64869.2908056208,52178.22327630268,37618.5868037629,102.53727924382686,-15.27292,27.73234,Borehole/Tubewell,Hand Pump - India Mark,Well,Hand Pump,Lusaka,False,0,Shibuyunji,2014,5GP9PPGJ+RWP
12.0,318.0,59902.10408641864,64617.62296938772,50939.81275022445,36418.87276962388,76.57845434752878,-15.27477,27.74373166666667,Protected Well,Hand Pump - Rope,Well,,Lusaka,False,0,Shibuyunji,2014,5GP9PPGV+3FX
3.0,240.0,59448.717371300045,64626.70342100275,50481.02022410406,35995.30266577052,392.9230969135079,-15.274578333333332,27.748161666666668,Borehole/Tubewell,Hand Pump - India Mark,Well,Hand Pump,Central,False,0,Chibombo,2014,5GP9PPGX+577
1.0,547.0,60192.58644905087,65707.52300728484,51185.12698286129,36896.80953254161,24.46766060956037,-15.264026666666666,27.744051666666664,Borehole/Tubewell,Hand Pump - India Mark,Well,Hand Pump,Central,False,0,Chibombo,2014,5GP9PPPV+CH3
24.0,542.0,59934.54540146283,65542.30385800445,50913.69821146236,36706.49124809023,135.97859583556695,-15.261506666666666,27.747326666666662,Borehole/Tubewell,Hand Pump - India Mark,Well,Hand Pump,Central,False,0,Chibombo,2014,5GP9PPQW+9WW
20.0,494.0,60459.26849685957,66104.84342981501,51429.985446383216,37262.5056650602,343.4043479536529,-15.258193333333336,27.743255,Borehole/Tubewell,Hand Pump - India Mark,Well,Hand Pump,Central,False,0,Chibombo,2014,5GP9PPRV+P8C
9.0,374.0,65043.05475559549,67460.25090770483,56032.36073711163,39181.89913335551,3890.441188782481,-15.251666666666663,27.70073166666667,Borehole/Tubewell,Hand Pump - India Mark,Well,Hand Pump,Lusaka,False,0,Shibuyunji,2014,5GP9PPX2+87Q
22.0,210.0,60704.15935390527,66504.9200289487,51650.562257654914,37628.979334511496,82.20194607359197,-15.251471666666664,27.74301666666667,Protected Well,Hand Pump - Rope,Well,,Central,False,0,Chibombo,2014,5GP9PPXV+C66
6.0,85.0,56930.99709319432,61853.495219206445,48046.32785020162,33212.748224519135,1715.0091890183942,-15.296533333333333,27.766531666666666,Borehole/Tubewell,Hand Pump - India Mark,Well,Hand Pump,Central,False,0,Chibombo,2014,5GP9PQ38+9JM
5.0,146.0,55185.13652722478,60292.61015744873,46278.45658084103,31572.11875791911,2920.9786868189944,-15.295861666666667,27.78344,Protected Well,Hand Pump - Rope,Well,,Central,False,0,Chibombo,2014,5GP9PQ3M+M94
3.0,82.0,57342.19983541828,62691.07426687068,48378.47760214014,33909.80491845273,2470.086117173262,-15.2801,27.766936666666663,Borehole/Tubewell,Hand Pump - India Mark,Well,Hand Pump,Central,False,0,Chibombo,2014,5GP9PQ98+XQ7
0.0,82.0,57232.85762952697,62567.20225086797,48272.251332076725,33789.48584644742,2568.500616769192,-15.280995,27.767740000000003,Borehole/Tubewell,Hand Pump - India Mark,Well,Hand Pump,Central,False,0,Chibombo,2014,5GP9PQ99+J35
3.0,120.0,55877.41880225785,61327.748070434354,46905.62939121621,32508.87019402678,3897.220655833047,-15.281666666666668,27.78063833333333,Borehole/Tubewell,Hand Pump - India Mark,Well,Hand Pump,Central,False,0,Chibombo,2014,5GP9PQ9J+87J
0.0,178.0,55536.45499586046,61038.88943389186,46557.90674845408,32204.386620935544,3664.1549807739775,-15.28107,27.78410666666667,Borehole/Tubewell,Hand Pump - India Mark,Well,Hand Pump,Central,False,0,Chibombo,2014,5GP9PQ9M+HJH
26.0,193.0,55106.23335522416,60818.02845012485,46095.40825464122,31933.1941578864,3359.150196916504,-15.275405,27.789961666666667,Protected Well,Hand Pump - Rope,Well,,Central,False,0,Chibombo,2014,5GP9PQFQ+RXP
20.0,213.0,55155.84059756515,60870.419244471865,46144.263289653,31985.28151323374,3410.9505754049137,-15.275126666666663,27.789565,Borehole/Tubewell,Hand Pump - India Mark,Well,Hand Pump,Central,False,0,Chibombo,2014,5GP9PQFQ+WRW
5.0,168.0,58659.74295235447,64064.1038284501,49678.84053260327,35275.04167580144,1223.1079479658504,-15.273509999999998,27.756091666666663,Borehole/Tubewell,Hand Pump - India Mark,Well,Hand Pump,Central,False,0,Chibombo,2014,5GP9PQG4+HCW
9.0,153.0,58377.493000446186,63826.12228031014,49390.76224307647,35023.00996737944,1527.2051407841095,-15.2729,27.759,Borehole/Tubewell,Hand Pump - India Mark,Well,Hand Pump,Central,False,0,Chibombo,2014,5GP9PQG5+RJR
27.0,138.0,58382.57109316559,63839.280582767184,49394.45931071199,35033.99079317816,1528.2570404070636,-15.27259,27.75904166666667,Protected Well,Hand Pump - Rope,Well,,Central,False,0,Chibombo,2014,5GP9PQG5+XJ7
5.0,225.0,55791.41115374118,61538.35520261317,46770.87348744545,32649.97603833356,4073.6849586239696,-15.271661666666668,27.784456666666664,Protected Well,Hand Pump - Rope,Well,,Central,False,0,Chibombo,2014,5GP9PQHM+8QP
2.0,210.0,55360.50009425925,61165.593840417045,46333.265970192486,32263.87706781784,3690.4973556292152,-15.271243333333333,27.788778333333333,Protected Well,Hand Pump - Rope,Well,,Central,False,0,Chibombo,2014,5GP9PQHQ+GG2
5.0,205.0,55142.19187614105,60999.01755350886,46108.13339427966,32086.99736083924,3528.389610049315,-15.270273333333334,27.79121,Borehole/Tubewell,Hand Pump - India Mark,Well,Hand Pump,Central,False,0,Chibombo,2014,5GP9PQHR+VFW
29.0,165.0,57657.0052559047,63313.5625864578,48640.3631421014,34454.25495935397,2363.414748284521,-15.268003333333334,27.767455,Borehole/Tubewell,Hand Pump - India Mark,Well,Hand Pump,Central,False,0,Chibombo,2014,5GP9PQJ8+QXW
1.0,431.0,59201.75002139404,64765.177125740105,50191.6733384739,35936.503519727594,806.4634878488674,-15.265785,27.75313333333333,Borehole/Tubewell,Hand Pump - India Mark,Well,Hand Pump,Central,False,0,Chibombo,2014,5GP9PQM3+M7J
2.0,145.0,56375.9374137866,62239.029049326295,47334.12102713828,33331.56762777527,3750.718393415296,-15.265415,27.780736666666662,Protected Well,Hand Pump - Rope,Well,,Central,False,0,Chibombo,2014,5GP9PQMJ+R7Q
2.0,200.0,55713.137696809084,61629.10631267156,46666.88487683812,32709.7409699567,4167.33014315833,-15.266066666666664,27.78699166666667,Borehole/Tubewell,Hand Pump - India Mark,Well,Hand Pump,Central,False,0,Chibombo,2014,5GP9PQMP+HQH
0.0,484.0,59546.88293069677,65133.802496010256,50531.27438112279,36301.09968105295,492.2692072880113,-15.263678333333331,27.750425000000003,Borehole/Tubewell,Hand Pump - India Mark,Well,Hand Pump,Central,False,0,Chibombo,2014,5GP9PQP2+G5F
8.0,178.0,56610.09469008459,62463.67155816832,47568.48046744571,33558.982454276,3518.7232393987674,-15.26487,27.778628333333337,Protected Well,Hand Pump - Rope,Well,,Central,False,0,Chibombo,2014,5GP9PQPH+3F2
12.0,168.0,56633.21169844632,62497.72401609478,47589.82140317348,33591.17889075084,3505.345128079025,-15.264396666666668,27.778555,Protected Well,Hand Pump - Rope,Well,,Central,False,0,Chibombo,2014,5GP9PQPH+6CV
5.0,107.0,56258.853048832505,62157.24859405892,47212.32855197712,33243.14877208999,3889.632513219374,-15.264615,27.782136666666663,Protected Well,Hand Pump - Rope,Well,,Central,False,0,Chibombo,2014,5GP9PQPJ+5V2
9.0,153.0,56469.52340482237,62357.79755290005,47423.41276394832,33446.35462930289,3679.291183549004,-15.264175,27.78022333333333,Protected Well,Hand Pump - Rope,Well,,Central,False,0,Chibombo,2014,5GP9PQPJ+83Q
15.0,105.0,56181.20984879071,62135.76255391921,47126.73318106498,33212.19505276402,4004.5973307027502,-15.262936666666668,27.783441666666665,Protected Well,Hand Pump - Rope,Well,,Central,False,0,Chibombo,2014,5GP9PQPM+R9G
2.0,120.0,57416.726229814136,63281.08590281301,48369.31895670176,34378.06841656519,2750.325564779272,-15.261453333333334,27.77186166666667,Borehole/Tubewell,Hand Pump - India Mark,Well,Hand Pump,Central,False,0,Chibombo,2014,5GP9PQQC+CP9
6.0,105.0,56304.68127267453,62270.33377456157,47247.94008234172,33345.54622533057,3896.045126831767,-15.262075,27.782518333333336,Protected Well,Hand Pump - Rope,Well,,Central,False,0,Chibombo,2014,5GP9PQQM+52C
3.0,92.0,56029.60633025309,62074.98468310152,46962.71124034244,33137.59911572532,4356.423215016118,-15.26033,27.785788333333336,Protected Well,Hand Pump - Rope,Well,,Central,False,0,Chibombo,2014,5GP9PQQP+V87
50.0,75.0,54748.70768286636,60944.78735572331,45666.97024200711,31985.91653004019,3475.724130989098,-15.260096666666668,27.798423333333336,Borehole/Tubewell,Hand Pump - India Mark,Well,Hand Pump,Central,False,0,Chibombo,2014,5GP9PQQX+X97
0.0,67.0,55789.855822486046,61942.22546485391,46709.0853822602,32990.86280015042,4503.401214490421,-15.257515,27.789093333333334,Protected Well,Hand Pump - Rope,Well,,Central,False,0,Chibombo,2014,5GP9PQRQ+XJW
0.0,57.0,55728.02878775555,61909.312161923146,46643.57930826699,32954.66574253266,4455.099309588758,-15.256746666666666,27.789965,Protected Well,Hand Pump - Rope,Well,,Central,False,0,Chibombo,2014,5GP9PQVQ+8X4
10.0,72.0,55994.96343828965,62222.06256400029,46903.08210582457,33263.60310835316,4746.963576030648,-15.254085000000002,27.78826833333333,Protected Well,Hand Pump - Rope,Well,,Central,False,0,Chibombo,2014,5GP9PQWQ+986
0.0,40.0,55802.40396026404,62085.34991084774,46703.99742332519,33121.47708472408,4579.285038555791,-15.252891666666669,27.79058333333333,Protected Well,Hand Pump - Rope,Well,,Central,False,0,Chibombo,2014,5GP9PQWR+R6W
2.0,67.0,54998.25079350429,61315.811165029045,45898.95214359006,32347.608166599457,3791.3708850682297,-15.254908333333333,27.797785,Protected Well,Hand Pump - Rope,Well,,Central,False,0,Chibombo,2014,5GP9PQWX+24M
1.0,47.0,55369.0815772593,61723.579989429694,46263.32515693465,32753.664182458364,4192.751593458579,-15.252131666666664,27.79512333333333,Protected Well,Hand Pump - Rope,Well,,Central,False,0,Chibombo,2014,5GP9PQXW+42X
22.0,105.0,53068.043197662046,58685.72015465869,44086.32254436909,29809.12357314345,1247.7356825291863,-15.286030000000002,27.80654333333333,Protected Spring,Rope and Bucket,Spring,Rope and Bucket,Central,False,0,Chibombo,2014,5GP9PR74+HJM
1.0,278.0,52635.9141065163,58601.59861076072,43599.84272446513,29661.83509793947,1187.3058607554194,-15.276088333333332,27.81378,Borehole/Tubewell,Hand Pump - India Mark,Well,Hand Pump,Central,False,0,Chibombo,2014,5GP9PRF7+HG6
6.0,235.0,53628.80045961053,59564.23918452104,44591.38104720291,30632.880609387183,2160.8112701706277,-15.273314999999998,27.80498833333333,Borehole/Tubewell,Hand Pump - India Mark,Well,Hand Pump,Central,False,0,Chibombo,2014,5GP9PRG3+MXH
2.0,318.0,52966.245643280825,58989.85874708229,43919.240946453465,30043.95655232483,1566.8931935386236,-15.272895000000002,27.811586666666667,Borehole/Tubewell,Hand Pump - India Mark,Well,Hand Pump,Central,False,0,Chibombo,2014,5GP9PRG6+RJW
24.0,293.0,52644.72312251258,58809.07240998257,43578.64315729288,29847.27258543629,1338.5329779456,-15.26946,27.815865,Borehole/Tubewell,Hand Pump - India Mark,Well,Hand Pump,Central,False,0,Chibombo,2014,5GP9PRJ8+689
2.0,57.0,53791.94664879063,60169.11281917127,44690.46993887621,31195.332773401056,2635.6912031986544,-15.25773,27.808661666666666,Protected Well,Hand Pump - Rope,Well,,Central,False,0,Chibombo,2014,5GP9PRR5+WF3
4.0,140.0,51447.51143535165,58103.61272062124,42321.83235612941,29126.001225711312,1530.4236048694677,-15.258098333333333,27.831685,Borehole/Tubewell,Hand Pump - India Mark,Well,Hand Pump,Central,False,0,Chibombo,2014,5GP9PRRJ+QM7
3.0,72.0,54540.92960612581,60869.90291478816,45442.24611645422,31900.04061237524,3339.893313443756,-15.256353333333331,27.801775,Protected Well,Hand Pump - Rope,Well,,Central,False,0,Chibombo,2014,5GP9PRV2+FP2
16.0,77.0,54538.96470678283,60901.81393223243,45435.85935626159,31929.93302609185,3367.2082838352835,-15.255196666666668,27.802206666666667,Protected Well,Hand Pump - Rope,Well,,Central,False,0,Chibombo,2014,5GP9PRV2+WVG
3.0,107.0,52331.166458963606,58928.34214072215,43208.60237870674,29949.08372275597,1772.550461354269,-15.256341666666666,27.82359166666667,Borehole/Tubewell,Hand Pump - India Mark,Well,Hand Pump,Central,False,0,Chibombo,2014,5GP9PRVF+FC8
0.0,85.0,53677.99998333239,60156.54500833121,44564.03839954891,31179.06309403589,2666.5533603346307,-15.254751666666667,27.810861666666664,Protected Well,Hand Pump - Rope,Well,,Central,False,0,Chibombo,2014,5GP9PRW6+38X
42.0,341.0,79816.03484108369,60624.19450902958,70872.96262776242,34235.952045528895,14524.477877820436,-15.236539999999998,27.562395,Borehole/Tubewell,Hand Pump - India Mark,Well,Hand Pump,Central,False,0,Mumbwa,2014,5GP9QH76+9XJ
8.0,135.0,76789.38897569948,63408.78064706737,67820.94390925777,35024.00422979451,11124.587573465527,-15.235855,27.591726666666663,Borehole/Tubewell,Hand Pump - India Mark,Well,Hand Pump,Central,False,0,Mumbwa,2014,5GP9QH7R+MM5
1.0,271.0,78122.3396907119,61640.13641158125,69065.10512642277,31688.036271937704,8197.968015621265,-15.205203333333335,27.588055,Borehole/Tubewell,Hand Pump - India Mark,Well,Hand Pump,Lusaka,False,0,Shibuyunji,2014,5GP9QHVQ+W67
3.0,195.0,66632.52646281145,70332.48898697428,57545.9184714848,36453.69987741004,2967.7893878898008,-15.22629,27.69343,Borehole/Tubewell,Hand Pump - India Mark,Well,Hand Pump,Lusaka,False,0,Shibuyunji,2014,5GP9QMFV+F9M
18.0,155.0,60704.208951977125,66618.81048662889,51634.3924077163,37720.50048574109,351.1498955080974,-15.247188333333334,27.744433333333337,Borehole/Tubewell,Hand Pump - India Mark,Well,Hand Pump,Central,False,0,Chibombo,2014,5GP9QP3V+4QF
20.0,95.0,60594.5435393335,66722.14687055473,51496.570499499314,37404.42821527791,1214.489251295398,-15.239588333333332,27.748125,Borehole/Tubewell,Hand Pump - India Mark,Well,Hand Pump,Central,False,0,Chibombo,2014,5GP9QP6X+576
2.0,60.0,65342.26905983052,71836.05779594723,56187.51035630477,34050.89415536162,62.26330008440596,-15.206215000000002,27.713588333333337,Borehole/Tubewell,Hand Pump - India Mark,Well,Hand Pump,Central,False,0,Chibombo,2014,5GP9QPV7+GC8
2.0,80.0,59640.79039234875,65715.31645249376,50553.54899663366,36786.57083680365,1332.73165667125,-15.24529,27.755506666666665,Protected Well,Hand Pump - Rope,Well,,Central,False,0,Chibombo,2014,5GP9QQ34+V6J
0.0,62.0,58919.23603586309,65073.42492643261,49824.39428951548,36131.44222193053,1949.4595259549244,-15.245165000000002,27.762641666666664,Protected Well,Hand Pump - Rope,Well,,Central,False,0,Chibombo,2014,5GP9QQ37+W3J
1.0,90.0,60147.53239808512,66190.22852875547,51062.48247533575,37268.037573961614,1054.4289886039726,-15.244513333333336,27.750799999999995,Protected Well,Hand Pump - Rope,Well,,Central,False,0,Chibombo,2014,5GP9QQ42+58V
0.0,70.0,59944.832210698056,66041.83514668197,50853.37156842765,37110.83408831304,1337.2011827437505,-15.243271666666663,27.753221666666665,Protected Well,Hand Pump - Rope,Well,,Central,False,0,Chibombo,2014,5GP9QQ43+M7X
3.0,67.0,58845.00773724467,65013.44705437304,49748.604768607285,36069.46151902483,2037.8569392155775,-15.244933333333332,27.763453333333334,Protected Well,Hand Pump - Rope,Well,,Central,False,0,Chibombo,2014,5GP9QQ47+29G
37.0,82.0,58149.93767905892,64483.84235418773,49035.31233455917,35520.982632693514,2969.1232247105218,-15.241651666666666,27.77148,Protected Well,Hand Pump - Rope,Well,,Central,False,0,Chibombo,2014,5GP9QQ5C+8HQ
0.0,107.0,57575.9757367452,64008.40517421084,48451.60661484553,35037.47763615637,3621.8078910921095,-15.240406666666669,27.777611666666665,Borehole/Tubewell,Hand Pump - India Mark,Well,Hand Pump,Central,False,0,Chibombo,2014,5GP9QQ5H+R2Q
1.0,72.0,56869.74449155743,63365.78419552716,47740.50490899195,34390.727198824374,4270.277203231635,-15.241016666666669,27.78437666666667,Protected Well,Hand Pump - Rope,Well,,Central,False,0,Chibombo,2014,5GP9QQ5M+HQR
1.0,75.0,57003.21511884057,63624.8434718346,47859.24315943592,34646.29927826829,4547.256701622609,-15.235964999999998,27.78497666666666,Protected Well,Hand Pump - Rope,Well,,Central,False,0,Chibombo,2014,5GP9QQ7M+JX9
0.0,17.0,47792.534747958285,53852.74225801472,37521.70749386743,28219.925057328248,3098.658376213817,-15.17147,27.91567,Borehole/Tubewell,Hand Pump - India Mark,Well,Hand Pump,Central,False,0,Chibombo,2014,5GP9RWH8+C77
8.0,180.0,39127.9442082316,47272.99863911924,28449.73317011761,20880.46731254579,116.06274385343453,-15.196328333333334,27.997016666666664,Borehole/Tubewell,Hand Pump - India Mark,Well,Hand Pump,Central,False,0,Chibombo,2014,5GP9RX3W+FR6
3.0,133.0,39947.2662013113,47891.79041649312,29528.33714196648,21534.90391718443,73.36247735782626,-15.194151666666668,27.98907166666667,Borehole/Tubewell,Hand Pump - India Mark,Well,Hand Pump,Central,False,0,Chibombo,2014,5GP9RX4Q+8JP
11.0,117.0,40045.98847534743,47951.645030349886,29629.379788763323,21620.116099657607,76.50024300598712,-15.193773333333334,27.98821,Borehole/Tubewell,Hand Pump - India Mark,Well,Hand Pump,Central,False,0,Chibombo,2014,5GP9RX4Q+F7W
7.0,133.0,41412.33709599703,49085.84631024801,32065.81944605665,22714.723293135907,247.2820245887082,-15.19085,27.974485,Borehole/Tubewell,Hand Pump - India Mark,Well,Hand Pump,Central,False,0,Chibombo,2014,5GP9RX5F+MQ9
19.0,130.0,40552.56375948874,48274.65633949912,30575.158559911182,22054.53714667536,176.59693732874302,-15.19194,27.983705,Borehole/Tubewell,Hand Pump - India Mark,Well,Hand Pump,Central,False,0,Chibombo,2014,5GP9RX5M+6FG
1.0,206.0,95337.14402087174,44254.94471830786,86201.32284031199,19299.76900855732,596.2556957683862,-15.122925000000002,27.44771166666667,Borehole/Tubewell,Hand Pump - India Mark,Well,Hand Pump,Central,False,0,Mumbwa,2014,5GP9VCGX+R3P
1.0,361.0,93787.15475925434,45809.52317132653,84659.45241698997,20476.743406430607,289.0202393669085,-15.131888333333332,27.45970833333333,Borehole/Tubewell,Hand Pump - Afridev,Well,Hand Pump,Central,False,0,Mumbwa,2014,5GP9VF95+6VW
10.0,309.0,90248.69080037028,49353.11259561008,81100.02247139024,21420.830852378564,367.3142272206925,-15.13148,27.494923333333336,Borehole/Tubewell,Hand Pump - India Mark,Well,Hand Pump,Central,False,0,Mumbwa,2014,5GP9VF9V+CX3
16.0,644.0,93404.174097403,46188.2776614774,84264.91507523034,20056.07664128485,55.93794541286599,-15.126908333333333,27.46535833333333,Borehole/Tubewell,Hand Pump - India Mark,Well,Hand Pump,Central,False,0,Mumbwa,2014,5GP9VFF8+64Q
16.0,599.0,93213.80184229104,46380.2625812574,84071.7526964932,20006.82243379726,143.8198446021025,-15.12597,27.467601666666663,Borehole/Tubewell,Hand Pump - India Mark,Well,Hand Pump,Central,False,0,Mumbwa,2014,5GP9VFF9+J29
9.0,283.0,90321.1394011534,49306.42549654692,81161.79709829681,20833.55071409529,347.12676950302296,-15.125241666666666,27.496638333333333,Borehole/Tubewell,Hand Pump - India Mark,Well,Hand Pump,Central,False,0,Mumbwa,2014,5GP9VFFW+WM2
8.0,238.0,90737.6737457582,48893.979248286574,81577.22103573075,20507.446988416646,467.9232367960724,-15.123281666666664,27.49326333333333,Borehole/Tubewell,Hand Pump - India Mark,Well,Hand Pump,Central,False,0,Mumbwa,2014,5GP9VFGV+M8J
42.0,477.0,92939.76304199971,46673.49583417567,83785.90595372318,19511.34662267298,714.4376654319541,-15.120174999999998,27.472556666666662,Borehole/Tubewell,Hand Pump - India Mark,Well,Hand Pump,Central,False,0,Mumbwa,2014,5GP9VFHF+W2M
10.0,264.0,92586.5038845942,47081.14576462888,83418.26204113943,18902.92144194405,1381.9887444231165,-15.112641666666663,27.479066666666668,Borehole/Tubewell,Hand Pump - India Mark,Well,Hand Pump,Central,False,0,Mumbwa,2014,5GP9VFPH+WJW
9.0,96.0,94892.07508960715,44786.82285927874,85722.67912267457,17490.682438988584,2577.5440324920637,-15.104451666666668,27.459336666666665,Borehole/Tubewell,Hand Pump - India Mark,Well,Hand Pump,Central,False,0,Mumbwa,2014,5GP9VFW5+6P8
10.0,186.0,89022.80165386734,50571.83181098066,79894.57236641776,23156.27820679001,1839.4947830146607,-15.145786666666668,27.501665000000003,Borehole/Tubewell,Hand Pump - India Mark,Well,Hand Pump,Central,False,0,Mumbwa,2014,5GP9VG32+MMM
8.0,270.0,89717.555726527,49917.33051079178,80555.91647115338,21071.00124441652,303.90790739770847,-15.125831666666668,27.50242166666667,Borehole/Tubewell,Hand Pump - India Mark,Well,Hand Pump,Central,False,0,Mumbwa,2014,5GP9VGF2+MX7
9.0,58.0,81420.98017322575,58618.39310301803,72205.93634114049,22971.215875720336,933.558247640698,-15.119295,27.58872666666667,Borehole/Tubewell,Hand Pump - India Mark,Well,Hand Pump,Lusaka,False,0,Shibuyunji,2014,5GP9VHJQ+7FQ
9.0,217.0,74360.20055837226,65589.00181678524,65146.35476712968,28250.351355322156,102.09444908878572,-15.145566666666666,27.64859,Borehole/Tubewell,Hand Pump - India Mark,Well,Hand Pump,Lusaka,False,0,Shibuyunji,2014,5GP9VJ3X+QCG
3.0,298.0,74716.06001769801,65246.66077069304,65501.35436256656,28116.82556048982,35.23552586335898,-15.143703333333333,27.64581833333333,Borehole/Tubewell,Hand Pump - India Mark,Well,Hand Pump,Lusaka,False,0,Shibuyunji,2014,5GP9VJ4W+G88
10.0,586.0,78838.66269329758,60987.19295169536,69640.61413100851,25828.887251612014,735.6811667339936,-15.139811666666668,27.605756666666668,Borehole/Tubewell,Hand Pump - India Mark,Well,Hand Pump,Lusaka,False,0,Shibuyunji,2014,5GP9VJ64+38C
18.0,572.0,78513.40602322524,61324.49221574065,69313.73275101256,26007.171001602102,642.1029272546151,-15.13995,27.608983333333335,Borehole/Tubewell,Hand Pump - India Mark,Well,Hand Pump,Lusaka,False,0,Shibuyunji,2014,5GP9VJ65+2HH
10.0,107.0,74823.80752523187,65319.63757492048,65596.74566151871,27005.54356268621,1081.1291425416332,-15.134151666666666,27.649165,Borehole/Tubewell,Hand Pump - India Mark,Well,Hand Pump,Central,False,0,Chibombo,2014,5GP9VJ8X+8MM
42.0,550.0,79708.58726589633,60188.21116991765,70503.66678437612,24829.732899304603,123.51383026611444,-15.132456666666666,27.60019,Borehole/Tubewell,Hand Pump - India Mark,Well,Hand Pump,Lusaka,False,0,Shibuyunji,2014,5GP9VJ92+238
45.0,82.0,75908.69846466463,64607.86367794272,66537.42688485024,25094.46416526786,2823.535428713016,-15.115833333333336,27.64695166666667,Protected Well,Hand Pump - Rope,Well,,Central,False,0,Chibombo,2014,5GP9VJMW+MQ8
20.0,154.0,74112.3549715,65868.4243943517,64895.67450447719,28070.016512767063,147.43990609401055,-15.144538333333331,27.65158333333333,Borehole/Tubewell,Hand Pump - India Mark,Well,Hand Pump,Lusaka,False,0,Shibuyunji,2014,5GP9VM42+5JP
14.0,67.0,75625.37662273122,65332.02105675238,66101.63830209091,23418.187210358235,4617.369616578454,-15.102585,27.656775,Borehole/Tubewell,Hand Pump - India Mark,Well,Hand Pump,Central,False,0,Chibombo,2014,5GP9VMW4+XP6
39.0,55.0,66165.81187221246,71808.49754324155,56766.98085260582,27564.10117759725,5499.265354367938,-15.148825,27.73128,Borehole/Tubewell,Hand Pump - India Mark,Well,Hand Pump,Central,False,0,Chibombo,2014,5GP9VP2J+FGC
19.0,32.0,65851.63274974986,71258.84667436624,56406.88590048048,27241.644878998377,6043.566599062648,-15.14629333333333,27.735876666666663,Protected Well,Hand Pump - Rope,Well,,Central,False,0,Chibombo,2014,5GP9VP3P+F9J
21.0,47.0,69186.6277849194,71339.59240075543,59768.61694757915,26398.746695313694,5076.014520806666,-15.136188333333331,27.706363333333336,Borehole/Tubewell,Hand Pump - India Mark,Well,Hand Pump,Central,False,0,Chibombo,2014,5GP9VP74+GGH
14.0,27.0,66220.70649643369,70703.49984839543,56652.40701175884,25956.06132929164,7131.585073849826,-15.134826666666669,27.738175,Protected Well,Hand Pump - Rope,Well,,Central,False,0,Chibombo,2014,5GP9VP8Q+377
0.0,45.0,56123.01294450125,60733.354125477446,46133.79149796759,35658.62839923045,3864.0044804689887,-15.148428333333332,27.83854833333333,Borehole/Tubewell,Hand Pump - India Mark,Well,Hand Pump,Central,False,0,Chibombo,2014,5GP9VR2Q+JCF
0.0,75.0,58328.87773845284,62259.45493178783,48330.34285159142,25629.803845173366,4785.5449911484775,-15.138686666666668,27.82061666666667,Protected Well,Hand Pump - Rope,Well,,Central,False,0,Chibombo,2014,5GP9VR6C+G6H
16.0,30.0,57327.94928110388,60125.31864018482,47056.97815009053,24420.10930471415,2587.0480724388744,-15.128713333333334,27.83832,Borehole/Tubewell,Hand Pump - India Mark,Well,Hand Pump,Central,False,0,Chibombo,2014,5GP9VRCQ+G88
5.0,17.0,54775.82429449604,58603.54560360206,44551.52874688803,34720.433820969585,2249.927064397075,-15.142493333333334,27.857398333333336,Borehole/Tubewell,Hand Pump - India Mark,Well,Hand Pump,Central,False,0,Chibombo,2014,5GP9VV54+2X2
7.0,27.0,53337.16282734865,55448.10708726845,42704.510053805694,24147.62738803653,81.6485582759121,-15.128771666666667,27.88372333333333,Borehole/Tubewell,Hand Pump - India Mark,Well,Hand Pump,Central,False,0,Chibombo,2014,5GP9VVCM+FFX
25.0,62.0,54503.490428916535,56469.32460073276,43916.77328795992,23849.10644025716,10.965640146322189,-15.125448333333336,27.87275833333333,Borehole/Tubewell,Hand Pump - India Mark,Well,Hand Pump,Central,False,0,Chibombo,2014,5GP9VVFF+R4C
16.0,57.0,49080.19763061749,51585.07236940778,38228.58637965688,30432.220692179908,147.13490172401703,-15.139401666666666,27.92531166666667,Borehole/Tubewell,Hand Pump - India Mark,Well,Hand Pump,Central,False,0,Chibombo,2014,5GP9VW6G+64M
26.0,50.0,50990.44492639681,53123.95682207556,40208.29893207639,24469.85350098912,64.39855773419117,-15.133015,27.90785166666667,Borehole/Tubewell,Hand Pump - India Mark,Well,Hand Pump,Central,False,0,Chibombo,2014,5GP9VW85+Q4X
24.0,85.0,49950.88838717418,51935.71539863056,39070.875612148426,24458.76679481546,287.8598588430788,-15.133586666666668,27.91973,Borehole/Tubewell,Hand Pump - India Mark,Well,Hand Pump,Central,False,0,Chibombo,2014,5GP9VW89+HV9
10.0,70.0,43773.60317602652,45547.49368591856,32838.32558428056,26425.59438712098,3992.8106680371575,-15.143328333333333,27.98732833333333,Borehole/Tubewell,Hand Pump - India Mark,Well,Hand Pump,Central,False,0,Chibombo,2014,5GP9VX4P+MW8
0.0,77.0,43998.42890626274,45298.00480081786,33026.20986927206,26747.231731598447,4219.86210546733,-15.139536666666666,27.988185,Borehole/Tubewell,Hand Pump - India Mark,Well,Hand Pump,Central,False,0,Chibombo,2014,5GP9VX6Q+57M
10.0,154.0,92469.41619590684,47357.454542217776,83280.44971560748,17720.084393297726,2878.2707276163333,-15.099078333333331,27.485855,Borehole/Tubewell,Hand Pump - India Mark,Well,Hand Pump,Central,False,0,Mumbwa,2014,5GP9WF2P+989
42.0,154.0,94661.77397056404,45140.86356231866,85476.49028677818,16564.00177366326,3646.96514707052,-15.094356666666666,27.46580666666667,Borehole/Tubewell,Hand Pump - India Mark,Well,Hand Pump,Central,False,0,Mumbwa,2014,5GP9WF48+783
18.0,103.0,92736.42364158436,47213.72167840406,83536.98821313337,16874.123588289283,3801.950819881455,-15.090773333333336,27.48673833333333,Borehole/Tubewell,Hand Pump - India Mark,Well,Hand Pump,Central,False,0,Mumbwa,2014,5GP9WF5P+MMX
10.0,219.0,92610.84967900162,47667.833247136026,83392.36527025752,15541.47841254924,5569.624891349266,-15.075951666666668,27.494658333333337,Borehole/Tubewell,Hand Pump - India Mark,Well,Hand Pump,Central,False,0,Mumbwa,2014,5GP9WFFV+JV7
26.0,380.0,94283.52738081483,45914.59835076496,85070.35192946346,14892.75887018882,5584.289900757125,-15.074523333333332,27.47829,Borehole/Tubewell,Hand Pump - India Mark,Well,Hand Pump,Central,False,0,Mumbwa,2014,5GP9WFGH+58V
10.0,399.0,94729.04102105422,45519.35248045871,85513.88441105418,14432.792166085972,5978.888113804352,-15.071205,27.47526833333333,Borehole/Tubewell,Hand Pump - India Mark,Well,Hand Pump,Central,False,0,Mumbwa,2014,5GP9WFHG+G46
9.0,60.0,77635.09587341991,63340.48188513341,68122.54655387625,23198.69447519265,4545.714810596039,-15.095996666666668,27.63923666666667,Borehole/Tubewell,Hand Pump - India Mark,Well,Hand Pump,Central,False,0,Chibombo,2014,5GP9WJ3Q+JM5
16.0,143.0,77171.5436112487,64656.42306279522,67404.64463898342,20581.344693888503,7262.145642515454,-15.075796666666667,27.65532166666667,Borehole/Tubewell,Hand Pump - India Mark,Well,Hand Pump,Central,False,0,Chibombo,2014,5GP9WMF4+M4P
10.0,77.0,61125.976605508906,59120.2620592191,50225.38029146615,18478.72181471823,39.63538791454772,-15.074735,27.83508,Borehole/Tubewell,Hand Pump - Afridev,Well,Hand Pump,Central,False,0,Chibombo,2014,5GP9WRGP+424
11.0,93.0,61491.04020566036,59267.45926942545,50572.90579545017,18162.404484172283,91.25555593237384,-15.071781666666668,27.833155,Borehole/Tubewell,Hand Pump - India Mark,Well,Hand Pump,Central,False,0,Chibombo,2014,5GP9WRHM+77J
9.0,32.0,67922.95008473171,64208.74520774418,57037.31390527349,15139.81380051791,4513.832504372857,-15.040545000000002,27.782346666666665,Borehole/Tubewell,Hand Pump - India Mark,Well,Hand Pump,Central,False,0,Chibombo,2014,5GP9XQ5J+QWQ
9.0,34.0,65336.96416557418,61828.52947956535,54384.00875802014,15902.03972869188,2058.6148748441024,-15.049515,27.805676666666667,Borehole/Tubewell,Hand Pump - India Mark,Well,Hand Pump,Central,False,0,Chibombo,2014,5GP9XR24+57V
8.0,65.0,63798.18760429356,59724.84114826021,52699.43615331275,15605.416097707308,47.13163100946632,-15.048196666666668,27.82522333333333,Borehole/Tubewell,Hand Pump - India Mark,Well,Hand Pump,Central,False,0,Chibombo,2014,5GP9XR2G+P3H
6.0,69.0,63031.56497296559,58219.42978415065,51794.563760411744,15000.040344593132,1542.7839712371986,-15.043453333333332,27.83872666666667,Borehole/Tubewell,Hand Pump - India Mark,Well,Hand Pump,Central,False,0,Chibombo,2014,5GP9XR4Q+JF9
8.0,174.0,65522.98975503284,59270.46504829003,54183.03759733025,12766.288478509789,265.3720000824841,-15.022581666666667,27.82676666666667,Borehole/Tubewell,Hand Pump - India Mark,Well,Hand Pump,Central,False,0,Chibombo,2014,5GP9XRGG+XP6
36.0,370.0,66506.39268159354,59057.64944310144,55043.37082831647,11180.651715100284,38.45434232319896,-15.008285,27.827786666666665,Protected Well,Hand Pump - Rope,Well,,Central,False,0,Chibombo,2014,5GP9XRRH+M4M
9.0,370.0,60847.38140949472,50290.80711726304,48828.09719801693,10067.841334617033,8655.382496520275,-15.002710000000002,27.90911333333333,Borehole/Tubewell,Hand Pump - India Mark,Well,Hand Pump,Central,False,0,Chibombo,2014,5GP9XWW5+WJ9
10.0,423.0,60275.153399532086,49531.30605298504,48217.30799015526,10119.437463591736,9394.13361457977,-15.00356,27.916228333333333,Protected Well,Hand Pump - India Mark,Well,Hand Pump,Central,False,0,Chibombo,2014,5GP9XWW8+HFH
9.0,427.0,60245.39159299211,49407.34540844488,48177.321555695686,10047.963259634402,9523.578689297414,-15.002978333333331,27.917351666666665,Borehole/Tubewell,Hand Pump - India Mark,Well,Hand Pump,Central,False,0,Chibombo,2014,5GP9XWW8+RW5
1.0,183.0,61299.87536131176,50912.41296411528,49313.50397066144,10052.659133832767,8051.772009687478,-15.002233333333333,27.90330333333333,Borehole/Tubewell,Hand Pump - India Mark,Well,Hand Pump,Central,False,0,Chibombo,2014,5GP9XWX3+483
0.0,113.0,64744.50240893308,37753.05404558626,29203.40992029189,29607.046026322867,12980.53852089224,-15.984765,28.4257777,Borehole/Tubewell,,Well,,Southern,False,0,Chikankanta,2018,5GPC2C8G+38R
0.0,222.0,61824.34036952574,34187.08947263995,32271.743938063904,33165.148779970565,11113.395852665151,-15.963167,28.401,Borehole/Tubewell,,Well,,Southern,False,0,Chikankanta,2018,5GPC2CP2+PCJ
3.0,247.0,73653.00649062563,21759.50586853753,7218.861759121351,14713.794252363066,21081.72650653076,-15.974167,28.657167,Borehole/Tubewell,Hand Pump - India Mark,Well,Hand Pump,Lusaka,False,0,Chirundu,2018,5GPC2MG4+8VM
0.0,33.0,72784.11055075307,22360.514829959982,8086.962425976681,15588.79387499994,21679.87736259641,-15.967,28.6536667,Borehole/Tubewell,Hand Pump - India Mark,Well,Hand Pump,Lusaka,False,0,Chirundu,2015,5GPC2MM3+6F3
1.0,276.0,80802.03867008879,10704.132648076453,11183.418346701124,16414.80663917192,9106.022201231912,-15.966641666666666,28.777733333333337,Borehole/Tubewell,Hand Pump - India Mark,Well,Hand Pump,Lusaka,False,0,Kafue,2014,5GPC2QMH+83X
4.0,142.0,80055.0689002052,11441.457800534394,11214.4040328815,16749.17496712692,9580.963107408426,-15.961245,28.773513333333334,Borehole/Tubewell,Hand Pump - India Mark,Well,Hand Pump,Lusaka,False,0,Kafue,2014,5GPC2QQF+GC2
3.0,0.0,83740.62431609472,7907.964331883229,14388.186189352557,18323.23347952217,5119.482640457771,-15.969833,28.815,Borehole/Tubewell,Hand Pump - India Mark,Well,Hand Pump,Lusaka,False,0,Chirundu,2019,5GPC2RJ8+326
37.0,543.0,34501.61993035978,9796.387274708104,23529.90516156537,19194.51921186457,197.52665203730515,-15.680966666666666,28.11188,Borehole/Tubewell,Hand Pump - India Mark,Well,Hand Pump,Lusaka,False,0,Kafue,2014,5GPC8496+JQ6
5.0,388.0,88802.8000184968,5544.032927545825,19100.895971159134,21316.558380459614,136.55634931075198,-15.984333,28.8675,Borehole/Tubewell,Hand Pump - India Mark,Well,Hand Pump,Lusaka,False,0,Chirundu,2021,5GPC2V89+726
3.0,107.0,88293.27610253904,6528.170462355881,19589.6786378752,22079.791993418487,348.8740571720527,-15.975667,28.869667,Borehole/Tubewell,Hand Pump - India Mark,Well,Hand Pump,Lusaka,False,0,Chirundu,2018,5GPC2VF9+PVM
3.0,1686.0,89046.24993350099,8838.337072134364,22341.983585887087,24884.19919841489,2341.4406607216797,-15.962531,28.892268,Borehole/Tubewell,,Well,,Lusaka,False,0,Chirundu,2021,5GPC2VPR+XWJ
0.0,206.0,85857.96984570601,7763.575023617301,18335.925734257296,21646.319712752284,1284.5490167083492,-15.96182,28.85184,Borehole/Tubewell,,Well,,Lusaka,False,0,Chirundu,2018,5GPC2VQ2+7PG
0.0,621.0,55082.26301973225,18044.025347192757,44773.593300605215,8857.189906490024,4121.816159163305,-15.9066888,28.1930555,Borehole/Tubewell,,Well,,Southern,False,0,Chikankanta,2018,5GPC35VV+86F
14.0,132.0,69802.2130530201,22211.45031955601,12931.3348560556,20756.434683976782,16602.799309686678,-15.911746666666666,28.68533333333333,Borehole/Tubewell,Hand Pump - India Mark,Well,Hand Pump,Lusaka,False,0,Kafue,2014,5GPC3MQP+844
3.0,72.0,81758.44540089837,10257.295159269932,15472.197086237273,20185.97606449272,5775.669134203658,-15.9472133,28.8127,Borehole/Tubewell,Hand Pump - India Mark,Well,Hand Pump,Lusaka,False,0,Kafue,2021,5GPC3R37+526
11.0,374.0,83422.95648089648,9927.20556841412,18072.440943620164,22239.008353844078,3544.5605833551003,-15.943086666666666,28.838970000000003,Borehole/Tubewell,Hand Pump - India Mark,Well,Hand Pump,Lusaka,False,0,Kafue,2014,5GPC3R4Q+QH9
0.0,291.0,84043.83303273137,9840.725648741249,18804.34232095675,22787.18473393748,2807.5531174006574,-15.9431555,28.8469666,Borehole/Tubewell,Hand Pump - India Mark,Well,Hand Pump,Lusaka,False,0,Kafue,2018,5GPC3R4W+PQP
0.0,356.0,83326.44592949685,10101.285812181142,18202.757313507813,22405.297880162936,3613.724839788985,-15.94145,28.839357,Borehole/Tubewell,Hand Pump - India Mark,Well,Hand Pump,Lusaka,False,0,Kafue,2018,5GPC3R5Q+CQM
9.0,46.0,80714.14742735021,12483.027735681955,18183.41561918073,23201.09071952533,5083.179424917859,-15.922195,28.82465666666667,Borehole/Tubewell,Hand Pump - India Mark,Well,Hand Pump,Lusaka,False,0,Kafue,2014,5GPC3RHF+4VF
9.0,39.0,78648.56545680268,14957.416279193076,19430.553917070043,24978.41710395907,6438.881465428752,-15.900429999999998,28.819358333333337,Borehole/Tubewell,Hand Pump - India Mark,Well,Hand Pump,Lusaka,False,0,Kafue,2014,5GPC3RX9+RPH
3.0,235.0,84214.04500555644,10175.04646166642,19466.256849447687,23419.973022886155,2165.91615375927,-15.94003,28.85224,Borehole/Tubewell,Hand Pump - India Mark,Well,Hand Pump,Lusaka,False,0,Kafue,2021,5GPC3V52+XWJ
3.0,193.0,87460.22307380738,10815.11744084172,23083.290488706312,26230.203201159016,1569.0149772889044,-15.942167,28.891333,Borehole/Tubewell,Hand Pump - India Mark,Well,Hand Pump,Lusaka,False,0,Kafue,2018,5GPC3V5R+4GP
9.0,119.0,87797.84671000997,11481.49397684538,23948.46932961612,27065.1428990653,781.0214150215577,-15.938776666666667,28.898616666666666,Borehole/Tubewell,Hand Pump - India Mark,Well,Hand Pump,Lusaka,False,0,Kafue,2014,5GPC3V6X+FCQ
4.0,43.0,85806.87093357007,12024.924139603892,23065.11209002105,26715.29105901789,227.1698246457876,-15.92789166666667,28.883755,Borehole/Tubewell,Hand Pump - India Mark,Well,Hand Pump,Lusaka,False,0,Kafue,2014,5GPC3VCM+RGR
9.0,193.0,89145.95817841499,12072.299519744818,25313.780345753046,28146.493290062863,297.43053271961287,-15.940815000000002,28.913431666666664,Borehole/Tubewell,Hand Pump - India Mark,Well,Hand Pump,Lusaka,False,0,Kafue,2014,5GPC3W57+M9F
9.0,218.0,88969.09376944134,12602.245046834656,25691.29529247862,28614.36535280219,73.73546897065296,-15.936256666666669,28.91526666666667,Borehole/Tubewell,Hand Pump - India Mark,Well,Hand Pump,Lusaka,False,0,Kafue,2014,5GPC3W78+F4R
3.0,563.0,90868.49967295906,14229.927509633826,28093.690652473186,30709.8285343229,53.8743486594872,-15.935293,28.939128,Borehole/Tubewell,,Well,,Lusaka,False,0,Kafue,2021,5GPC3W7Q+VMJ
4.0,467.0,91909.41086470475,15811.944456011926,29918.61585087896,32444.127924030658,62.57086534901262,-15.930528333333331,28.955503333333333,Borehole/Tubewell,Hand Pump - India Mark,Well,Hand Pump,Lusaka,False,0,Kafue,2014,5GPC3X94+Q6J
12.0,427.0,92688.95508725032,16688.688249791794,33377.98749498974,33419.24015613208,40.93048538364239,-15.929326666666668,28.965696666666663,Borehole/Tubewell,Hand Pump - India Mark,Well,Hand Pump,Lusaka,False,0,Kafue,2014,5GPC3XC8+778
4.0,387.0,92833.1177782064,16890.77584893027,33580.34925030663,33635.99689994128,16.465077477397724,-15.92883,28.967791666666667,Borehole/Tubewell,Hand Pump - India Mark,Well,Hand Pump,Lusaka,False,0,Kafue,2014,5GPC3XC9+F47
22.0,378.0,92985.12809180366,17881.341335933845,34570.88786745197,34612.117166866934,70.45119564991057,-15.922618333333332,28.974456666666665,Borehole/Tubewell,Hand Pump - India Mark,Well,Hand Pump,Lusaka,False,0,Kafue,2014,5GPC3XGF+XQ4
0.0,208.0,93396.28087263512,18816.13887741585,33085.00707431497,35570.8817330394,33.34804410816712,-15.918517,28.9824,Borehole/Tubewell,Hand Pump - India Mark,Well,Hand Pump,Lusaka,False,0,Kafue,2018,5GPC3XJJ+HXR
0.0,122.0,94599.6384851682,20142.785125939805,34641.26894157785,37000.84989488031,35.340319610902974,-15.9170555,28.997403,Borehole/Tubewell,Hand Pump - India Mark,Well,Hand Pump,Lusaka,False,0,Kafue,2018,5GPC3XMW+5VW
4.0,16.0,86389.71295636754,20309.450530246235,31492.13676249625,34245.26934072073,32.11477884339242,-15.86898333333333,28.93868,Borehole/Tubewell,Hand Pump - India Mark,Well,Hand Pump,Lusaka,False,0,Kafue,2014,5GPC4WJQ+CF3
5.0,1076.0,46470.25430207724,11855.675723503778,36526.40066283588,17405.87494831666,5021.405387042981,-15.834046666666666,28.23628666666667,Borehole/Tubewell,Hand Pump - India Mark,Well,Hand Pump,Lusaka,False,0,Kafue,2014,5GPC568P+9GM
20.0,568.0,46267.73746028378,10531.892239368848,36114.98610072786,16352.634702034216,4730.50608935212,-15.830025,28.21867166666667,Borehole/Tubewell,Hand Pump - India Mark,Well,Hand Pump,Lusaka,False,0,Kafue,2014,5GPC5699+XFV
1.0,1176.0,46268.64755768958,11779.054977270303,36340.1218658212,17636.651124160504,5256.346963527894,-15.83235,28.237615,Borehole/Tubewell,Hand Pump - India Mark,Well,Hand Pump,Lusaka,False,0,Kafue,2014,5GPC569P+3X5
1.0,626.0,46129.50395176891,10287.853977011053,35953.738601908655,16336.740008215676,4866.304062615859,-15.828478333333331,28.21674,Borehole/Tubewell,Hand Pump - India Mark,Well,Hand Pump,Lusaka,False,0,Kafue,2014,5GPC56C8+JM5
5.0,736.0,45565.12969516284,9484.038158037123,35331.23417011536,16497.51632978673,5398.990191124612,-15.822581666666668,28.212041666666664,Borehole/Tubewell,Hand Pump - India Mark,Well,Hand Pump,Lusaka,False,0,Kafue,2014,5GPC56G6+XR7
14.0,567.0,45449.52815835194,9206.136884427511,35183.36342002176,16436.553584509857,5484.670905945588,-15.821049999999998,28.209195,Protected Well,Hand Pump - Rope,Well,,Lusaka,False,0,Kafue,2014,5GPC56H5+HMP
1.0,702.0,45116.36636043309,9682.608956168777,34983.307440776494,17375.97765880075,5886.356140322599,-15.819896666666668,28.22139666666667,Borehole/Tubewell,Hand Pump - India Mark,Well,Hand Pump,Lusaka,False,0,Kafue,2014,5GPC56JC+2HR
1.0,1644.0,43876.83304645975,10290.350833069271,34000.61489691059,19635.87414270408,7561.654007695657,-15.811106666666667,28.242546666666662,Borehole/Tubewell,Hand Pump - India Mark,Well,Hand Pump,Lusaka,False,0,Kafue,2014,5GPC56QV+H23
4.0,1458.0,43373.51361762395,9599.861224127564,33441.38139606975,19739.6616314816,7549.694184329549,-15.806138333333337,28.23857333333334,Borehole/Tubewell,Hand Pump - India Mark,Well,Hand Pump,Lusaka,False,0,Kafue,2014,5GPC56VQ+GCW
0.0,1200.0,43040.93469242886,9816.94926060014,33178.64277075952,20325.42951749948,7484.475592313181,-15.803636666666668,28.24382,Borehole/Tubewell,Hand Pump - India Mark,Well,Hand Pump,Lusaka,False,0,Kafue,2014,5GPC56WV+GGW
16.0,33.0,83572.2694728304,21603.69402679501,31328.40120759957,31414.82646133541,6.80970981278797,-15.848773333333334,28.92120333333333,Borehole/Tubewell,Hand Pump - India Mark,Well,Hand Pump,Lusaka,False,0,Kafue,2014,5GPC5W2C+FFW
3.0,159.0,81399.95984566925,22479.14356714257,31044.568642127997,29422.45613590449,8.532872444922512,-15.835765,28.905845,Borehole/Tubewell,,Well,,Lusaka,False,0,Kafue,2021,5GPC5W74+M8X
3.0,152.0,81719.0449896184,22471.555011573608,31213.21948596313,29640.79338280886,12.856475877320356,-15.836637,28.908843,Borehole/Tubewell,Hand Pump - India Mark,Well,Hand Pump,Lusaka,False,0,Kafue,2021,5GPC5W75+8G2
0.0,149.0,80997.83266895445,22773.954447515,31127.241603207123,28992.59494744672,316.5085974441441,-15.832457,28.903643,Borehole/Tubewell,Hand Pump - India Mark,Well,Hand Pump,Lusaka,False,0,Kafue,2018,5GPC5W83+XFX
0.0,145.0,81017.17810706717,22996.334267963077,31370.205696236266,28880.41906858673,539.7966351866378,-15.830738,28.90508,Borehole/Tubewell,Hand Pump - India Mark,Well,Hand Pump,Lusaka,False,0,Kafue,2018,5GPC5W94+M3F
7.0,66.0,83358.43174827432,24690.332835798046,34268.0341597374,29737.74440949337,3062.25956271063,-15.824275,28.93571833333333,Borehole/Tubewell,Hand Pump - India Mark,Well,Hand Pump,Lusaka,False,0,Kafue,2014,5GPC5WGP+77W
3.0,63.0,79638.88501199184,24577.662771262843,32272.847489903463,27091.70127576103,2097.956566695664,-15.815,28.90051833333333,Borehole/Tubewell,Hand Pump - India Mark,Well,Hand Pump,Lusaka,False,0,Kafue,2014,5GPC5WP2+262
18.0,2646.0,41985.10027677676,5001.685443744212,31506.481202049323,18792.058717640342,3350.861524248572,-15.786090000000002,28.193825,Borehole/Tubewell,Hand Pump - Rope,Well,,Lusaka,True,0,Kafue,2014,5GPC657V+HG8
22.0,2675.0,41557.430908249306,4788.944104207535,31099.096633889985,19255.63443376285,3186.7184379754985,-15.78272,28.196505,Borehole/Tubewell,Hand Pump - India Mark,Well,Hand Pump,Lusaka,True,0,Kafue,2014,5GPC658W+WJ6
14.0,3654.0,41561.684594080165,4251.4204299355415,31021.056880966706,19048.310816441783,2575.851859458863,-15.780873333333334,28.18833,Protected Well,Hand Pump - Rope,Well,Hand Pump,Lusaka,True,0,Kafue,2014,5GPC659Q+J9P
1.0,3511.0,40339.870722243126,2317.0223194058526,29577.052166721776,19975.192440350667,930.807953431206,-15.762965,28.16529666666667,Borehole/Tubewell,Hand Pump - India Mark,Well,Hand Pump,Lusaka,True,0,Kafue,2014,5GPC65P8+R47
16.0,663.0,42625.94201652279,9295.133004214737,32722.820860357955,20450.94629906971,6956.739451440845,-15.799595,28.241006666666667,Borehole/Tubewell,Hand Pump - India Mark,Well,Hand Pump,Lusaka,False,0,Kafue,2014,5GPC662R+5C6
19.0,2420.0,41830.16572392317,5705.253296200806,31473.745465568816,19305.11628742323,4175.923217904181,-15.787105,28.20551833333333,Borehole/Tubewell,Hand Pump - India Mark,Well,Hand Pump,Lusaka,True,0,Kafue,2014,5GPC6674+562
18.0,1173.0,41534.849007214754,6230.740857261771,31281.26506080904,19925.27461231818,4830.51463050978,-15.786075000000002,28.21474333333333,Borehole/Tubewell,Hand Pump - India Mark,Well,Hand Pump,Lusaka,False,0,Kafue,2014,5GPC6677+HVH
4.0,225.0,41407.78735585942,6622.091464018325,31220.062774119106,20276.621211162703,5292.569220923263,-15.785813333333332,28.220236666666665,Borehole/Tubewell,Hand Pump - India Mark,Well,Hand Pump,Lusaka,False,0,Kafue,2014,5GPC667C+M3H
15.0,520.0,38953.59689297832,8573.610864575065,27957.9514651458,21809.905352403093,2443.219092697224,-15.720660000000002,28.099405,Borehole/Tubewell,Hand Pump - India Mark,Well,Hand Pump,Lusaka,False,0,Kafue,2014,5GPC73HX+PQJ
15.0,696.0,39537.71255745819,8032.374430336043,28535.638301457308,21043.950293696293,2578.9447880150065,-15.728413333333332,28.102435,Borehole/Tubewell,Hand Pump - India Mark,Well,Hand Pump,Lusaka,False,0,Kafue,2014,5GPC74C2+JXM
12.0,1027.0,38598.38407000263,7433.115396278575,27594.90003223574,21851.41233310825,1561.2116324605345,-15.722716666666669,28.10991333333333,Borehole/Tubewell,Hand Pump - India Mark,Well,Hand Pump,Lusaka,False,0,Kafue,2014,5GPC74G5+WX7
0.0,315.0,35773.664083117284,5243.434188454676,24800.296852181466,20996.927868869425,1995.9448810249155,-15.70987,28.14213666666667,Borehole/Tubewell,Hand Pump - India Mark,Well,Hand Pump,Lusaka,False,0,Kafue,2014,5GPC74RR+3V2
5.0,2397.0,38129.60523196332,1468.2321027021176,27523.97770934769,22310.32969156059,11.227457751222284,-15.74885,28.18846333333333,Borehole/Tubewell,Hand Pump - India Mark,Well,Hand Pump,Lusaka,True,0,Kafue,2014,5GPC752Q+F98
8.0,2357.0,37832.86112151831,1556.5524452917896,27235.682358972965,22613.88801825505,105.09731556117003,-15.74645,28.189901666666668,Borehole/Tubewell,Hand Pump - India Mark,Well,Hand Pump,Lusaka,True,0,Kafue,2014,5GPC753Q+CXC
18.0,1919.0,37747.86616264693,1772.9633770775888,27170.345061522657,22722.569552399986,21.767113874966785,-15.746191666666668,28.191968333333328,Borehole/Tubewell,Hand Pump - India Mark,Well,Hand Pump,Lusaka,True,0,Kafue,2014,5GPC753R+GQG
4.0,2569.0,37522.1744779564,1676.3191098703828,26931.348977449565,22928.6429056311,216.47565698591637,-15.743866666666667,28.191143333333336,Borehole/Tubewell,Hand Pump - India Mark,Well,Hand Pump,Lusaka,True,0,Kafue,2014,5GPC754R+FF2
4.0,2894.0,38076.60367410409,1261.244444005854,27261.57872585981,22046.04255701174,987.2306462334756,-15.741039999999998,28.16430666666667,Borehole/Tubewell,Hand Pump - India Mark,Well,Hand Pump,Lusaka,True,0,Kafue,2014,5GPC7557+HPM
2.0,474.0,36440.33028001401,10038.178207132672,27002.50832184103,26978.37123016912,5301.009613719032,-15.745525000000002,28.269176666666667,Borehole/Tubewell,Hand Pump - India Mark,Well,Hand Pump,Lusaka,False,0,Kafue,2012,5GPC7739+QMV
,507.0,34954.24214706722,9920.432539885156,25490.771643216038,22731.71418242957,4856.694354785055,-15.732001666666669,28.267175,Borehole/Tubewell,Hand Pump - India Mark,Well,Hand Pump,Lusaka,False,0,Kafue,2012,5GPC7798+5VV
3.0,696.0,33593.418607455555,8980.554392244672,23895.14456198461,21134.45697382314,2907.7570263443854,-15.718896666666668,28.255025,Borehole/Tubewell,Hand Pump - India Mark,Well,Hand Pump,Lusaka,False,0,Kafue,2012,5GPC77J4+C2R
10.0,411.0,33546.26778159712,10652.832603985678,24188.57348291009,21433.556039365325,4316.047466946741,-15.719435,28.27148,Borehole/Tubewell,Hand Pump - India Mark,Well,Hand Pump,Lusaka,False,0,Kafue,2012,5GPC77JC+6HH
1.0,69.0,40526.62845321793,29048.96672934472,32354.78570287381,25186.4465966277,14887.647876451014,-15.72575,28.48449333333333,Borehole/Tubewell,Hand Pump - India Mark,Well,Hand Pump,Lusaka,False,0,Kafue,2014,5GPC7FFM+PQ5
10.0,82.0,40221.35018689534,28813.65646597724,32032.583202976613,24851.79977679426,15229.378009697635,-15.722576666666663,28.48433333333333,Borehole/Tubewell,Hand Pump - India Mark,Well,Hand Pump,Lusaka,False,0,Kafue,2014,5GPC7FGM+XP8
15.0,109.0,42048.37631083374,19071.20174526157,31623.245261760705,23978.92338735046,9987.98308115728,-15.687626666666665,28.007558333333336,Borehole/Tubewell,Hand Pump - India Mark,Well,Hand Pump,Lusaka,False,0,Kafue,2014,5GPC8265+W2V
24.0,1647.0,39839.8071628519,18667.447714431044,29473.461313303924,24603.29270845881,8452.884773553298,-15.670513333333334,28.01901,Borehole/Tubewell,Hand Pump - India Mark,Well,Hand Pump,Lusaka,False,0,Kafue,2014,5GPC82H9+QJR
13.0,1634.0,39795.96409170127,18763.24301581128,29442.47377972521,24569.131370828924,8494.89645389276,-15.669486666666668,28.018535,Borehole/Tubewell,Hand Pump - India Mark,Well,Hand Pump,Lusaka,False,0,Kafue,2014,5GPC82J9+6C3
9.0,1104.0,38693.3599425475,18592.45953823219,28365.48802175108,23485.077277508623,7709.393477958376,-15.661413333333334,28.024763333333333,Protected Well,Rope and Bucket,Well,Rope and Bucket,Lusaka,False,0,Kafue,2014,5GPC82QF+CWJ
9.0,308.0,36964.762098237625,16749.00023854693,26481.224303567884,21642.53255719972,5425.437090928521,-15.659761666666668,28.04605333333333,Protected Well,Hand Pump - India Mark,Well,Hand Pump,Lusaka,False,0,Kafue,2014,5GPC82RW+3CV
1.0,391.0,37609.31918766094,18431.25559044552,27301.84870745077,22415.895603191144,6939.546336673045,-15.653851666666666,28.03127333333333,Borehole/Tubewell,Hand Pump - India Mark,Well,Hand Pump,Lusaka,False,0,Kafue,2014,5GPC82WJ+FG2
27.0,437.0,37463.09636803221,18513.27679455738,27170.793081778884,22281.67307026428,6911.901377625659,-15.652175,28.031493333333334,Borehole/Tubewell,Hand Pump - India Mark,Well,Hand Pump,Lusaka,False,0,Kafue,2014,5GPC82XJ+4HQ
7.0,411.0,37301.92953341814,18619.266895255427,27028.449281954872,22135.645047925445,6896.975426219632,-15.650231666666665,28.031646666666667,Borehole/Tubewell,Hand Pump - India Mark,Well,Hand Pump,Lusaka,False,0,Kafue,2014,5GPC82XJ+WM2
12.0,646.0,33758.78955784279,12785.075533800651,22932.476143249376,18316.41142083278,414.228147389574,-15.660628333333332,28.093495,Borehole/Tubewell,Hand Pump - India Mark,Well,Hand Pump,Lusaka,False,0,Kafue,2014,5GPC83QV+P9X
15.0,152.0,36135.1574565787,15846.056901481828,25572.50772412068,20764.484509379134,4278.674634790636,-15.659168333333332,28.056808333333333,Borehole/Tubewell,Hand Pump - India Mark,Well,Hand Pump,Lusaka,False,0,Kafue,2014,5GPC83R4+8PC
9.0,145.0,35327.26554649792,15250.534064073585,24714.14483869064,19929.884373161483,3305.712460076439,-15.656983333333336,28.06562,Borehole/Tubewell,Hand Pump - India Mark,Well,Hand Pump,Lusaka,False,0,Kafue,2014,5GPC83V8+665
0.0,918.0,35990.19216209689,8161.506538310768,24991.164878891803,20802.25048930908,47.91886286169382,-15.698856666666666,28.115711666666662,Borehole/Tubewell,Hand Pump - India Mark,Well,Hand Pump,Lusaka,False,0,Kafue,2014,5GPC8428+F74
41.0,812.0,35730.199491106185,7689.087468270623,24727.289148992488,20600.864301905185,634.5847665785221,-15.69914,28.121181666666665,Borehole/Tubewell,Hand Pump - India Mark,Well,Hand Pump,Lusaka,False,0,Kafue,2014,5GPC842C+8FV
24.0,901.0,35883.77578572708,8308.857265075014,24886.272333159013,20682.91470701622,24.15225623192792,-15.697425,28.11513166666667,Borehole/Tubewell,Hand Pump - India Mark,Well,Hand Pump,Lusaka,False,0,Kafue,2014,5GPC8438+23J
0.0,295.0,33738.1016736251,9067.324975492844,22743.50432838772,18529.01524076511,1373.676544048682,-15.679788,28.123638,Borehole/Tubewell,Hand Pump - India Mark,Well,Hand Pump,Lusaka,False,0,Kafue,2018,5GPC84CF+4GQ
4.0,467.0,34147.795851563445,10194.117281114271,23186.42771328305,18817.099965805963,350.35433873662555,-15.67672,28.111118333333334,Borehole/Tubewell,Hand Pump - India Mark,Well,Hand Pump,Lusaka,False,0,Kafue,2014,5GPC84F6+8C9
16.0,378.0,33755.639551620625,11015.338067704944,22824.227401627883,18376.71285947805,425.9468980279475,-15.670066666666663,28.107293333333335,Borehole/Tubewell,Hand Pump - India Mark,Well,Hand Pump,Lusaka,False,0,Kafue,2014,5GPC84H4+XWF
5.0,454.0,29290.792130766426,9123.042076030675,18402.011520737164,15036.418801354714,6928.999039755506,-15.662223333333335,28.180751666666666,Borehole/Tubewell,Hand Pump - India Mark,Well,Hand Pump,Lusaka,False,0,Chilanga,2014,5GPC85QJ+486
19.0,898.0,28679.61532055842,11067.620126131991,18831.322685521664,16071.33972231373,14.319195748343288,-15.673541666666663,28.248271666666664,Borehole/Tubewell,Hand Pump - India Mark,Well,Hand Pump,Lusaka,False,0,Chilanga,2012,5GPC86GX+H8J
0.0,1021.0,28449.28321176612,11196.393181201656,18586.67490189618,15826.873196551634,164.93335513786826,-15.67137,28.247691666666665,Borehole/Tubewell,Hand Pump - India Mark,Well,Hand Pump,Lusaka,False,0,Chilanga,2012,5GPC86HX+F34
5.0,921.0,28254.916011298614,10487.110438820451,18054.20886926629,15315.4908854478,1899.2521849064224,-15.667118333333333,28.23198333333333,Borehole/Tubewell,Hand Pump - India Mark,Well,Hand Pump,Lusaka,False,0,Chilanga,2014,5GPC86MJ+5Q5
4.0,1527.0,27075.799294367167,11817.0511359133,17017.519347900085,14264.494838031686,1667.6886775928158,-15.65764,28.239631666666664,Borehole/Tubewell,Hand Pump - India Mark,Well,Hand Pump,Lusaka,False,0,Chilanga,2014,5GPC86RQ+WVR
18.0,1282.0,27155.839758142884,11293.350501252851,16862.379177171322,14133.650903169944,2782.794257433957,-15.656276666666669,28.22846,Borehole/Tubewell,Hand Pump - India Mark,Well,Hand Pump,Lusaka,False,0,Chilanga,2014,5GPC86VH+F9P
1.0,1182.0,26656.40841355325,12339.000245335248,16677.6315337072,13920.057484637431,1439.424016589952,-15.654383333333332,28.24329333333333,Borehole/Tubewell,Hand Pump - India Mark,Well,Hand Pump,Lusaka,False,0,Chilanga,2014,5GPC86WV+68V
3.0,1492.0,26493.588715816968,12247.56445683458,16398.231743925964,13646.894792622004,2014.708082674596,-15.652083333333334,28.23837,Borehole/Tubewell,Hand Pump - India Mark,Well,Hand Pump,Lusaka,False,0,Chilanga,2014,5GPC86XQ+589
0.0,162.0,28106.792014036226,13591.915904446134,21121.24131270319,18698.93525688281,8240.171647835434,-15.664015,28.34077666666667,Borehole/Tubewell,Hand Pump - India Mark,Well,Hand Pump,Lusaka,False,0,Kafue,2014,5GPC88PR+98R
7.0,308.0,26785.627932181076,11732.904375981045,19170.09089744635,16655.162621566746,5831.439061829975,-15.655781666666666,28.31957166666667,Borehole/Tubewell,Hand Pump - India Mark,Well,Hand Pump,Lusaka,False,0,Kafue,2014,5GPC88V9+MRP
0.0,82.0,32433.39883383117,19010.220928679235,26554.202369845138,23317.28399958841,12034.079253768536,-15.690605,28.389105000000004,Borehole/Tubewell,Hand Pump - India Mark,Well,Hand Pump,Lusaka,False,0,Kafue,2014,5GPC895Q+QJ5
2.0,165.0,31021.47502061967,19294.0260686215,23278.453477564828,20124.388590917195,13782.39243271788,-15.663106666666666,28.41959333333333,Borehole/Tubewell,Hand Pump - India Mark,Well,Hand Pump,Lusaka,False,0,Kafue,2014,5GPC8CP9+QR4
4.0,255.0,35273.62769743785,26170.739667535243,26588.00970580272,17561.0329626645,11549.160361456432,-15.657646666666668,28.497136666666663,Borehole/Tubewell,Hand Pump - India Mark,Well,Hand Pump,Lusaka,False,0,Kafue,2014,5GPC8FRW+WVR
0.0,338.0,36020.11128450977,22267.31492598292,26348.46200500863,21433.345472734494,8444.34419870527,-15.615261666666669,28.016315,Borehole/Tubewell,Hand Pump - India Mark,Well,Hand Pump,Lusaka,False,0,Kafue,2014,5GPC92M8+VGW
0.0,711.0,34600.16523161131,22125.04345955752,24971.958919207944,20062.288688172677,7188.972368006151,-15.606566666666668,28.02612,Protected Well,Hand Pump - India Mark,Well,Hand Pump,Lusaka,False,0,Chilanga,2014,5GPC92VG+9CH
9.0,215.0,35654.789270338195,16957.792360588177,25221.35186170984,20364.37929582962,4729.735747985422,-15.648841666666666,28.05193333333333,Borehole/Tubewell,Hand Pump - India Mark,Well,Hand Pump,Lusaka,False,0,Kafue,2014,5GPC9322+FQ7
1.0,1084.0,32284.17555852959,13444.3083874471,21488.563300620157,16838.819985862625,264.8861452184041,-15.648096666666667,28.099200000000003,Borehole/Tubewell,Hand Pump - India Mark,Well,Hand Pump,Lusaka,False,0,Kafue,2014,5GPC932X+QM8
9.0,1130.0,32023.80598170216,13615.373489140004,21237.736450512693,16578.161221574126,265.90380551799245,-15.64565,28.0999,Protected Well,Hand Pump - India Mark,Well,Hand Pump,Lusaka,False,0,Kafue,2014,5GPC933X+PXR
0.0,152.0,34447.28982550438,16424.677905504454,23966.86113972909,19123.4748294538,3640.44891163935,-15.643873333333334,28.062891666666665,Borehole/Tubewell,Hand Pump - India Mark,Well,Hand Pump,Lusaka,False,0,Kafue,2014,5GPC9347+F52
3.0,1130.0,31857.62206502664,14120.633669957662,21114.0365756492,16414.7385684705,86.25195051513197,-15.641802,28.097345,Borehole/Tubewell,,Well,,Lusaka,False,0,Kafue,2021,5GPC935W+7WH
16.0,1136.0,31736.3431153948,14248.06082882989,21002.46039142877,16294.894554031294,96.89633672403546,-15.640386666666666,28.097328333333333,Borehole/Tubewell,Hand Pump - India Mark,Well,Hand Pump,Lusaka,False,0,Kafue,2014,5GPC935W+RWW
23.0,1140.0,31810.770877273488,14132.74349673342,21067.36703279094,16367.889044313126,60.46492306750425,-15.641471666666666,28.097618333333337,Borehole/Tubewell,Hand Pump - India Mark,Well,Hand Pump,Lusaka,False,0,Kafue,2014,5GPC935X+C29
10.0,1074.0,31812.761719125247,13506.018809877332,21012.851399883573,16367.798648350054,512.2026403308796,-15.645108333333331,28.102405,Protected Well,Rope and Bucket,Well,Rope and Bucket,Lusaka,False,0,Kafue,2014,5GPC9432+XX2
3.0,686.0,30194.630442361075,13308.357310516252,19332.856259876076,14767.80608245484,2099.0614362764472,-15.638003,28.117855,Borehole/Tubewell,,Well,,Lusaka,False,0,Kafue,2021,5GPC9469+Q4X
9.0,497.0,30178.54109812992,14612.962048683594,19438.89846017038,14735.304243073835,882.4266875599648,-15.63014,28.10737,Borehole/Tubewell,Hand Pump - India Mark,Well,Hand Pump,Lusaka,False,0,Kafue,2014,5GPC9494+WWX
9.0,497.0,29666.06789820424,14070.782150371066,18852.682306059032,14224.05213072024,1890.041524551472,-15.631005,28.116350000000004,Protected Well,Hand Pump - India Mark,Well,Hand Pump,Lusaka,False,0,Kafue,2014,5GPC9498+HGX
,411.0,29554.376646041823,13925.700448845571,18722.893632431034,14116.873529390145,2136.113433869573,-15.63138,28.118615,Borehole/Tubewell,,Well,,Lusaka,False,0,Kafue,2021,5GPC9499+CCX
3.0,500.0,29677.11925239347,14363.149638709663,18893.09927240774,14231.701629089568,1579.0441152542217,-15.629283,28.113837,Borehole/Tubewell,Hand Pump - India Mark,Well,Hand Pump,Lusaka,False,0,Kafue,2021,5GPC94C7+7GM
3.0,318.0,30121.07977345504,15058.820419600564,19428.655204823957,14687.38648266562,631.8076048022822,-15.627153,28.1044,Borehole/Tubewell,Hand Pump - India Mark,Well,Hand Pump,Lusaka,False,0,Kafue,2021,5GPC94F3+4QP
18.0,379.0,28178.92463934765,10523.785943497483,17231.698493139727,13688.61218811424,7910.11594351323,-15.64941,28.17606,Borehole/Tubewell,Hand Pump - India Mark,Well,Hand Pump,Lusaka,False,0,Chilanga,2014,5GPC952G+6CM
4.0,795.0,25276.293057889223,9741.752446282148,15372.230726703903,12611.725862729629,1345.068654789472,-15.642286666666667,28.24678333333333,Borehole/Tubewell,Hand Pump - India Mark,Well,Hand Pump,Lusaka,False,0,Chilanga,2014,5GPC965W+3PM
1.0,1419.0,25926.04858867591,13834.27961467386,16372.683684262907,13618.72669577483,66.00086045528214,-15.649731666666666,28.259676666666664,Borehole/Tubewell,Hand Pump - India Mark,Well,Hand Pump,Lusaka,False,0,Kafue,2014,5GPC9725+4R9
21.0,1575.0,25450.01428930212,14006.50966610791,15807.313165870435,13050.304439157206,349.7272544206663,-15.645083333333332,28.256375,Borehole/Tubewell,Hand Pump - India Mark,Well,Hand Pump,Lusaka,False,0,Chilanga,2014,5GPC9734+XH6
4.0,1187.0,25485.311104174503,14470.798428120868,16077.29882816514,13333.119920594909,501.61507990744207,-15.646123333333332,28.26444333333333,Borehole/Tubewell,Hand Pump - India Mark,Well,Hand Pump,Lusaka,False,0,Kafue,2014,5GPC9737+HQ4
4.0,1422.0,25244.67475999516,9543.700842786126,15669.748215238911,12916.050130303594,86.87749362753162,-15.643451666666666,28.258679999999995,Borehole/Tubewell,Hand Pump - India Mark,Well,Hand Pump,Lusaka,False,0,Chilanga,2014,5GPC9745+JF7
12.0,732.0,24351.653539943127,8681.36193730382,15725.565372708186,13078.173299217924,1703.935729423007,-15.63648,28.286441666666665,Borehole/Tubewell,Hand Pump - India Mark,Well,Hand Pump,Lusaka,False,0,Kafue,2014,5GPC977P+CH4
1.0,550.0,23860.4568844359,8100.3200161792,14664.135623614202,11946.85145939329,165.67876295982018,-15.631743333333334,28.269725,Borehole/Tubewell,Hand Pump - India Mark,Well,Hand Pump,Lusaka,False,0,Kafue,2014,5GPC9799+8V5
4.0,1465.0,22833.293041404773,7235.532059565974,14453.017359027514,11866.641541957642,1245.681502256861,-15.622668333333335,28.28968833333333,Borehole/Tubewell,Hand Pump - India Mark,Well,Hand Pump,Lusaka,False,0,Kafue,2014,5GPC97GQ+WVP
8.0,1475.0,22794.22655287301,7063.024230955527,14024.098357182616,11374.065977193704,307.3899736335048,-15.622433333333332,28.279926666666665,Borehole/Tubewell,Hand Pump - India Mark,Well,Hand Pump,Lusaka,False,0,Kafue,2014,5GPC97HH+2XF
4.0,620.0,21024.936570480197,5286.444237985044,12329.916105372382,9722.477545471753,151.4544122578963,-15.606425000000002,28.278650000000003,Borehole/Tubewell,Hand Pump - India Mark,Well,Hand Pump,Lusaka,False,0,Chilanga,2014,5GPC97VH+CFJ
0.0,683.0,20841.640238868356,5102.702530281867,12157.561312318769,9556.10412724353,146.38080396981212,-15.604766666666668,28.27856,Borehole/Tubewell,Hand Pump - India Mark,Well,Hand Pump,Lusaka,False,0,Chilanga,2014,5GPC97WH+3CV
17.0,328.0,26149.632914896643,11164.609321301752,18631.05769695771,16142.07688244019,5543.273911337327,-15.64988,28.32014333333333,Borehole/Tubewell,Hand Pump - India Mark,Well,Hand Pump,Lusaka,False,0,Kafue,2014,5GPC982C+23R
53.0,636.0,24607.479589697545,10034.01909173324,17579.09703090042,15209.915383283433,5387.593081536922,-15.634586666666667,28.326753333333333,Borehole/Tubewell,Hand Pump - India Mark,Well,Hand Pump,Lusaka,False,0,Kafue,2014,5GPC988G+5P6
18.0,401.0,23544.41682175909,8204.206158079409,15593.711439664245,13071.11632813188,2685.4269188098965,-15.628373333333332,28.30176,Borehole/Tubewell,Hand Pump - India Mark,Well,Hand Pump,Lusaka,False,0,Kafue,2014,5GPC98C2+MP2
1.0,520.0,23882.16768322381,9276.132860834816,16823.036715607086,14464.37090750515,4803.136209585677,-15.628545,28.32336833333333,Borehole/Tubewell,Hand Pump - India Mark,Well,Hand Pump,Lusaka,False,0,Kafue,2014,5GPC98CF+H8Q
15.0,139.0,23308.988970054383,8424.614066122082,15950.08110365884,13545.702112343875,3783.896516508452,-15.624725000000002,28.314663333333336,Borehole/Tubewell,Hand Pump - India Mark,Well,Hand Pump,Lusaka,False,0,Kafue,2014,5GPC98G7+4V7
18.0,537.0,22826.2026570715,7568.859228298877,15013.638667831789,12531.928829446711,2488.8147726689044,-15.621745,28.30295833333333,Borehole/Tubewell,Hand Pump - India Mark,Well,Hand Pump,Lusaka,False,0,Kafue,2014,5GPC98H3+854
0.0,175.0,21513.04287655421,8615.521861903439,15346.764822276516,13962.605252720838,6667.485312331611,-15.601908333333332,28.34231666666667,Borehole/Tubewell,Hand Pump - India Mark,Well,Hand Pump,Lusaka,False,0,Chilanga,2014,5GPC98XR+6WP
10.0,165.0,26733.217899434723,13904.01392237468,19824.11984398896,18248.54639490472,10319.2613854157,-15.641356666666663,28.373151666666665,Borehole/Tubewell,Hand Pump - India Mark,Well,Hand Pump,Lusaka,False,0,Kafue,2014,5GPC995F+F72
0.0,126.0,25480.940752440623,12128.567659077302,19002.76860827413,17466.27803305042,8419.173151931724,-15.63513,28.35657,Borehole/Tubewell,Hand Pump - India Mark,Well,Hand Pump,Lusaka,False,0,Kafue,2014,5GPC9974+WJW
1.0,122.0,31287.32006263632,21050.26066728519,23005.21024145348,18630.941489613087,11064.425256970077,-15.64878,28.44837166666667,Borehole/Tubewell,Hand Pump - India Mark,Well,Hand Pump,Lusaka,False,0,Kafue,2014,5GPC9C2X+F8Q
1.0,152.0,29024.833435388504,17664.686378008395,21249.665826769244,18194.13726755145,12505.746254445088,-15.645721666666669,28.41358333333333,Borehole/Tubewell,Hand Pump - India Mark,Well,Hand Pump,Lusaka,False,0,Kafue,2014,5GPC9C37+PC8
16.0,189.0,28682.171892671344,18846.929983306756,20403.28430504492,16457.054484537766,9613.815303372745,-15.628625,28.43572166666667,Borehole/Tubewell,Hand Pump - India Mark,Well,Hand Pump,Lusaka,False,0,Kafue,2014,5GPC9CCP+H75
20.0,192.0,28786.494319371635,19038.32984384544,20476.79870970339,16459.32539563833,9474.47655484232,-15.628355,28.4378,Borehole/Tubewell,Hand Pump - India Mark,Well,Hand Pump,Lusaka,False,0,Kafue,2014,5GPC9CCQ+M43
2.0,159.0,28784.36771067969,19263.031043155155,20410.946543025737,16256.261476308771,9071.218086042963,-15.625995,28.44112833333333,Borehole/Tubewell,Hand Pump - India Mark,Well,Hand Pump,Lusaka,False,0,Kafue,2014,5GPC9CFR+JF2
1.0,74.0,58117.945994170346,32466.69334712664,48268.17126162112,1031.321620367151,5572.489414656899,-15.601666666666665,28.78902833333333,Borehole/Tubewell,Hand Pump - India Mark,Well,Hand Pump,Lusaka,False,0,Chongwe,2014,5GPC9QXQ+8JJ
1.0,285.0,20731.716997702173,8247.27653973114,14496.190590213717,13557.46812154778,6693.482764549499,-15.594251666666668,28.34306833333333,Borehole/Tubewell,Hand Pump - India Mark,Well,Hand Pump,Lusaka,False,0,Chilanga,2014,5GPCC84V+76W
5.0,331.0,18989.948625206805,7808.344588268836,12523.61531538355,12511.609244256404,6839.09445723674,-15.576545,28.34590333333333,Borehole/Tubewell,Hand Pump - India Mark,Well,Hand Pump,Lusaka,False,0,Chilanga,2014,5GPCC8FW+99J
1.0,397.0,18198.430332516124,7860.802333714142,11565.59250332814,11556.580616996638,5912.60444453471,-15.56796,28.348125,Borehole/Tubewell,Hand Pump - India Mark,Well,Hand Pump,Lusaka,False,0,Chilanga,2014,5GPCC8JX+R76
1.0,802.0,17049.888793336133,7969.817319437898,10229.610663231831,10306.264572855887,4617.389244632543,-15.555916666666668,28.3497,Borehole/Tubewell,Hand Pump - India Mark,Well,Hand Pump,Lusaka,False,0,Chilanga,2014,5GPCC8VX+JVP
20.0,1147.0,16526.339762175074,8028.964170449653,9641.888015437757,9793.304558367883,4043.4631230736377,-15.550606666666663,28.349835,Borehole/Tubewell,Hand Pump - India Mark,Well,Hand Pump,Lusaka,False,0,Chilanga,2014,5GPCC8XX+QW4
4.0,487.0,19305.21546585493,8419.51459105143,12607.068481937797,12340.718456647634,6997.13034067641,-15.577411666666668,28.35155666666667,Borehole/Tubewell,Hand Pump - India Mark,Well,Hand Pump,Lusaka,False,0,Chilanga,2014,5GPCC9F2+2JM
20.0,603.0,19450.701017211868,9059.66119551324,12483.860811314113,11942.41472584053,6990.09560587347,-15.576101666666666,28.358003333333333,Borehole/Tubewell,Hand Pump - India Mark,Well,Hand Pump,Lusaka,False,0,Chilanga,2014,5GPCC9F5+H62
0.0,656.0,19076.76585889445,8521.096979833408,12284.099116675126,11971.15980635089,6705.488843659372,-15.574475,28.353226666666668,Borehole/Tubewell,Hand Pump - India Mark,Well,Hand Pump,Lusaka,False,0,Chilanga,2014,5GPCC9G3+679
1.0,606.0,19826.463368188823,10405.778609640152,12353.933252366547,11156.104073634824,7197.481099445457,-15.5734,28.371286666666663,Borehole/Tubewell,Hand Pump - India Mark,Well,Hand Pump,Lusaka,False,0,Kafue,2014,5GPCC9GC+JGV
19.0,649.0,18723.147961279738,8389.237615914675,11926.403218748916,11673.171379132536,6342.543236356401,-15.571251666666669,28.3526,Borehole/Tubewell,Hand Pump - India Mark,Well,Hand Pump,Lusaka,False,0,Chilanga,2014,5GPCC9H3+F2X
21.0,1243.0,19250.73267625925,10066.535435530082,11808.8785506953,10780.886268117732,6622.386973573785,-15.568825,28.36873,Borehole/Tubewell,Hand Pump - India Mark,Well,Hand Pump,Lusaka,False,0,Kafue,2014,5GPCC9J9+FFH
14.0,484.0,19974.15925551745,11735.630165298247,12025.005429046054,10020.545320452704,7370.390261268916,-15.567216666666663,28.384518333333336,Protected Well,Hand Pump,Well,Hand Pump,Lusaka,False,0,Kafue,2014,5GPCC9MM+4R6
5.0,1521.0,18847.424419669485,10262.083151346453,11257.783551234776,10130.24663630576,6202.895201053108,-15.563375,28.37101,Borehole/Tubewell,Hand Pump - India Mark,Well,Hand Pump,Lusaka,False,0,Kafue,2014,5GPCC9PC+MC2
42.0,1624.0,18587.923390837743,10026.274376993222,11052.184992530209,10056.32011070592,5944.852686554396,-15.561866666666669,28.368875000000003,Borehole/Tubewell,Hand Pump - India Mark,Well,Hand Pump,Lusaka,False,0,Kafue,2014,5GPCC9Q9+7H2
2.0,1565.0,18649.211882691307,10148.300494155576,11073.7024956124,10012.434023018948,6004.738177358502,-15.561865,28.370013333333336,Borehole/Tubewell,Hand Pump - India Mark,Well,Hand Pump,Lusaka,False,0,Kafue,2014,5GPCC9QC+722
20.0,1581.0,17639.955601200796,9624.48143416442,10139.3244030251,9401.58903654632,4995.772842776347,-15.55411,28.365055,Borehole/Tubewell,Hand Pump - India Mark,Well,Hand Pump,Lusaka,False,0,Chilanga,2014,5GPCC9W8+923
18.0,139.0,22512.007552926825,14284.615295074074,14219.755699178297,10962.594511372285,8335.258399705852,-15.580098333333334,28.40680166666667,Borehole/Tubewell,Hand Pump - India Mark,Well,Hand Pump,Lusaka,False,0,Kafue,2014,5GPCCC94+XP7
20.0,308.0,20761.384815557187,13721.266042121131,12327.84970244073,9087.227402348584,7482.831772511485,-15.562735000000002,28.403311666666664,Borehole/Tubewell,Hand Pump - India Mark,Well,Hand Pump,Lusaka,False,0,Kafue,2014,5GPCCCP3+W83
20.0,401.0,21758.070686713698,15329.396479017329,13083.63410182151,8954.091610874017,6183.292257625364,-15.562144999999996,28.418326666666665,Borehole/Tubewell,Hand Pump - India Mark,Well,Hand Pump,Lusaka,False,0,Kafue,2014,5GPCCCQ9+48W
3.0,411.0,21726.603895640405,15404.476751427905,13032.4417105829,8844.698078754867,6052.4246096420375,-15.561121666666669,28.41904833333333,Borehole/Tubewell,Hand Pump - India Mark,Well,Hand Pump,Lusaka,False,0,Kafue,2014,5GPCCCQ9+HJ3
20.0,666.0,22824.172833547535,16908.76516231399,13988.644623316226,9108.019952755174,4909.432770220686,-15.561815,28.43306166666667,Borehole/Tubewell,Hand Pump - India Mark,Well,Hand Pump,Lusaka,False,0,Kafue,2014,5GPCCCQM+76F
4.0,792.0,23282.213213068128,17872.86466255776,14356.926174143598,8919.626854187429,3895.623174697957,-15.558645000000002,28.44208,Borehole/Tubewell,Hand Pump - India Mark,Well,Hand Pump,Lusaka,False,0,Kafue,2014,5GPCCCRR+GRW
4.0,225.0,30636.06865899074,24117.216773560307,21664.945400970715,12449.647550842516,5233.285785367469,-15.599536666666664,28.496343333333336,Borehole/Tubewell,,Well,,Lusaka,False,0,Kafue,2014,5GPCCF2W+5GP
2.0,414.0,27251.18709363657,20744.656990724685,18341.75756478336,11606.197760657806,3815.4987214296593,-15.585451666666666,28.46689333333334,Borehole/Tubewell,Hand Pump - India Mark,Well,Hand Pump,Lusaka,False,0,Kafue,2014,5GPCCF78+RQ6
1.0,780.0,26922.25611827154,22745.46531591508,17873.493219447413,7693.06080536158,614.6218701005309,-15.556261666666668,28.48748833333333,Borehole/Tubewell,Hand Pump - India Mark,Well,Hand Pump,Lusaka,False,0,Kafue,2014,5GPCCFVP+FXX
20.0,788.0,26877.191159885,22768.00807335924,17828.53809155927,7591.780135888228,594.4580492142214,-15.555280000000002,28.487683333333333,Borehole/Tubewell,Hand Pump - India Mark,Well,Hand Pump,Lusaka,False,0,Kafue,2014,5GPCCFVQ+V3M
0.0,35.0,35550.00774059361,30250.18876224956,26545.333589666738,6851.264317638908,8585.111324522974,-15.578006666666663,28.56853333333333,Borehole/Tubewell,Hand Pump - India Mark,Well,Hand Pump,Lusaka,False,0,Kafue,2014,5GPCCHC9+QCV
0.0,42.0,34507.513851742864,29121.377622202544,25539.857812810045,5614.947049976028,7113.02637838876,-15.565156666666669,28.56482833333333,Borehole/Tubewell,Hand Pump - India Mark,Well,Hand Pump,Lusaka,False,0,Kafue,2014,5GPCCHM7+WWP
0.0,82.0,32983.568675555776,28123.34159749245,24063.911682554488,4412.763285671007,5332.311210864943,-15.550923333333332,28.556476666666672,Borehole/Tubewell,Hand Pump - India Mark,Well,Hand Pump,Lusaka,False,0,Kafue,2014,5GPCCHX4+JHQ
1.0,161.0,57497.7243192431,31552.517305178484,48086.69478806077,264.95367841366794,5307.223150255634,-15.594028333333332,28.785771666666665,Borehole/Tubewell,Hand Pump - India Mark,Well,Hand Pump,Lusaka,False,0,Chongwe,2014,5GPCCQ4P+98J
30.0,191.0,57726.47965212767,31350.44016954358,48223.11548145878,159.0965123245274,5745.328937000989,-15.59076,28.78924333333333,Borehole/Tubewell,Hand Pump - India Mark,Well,Hand Pump,Lusaka,False,0,Chongwe,2014,5GPCCQ5Q+MMX
1.0,161.0,57287.98954098358,31004.817585642737,47777.82959635262,303.10371471712006,5426.021915272888,-15.588780000000002,28.78562833333334,Borehole/Tubewell,Hand Pump - India Mark,Well,Hand Pump,Lusaka,False,0,Chongwe,2014,5GPCCQ6P+F7J
1.0,313.0,58557.25175332007,31241.283539399683,48874.68961367463,290.4209026418555,6929.086329423761,-15.585604999999996,28.79926833333333,Borehole/Tubewell,Hand Pump - India Mark,Well,Hand Pump,Lusaka,False,0,Chongwe,2014,5GPCCQ7X+QP2
1.0,283.0,59021.63799293018,31688.443659878885,49363.977901832826,181.3038089748113,7222.598148612251,-15.588485,28.802835,Borehole/Tubewell,Hand Pump - India Mark,Well,Hand Pump,Lusaka,False,0,Chongwe,2014,5GPCCR63+J44
5.0,301.0,58664.50589583451,30988.72405548889,48899.94697742029,204.10679225523225,7271.981211169655,-15.582120000000002,28.801515,Borehole/Tubewell,Hand Pump - India Mark,Well,Hand Pump,Lusaka,False,0,Chongwe,2014,5GPCCR92+5J2
16.0,269.0,58724.30142825934,30820.30148903374,48907.41161899435,159.15166093684476,7490.937854827838,-15.579836666666663,28.802866666666667,Borehole/Tubewell,Hand Pump - India Mark,Well,Hand Pump,Lusaka,False,0,Chongwe,2014,5GPCCRC3+349
5.0,224.0,59106.70619371176,30659.94617661442,49180.43894180401,191.17618311883555,8149.474046272536,-15.575883333333335,28.80789833333333,Borehole/Tubewell,Hand Pump - India Mark,Well,Hand Pump,Lusaka,False,0,Chongwe,2014,5GPCCRF5+J5R
2.0,166.0,58593.83618820883,29874.472264286494,48570.45716486149,51.58391373559841,8153.812869546526,-15.569376666666669,28.804951666666664,Borehole/Tubewell,Hand Pump - India Mark,Well,Hand Pump,Lusaka,False,0,Chongwe,2014,5GPCCRJ3+6XW
19.0,239.0,58473.430007895455,29402.27346258553,48358.03026359099,182.50001278960136,8445.037212570322,-15.56444,28.805285000000005,Borehole/Tubewell,Hand Pump - India Mark,Well,Hand Pump,Lusaka,False,0,Chongwe,2014,5GPCCRP4+64F
5.0,231.0,58453.66483722992,29340.380107299443,48326.965843345926,217.2183532193152,8479.345889103983,-15.563815,28.80528,Borehole/Tubewell,Hand Pump - India Mark,Well,Hand Pump,Lusaka,False,0,Chongwe,2014,5GPCCRP4+F4C
5.0,87.0,59966.671750598885,30115.752540060334,49750.34326211565,1068.0756360107898,9841.368364072088,-15.564173333333336,28.81984333333333,Borehole/Tubewell,Hand Pump - India Mark,Well,Hand Pump,Lusaka,False,0,Chongwe,2014,5GPCCRP9+8WP
25.0,191.0,58213.09601558785,28961.547703746703,48038.73638006954,501.16062848873565,8534.287677550667,-15.560664999999998,28.803878333333333,Borehole/Tubewell,Hand Pump - India Mark,Well,Hand Pump,Lusaka,False,0,Chongwe,2014,5GPCCRQ3+PHJ
6.0,276.0,58517.64834641767,28789.83093482939,48248.1927378808,393.5164027837458,9127.23005357546,-15.556866666666668,28.807918333333337,Borehole/Tubewell,Hand Pump - India Mark,Well,Hand Pump,Lusaka,False,0,Chongwe,2014,5GPCCRV5+753
14.0,274.0,59020.32478146577,28847.801602656164,48674.581650472246,86.75643650935626,9597.015770542375,-15.554528333333334,28.813425,Borehole/Tubewell,Hand Pump - India Mark,Well,Hand Pump,Lusaka,False,0,Chongwe,2014,5GPCCRW7+59M
13.0,44.0,63188.05305335899,32109.513634315237,52837.02003947378,3839.9022155171447,12289.70784937518,-15.567025,28.85019,Borehole/Tubewell,Hand Pump - India Mark,Well,Hand Pump,Lusaka,False,0,Chongwe,2014,5GPCCVM2+53W
0.0,2931.0,11444.11820897224,9147.636952330366,4541.953148254886,6753.345412700768,308.5965109224841,-15.503833333333334,28.33919333333333,Borehole/Tubewell,Hand Pump - India Mark,Well,Hand Pump,Lusaka,False,0,Kafue,2014,5GPCF8WQ+FM8
20.0,1303.0,16490.930617441536,8961.847204328933,9169.510147748922,8922.643230243419,3854.4377133535104,-15.546079999999998,28.357975000000003,Borehole/Tubewell,Hand Pump - India Mark,Well,Hand Pump,Lusaka,False,0,Chilanga,2014,5GPCF935+H59
3.0,219.0,24872.69925078597,20858.043375213976,15825.816768852865,8121.869050347856,755.4862452359085,-15.548641666666668,28.469625,Borehole/Tubewell,Hand Pump - India Mark,Well,Hand Pump,Lusaka,False,0,Kafue,2014,5GPCFF29+GVR
3.0,89.0,30793.25445290547,27509.86644525872,21926.705692079588,3328.3213713170426,3413.5253336937103,-15.535763333333334,28.541398333333337,Borehole/Tubewell,Hand Pump - India Mark,Well,Hand Pump,Lusaka,False,0,Kafue,2014,5GPCFG7R+MHR
1.0,69.0,31455.29453116369,24393.52498855573,22851.867215419785,585.1442550499418,1944.714810484675,-15.512623333333332,28.55798,Borehole/Tubewell,Hand Pump - India Mark,Well,Hand Pump,Lusaka,False,0,Kafue,2014,5GPCFHP5+X55
1.0,191.0,33139.07941804921,23371.374851565422,24302.65630315805,339.8775586199283,3611.739134350498,-15.511736666666666,28.574906666666667,Borehole/Tubewell,Hand Pump - India Mark,Well,Hand Pump,Lusaka,False,0,Kafue,2014,5GPCFHQF+8X3
44.0,151.0,34238.12222086202,22351.73173417684,25033.754292545385,1025.22002183916,4656.247099015418,-15.507576666666669,28.587041666666664,Protected Spring,Rope and Bucket,Spring,Rope and Bucket,Lusaka,False,0,Chongwe,2014,5GPCFHRP+XR7
16.0,149.0,46628.6751128102,23197.964017349062,36805.302168861046,2754.599687568493,147.04207009370998,-15.536445,28.698688333333333,Borehole/Tubewell,Hand Pump - India Mark,Well,Hand Pump,Lusaka,False,0,Chongwe,2014,5GPCFM7X+CFG
1.0,156.0,46554.04447921428,23045.10130469712,36701.43414837713,2832.0753860689715,3.626492914233273,-15.535083333333334,28.698376666666665,Borehole/Tubewell,Hand Pump - India Mark,Well,Hand Pump,Lusaka,False,0,Chongwe,2014,5GPCFM7X+X96
6.0,132.0,46880.91448953968,23405.75612139395,37079.437380984695,2789.936715146841,418.7490088864764,-15.538171666666663,28.700611666666667,Borehole/Tubewell,Hand Pump - India Mark,Well,Hand Pump,Lusaka,False,0,Chongwe,2014,5GPCFP62+P6Q
17.0,89.0,48982.70022582653,22176.51156979308,38631.8453823821,5847.691495752859,437.2736395168714,-15.523345,28.72509166666667,Borehole/Tubewell,Hand Pump - India Mark,Well,Hand Pump,Lusaka,False,0,Chongwe,2014,5GPCFPGG+M28
0.0,144.0,50145.42255188972,22458.140115017384,39711.42852886678,6518.192457063343,635.9863984540449,-15.523320000000002,28.736255,Borehole/Tubewell,Hand Pump - India Mark,Well,Hand Pump,Lusaka,False,0,Chongwe,2014,5GPCFPGP+MGC
3.0,139.0,50025.34468104548,22173.48981347424,39541.97341511141,6370.322637175972,464.4754399627845,-15.520793333333332,28.735726666666665,Borehole/Tubewell,Hand Pump - India Mark,Well,Hand Pump,Lusaka,False,0,Chongwe,2014,5GPCFPHP+M7Q
0.0,149.0,49153.16616705353,21780.529311181348,38690.19521295308,6375.464970979562,385.4607436310985,-15.519085,28.727789999999995,Borehole/Tubewell,Hand Pump - India Mark,Well,Hand Pump,Lusaka,False,0,Chongwe,2014,5GPCFPJH+947
10.0,146.0,50129.56928651013,21005.79272169593,39371.40913523936,5229.195811655912,1144.8032372016871,-15.50874,28.739475,Borehole/Tubewell,Hand Pump - India Mark,Well,Hand Pump,Lusaka,False,0,Chongwe,2014,5GPCFPRQ+GQ5
8.0,336.0,52935.646019339736,25667.232587587783,42853.26417864289,4383.207672727204,3809.533552357442,-15.547668333333336,28.756543333333337,Protected Well,Hand Pump - Rope,Well,,Lusaka,False,0,Chongwe,2014,5GPCFQ24+WJM
6.0,209.0,52809.08374242872,25168.032982343477,42628.08042687497,4906.693040841573,3522.805758134913,-15.542858333333331,28.756701666666665,Borehole/Tubewell,Hand Pump - India Mark,Well,Hand Pump,Lusaka,False,0,Chongwe,2014,5GPCFQ44+VM4
10.0,137.0,54424.09021503005,25603.81264642953,44095.7783809766,4446.520323051371,5015.294223193902,-15.541204999999998,28.77274,Borehole/Tubewell,Hand Pump - India Mark,Well,Hand Pump,Lusaka,False,0,Chongwe,2014,5GPCFQ5F+G39
26.0,154.0,54543.95254345664,25489.69235303144,44170.24066058578,4397.741443526426,5093.717990165901,-15.539421666666666,28.77437,Borehole/Tubewell,Hand Pump - India Mark,Well,Hand Pump,Lusaka,False,0,Chongwe,2014,5GPCFQ6F+6PQ
4.0,211.0,55785.978613904175,25310.274471293484,45172.38261532568,3719.606096207333,6211.495908888558,-15.53131,28.788333333333338,Borehole/Tubewell,Hand Pump - Afridev,Well,Hand Pump,Lusaka,False,0,Chongwe,2014,5GPCFQ9Q+F8G
14.0,97.0,56035.16554058039,24729.76476248984,45249.90762005151,2960.285702816798,5725.933860335173,-15.523185000000002,28.79258666666666,Protected Well,Hand Pump - India Mark,Well,Hand Pump,Lusaka,False,0,Chongwe,2014,5GPCFQGV+P2G
10.0,54.0,55761.11913031351,23879.863506234127,44830.35186539218,2243.7129636789527,4821.330866591811,-15.514828333333332,28.791755,Borehole/Tubewell,Hand Pump - India Mark,Well,Hand Pump,Lusaka,False,0,Chongwe,2014,5GPCFQPR+3P6
1.0,97.0,59789.03884906709,28567.727038473287,49238.38338889985,115.4002748599603,9416.756558742934,-15.546,28.823075000000003,Borehole/Tubewell,Hand Pump - India Mark,Well,Hand Pump,Lusaka,False,0,Chongwe,2014,5GPCFR3F+J64
13.0,64.0,59327.92727425042,28068.817654877468,48744.03065712456,404.5577005633272,8919.319822741834,-15.542891666666666,28.819431666666667,Borehole/Tubewell,Hand Pump - India Mark,Well,Hand Pump,Lusaka,False,0,Chongwe,2014,5GPCFR49+RQV
7.0,57.0,61382.6088289164,29284.26897019973,50705.36249971188,1443.9740928455194,9926.5816616596,-15.543486666666668,28.838971666666662,Borehole/Tubewell,Hand Pump - India Mark,Well,Hand Pump,Lusaka,False,0,Chongwe,2014,5GPCFR4Q+JH5
7.0,69.0,61656.486911859225,28434.746631189264,50729.81978572766,2035.4738973406136,8314.317869515095,-15.529775,28.844698333333334,Borehole/Tubewell,Hand Pump - India Mark,Well,Hand Pump,Lusaka,False,0,Chongwe,2014,5GPCFRCV+3VW
6.0,114.0,58591.54288389297,25584.18053808837,47569.41869580562,174.90791533365277,6521.323386790958,-15.51674,28.818246666666663,Borehole/Tubewell,Hand Pump - India Mark,Well,Hand Pump,Lusaka,False,0,Chongwe,2014,5GPCFRM9+875
6.0,84.0,57540.29637027396,24761.353127775677,46513.90878015213,1064.3767213789365,5630.580666707114,-15.51398,28.808815,Borehole/Tubewell,Hand Pump - India Mark,Well,Hand Pump,Lusaka,False,0,Chongwe,2014,5GPCFRP5+CG4
14.0,186.0,59019.94105729018,25556.11181391779,47916.88136520506,446.1181035673116,6609.511808197923,-15.513093333333332,28.82301333333333,Borehole/Tubewell,Hand Pump - India Mark,Well,Hand Pump,Lusaka,False,0,Chongwe,2014,5GPCFRPF+Q66
14.0,281.0,58299.54963384047,24596.09761375744,47107.82728586742,38.08909573047699,5667.110461210805,-15.506301666666666,28.81743666666667,Borehole/Tubewell,Hand Pump - India Mark,Well,Hand Pump,Lusaka,False,0,Chongwe,2014,5GPCFRV8+FXF
45.0,271.0,58509.79006511941,24691.937654574536,47303.15452796594,190.93236785129028,5811.881524724148,-15.505893333333333,28.81949666666667,Borehole/Tubewell,Hand Pump - India Mark,Well,Hand Pump,Lusaka,False,0,Chongwe,2014,5GPCFRV9+JQX
0.0,298.0,58221.91493864248,24375.87040536529,46994.91772233661,253.1255415661077,5484.474970012393,-15.504070000000002,28.81709333333333,Borehole/Tubewell,Hand Pump - India Mark,Well,Hand Pump,Lusaka,False,0,Chongwe,2014,5GPCFRW8+9RG
5.0,301.0,58643.913413512506,24687.87360874615,47413.2527355538,390.991125902389,5804.644481665025,-15.504771666666668,28.82096,Borehole/Tubewell,Hand Pump - India Mark,Well,Hand Pump,Lusaka,False,0,Chongwe,2014,5GPCFRWC+39W
3.0,67.0,65211.66711210378,31725.82332252925,54365.10358538827,5302.822481089718,9576.02117251313,-15.543631666666666,28.875535,Borehole/Tubewell,,Well,,Lusaka,False,0,Chongwe,2014,5GPCFV4G+G6V
11.0,69.0,65217.67801529707,31688.325148734377,54360.9366550292,5315.783065719194,9507.573833795332,-15.543015,28.87573166666667,Borehole/Tubewell,Hand Pump - India Mark,Well,Hand Pump,Lusaka,False,0,Chongwe,2014,5GPCFV4G+Q7X
1.0,69.0,65580.71716397858,31795.13673356822,54675.83845186256,5715.713850989127,9241.569090057306,-15.540921666666668,28.87966,Borehole/Tubewell,Hand Pump - India Mark,Well,Hand Pump,Lusaka,False,0,Chongwe,2014,5GPCFV5H+JVM
2.0,59.0,63302.44118253347,29062.413565989944,52206.62458428077,3957.682020946548,7397.919771091859,-15.523426666666667,28.86163,Borehole/Tubewell,Hand Pump - India Mark,Well,Hand Pump,Lusaka,False,0,Chongwe,2014,5GPCFVG6+JMC
2.0,69.0,63944.349857570654,28893.35653944017,52683.5671139952,5027.608918567808,6375.246604507098,-15.514296666666668,28.8694,Borehole/Tubewell,Hand Pump - India Mark,Well,Hand Pump,Lusaka,False,0,Chongwe,2014,5GPCFVP9+7QJ
1.0,74.0,64029.138687901184,28961.65279778796,52767.48273120309,5103.176052986077,6379.596494270873,-15.51442,28.87018,Borehole/Tubewell,Motorized Pump,Well,Motorized Pump,Lusaka,False,0,Chongwe,2013,5GPCFVPC+63M
15.0,72.0,64732.5061883724,29392.47625747881,53431.221657562885,5842.281593622958,6216.001433380863,-15.513283333333334,28.877025000000003,Borehole/Tubewell,Hand Pump - India Mark,Well,Hand Pump,Lusaka,False,0,Chongwe,2014,5GPCFVPG+MRJ
0.0,32903.0,6686.77377031968,9411.904957897672,3497.4007657965303,3730.308238220791,138.5027575279622,-15.4757,28.2944,Borehole/Tubewell,,Well,,Lusaka,True,0,Lusaka,2018,5GPCG7FV+PQC
0.0,29831.0,6845.665691067276,9425.151879986348,3404.009935181012,4080.554145940348,306.7850349011751,-15.4764,28.2979,Borehole/Tubewell,,Well,,Lusaka,True,0,Lusaka,2018,5GPCG7FX+C5R
0.0,29831.0,6776.023021954489,9505.521797192976,3324.9208741543766,4054.997470558656,281.71276250305874,-15.4757,28.2981,Borehole/Tubewell,,Well,,Lusaka,True,0,Lusaka,2018,5GPCG7FX+P6H
0.0,37042.0,6450.4988513638045,9629.972090547742,3307.045579217974,3560.186559172899,71.38299435359187,-15.4736,28.294,Borehole/Tubewell,,Well,,Lusaka,True,0,Lusaka,2018,5GPCG7GV+HJ6
0.0,37576.0,6360.021456302782,9690.658768608104,3269.630572073123,3454.5593343673827,56.84721062002997,-15.4729,28.2933,Borehole/Tubewell,,Well,,Lusaka,True,0,Lusaka,2018,5GPCG7GV+R8V
0.0,34477.0,6609.1035183744125,9530.271787897036,3472.4441904855166,3750.3746484999015,112.19121485776284,-15.4748,28.2953,Borehole/Tubewell,,Well,,Lusaka,True,0,Lusaka,2018,5GPCG7GW+34M
0.0,32188.0,6640.288391390816,9562.392046687934,3383.309684455411,3865.808866373603,151.39928901059966,-15.4748,28.2966,Borehole/Tubewell,,Well,,Lusaka,True,0,Lusaka,2018,5GPCG7GW+3JQ
0.0,33214.0,6560.865460365354,9611.939496533298,3373.177811031197,3775.4997679687376,77.08399144188441,-15.4742,28.296,Borehole/Tubewell,,Well,,Lusaka,True,0,Lusaka,2018,5GPCG7GW+8CC
0.0,35464.0,6439.119502277273,9748.567445094906,3251.7413528728093,3731.7782483061,50.05625569270539,-15.473,28.2963,Borehole/Tubewell,,Well,,Lusaka,True,0,Lusaka,2018,5GPCG7GW+RG3
0.0,30519.0,6682.2448449630265,9583.031783457736,3312.962980974279,3979.698801073505,187.785444675176,-15.4749,28.2978,Borehole/Tubewell,,Well,,Lusaka,True,0,Lusaka,2018,5GPCG7GX+24V
0.0,32670.0,6537.636973534963,9717.109176299784,3212.585260391958,3885.5019763082887,53.9800622503596,-15.4736,28.2976,Borehole/Tubewell,,Well,,Lusaka,True,0,Lusaka,2018,5GPCG7GX+H29
0.0,32085.0,6495.955743713744,9802.699223672247,3107.152344932423,3835.531182523769,98.5872020685841,-15.473,28.2984,Borehole/Tubewell,,Well,,Lusaka,True,0,Lusaka,2018,5GPCG7GX+R92
0.0,34539.0,6409.0205396983465,9824.903984173954,3146.541252970178,3786.812388528302,36.64002246398553,-15.4725,28.2972,Borehole/Tubewell,,Well,,Lusaka,True,0,Lusaka,2018,5GPCG7HW+2V4
0.0,34928.0,6344.722478674585,9868.612833894813,3133.460733488387,3722.1518755023626,86.7766533825094,-15.472,28.2968,Borehole/Tubewell,,Well,,Lusaka,True,0,Lusaka,2018,5GPCG7HW+6P3
0.0,36177.0,6218.822649286093,9979.721197162226,3066.4656895575927,3635.448154327796,148.0821989764658,-15.4709,28.2965,Borehole/Tubewell,,Well,,Lusaka,True,0,Lusaka,2018,5GPCG7HW+JJR
0.0,33893.0,6380.721939506207,9901.902901762493,3041.775673513488,3743.003772999448,51.32255330739643,-15.472,28.2981,Borehole/Tubewell,,Well,,Lusaka,True,0,Lusaka,2018,5GPCG7HX+665
0.0,38764.0,6040.9463654262845,10001.35126909128,2988.7044971630703,3267.59523910442,251.98220051486328,-15.47,28.2931,Borehole/Tubewell,,Well,,Lusaka,True,0,Lusaka,2018,5GPCG7JV+265
0.0,36845.0,6055.814915229373,10098.793982833891,3034.89362347194,3483.606746762141,296.02585565887114,-15.4696,28.2956,Borehole/Tubewell,,Well,,Lusaka,True,0,Lusaka,2018,5GPCG7JW+569
0.0,36384.0,6076.848454966252,10117.507685007417,2972.4467094748584,3560.544535469476,210.24764468508485,-15.4696,28.2964,Borehole/Tubewell,,Well,,Lusaka,True,0,Lusaka,2018,5GPCG7JW+5H6
0.0,36845.0,6030.019967246872,10096.039258633027,3075.080612832174,3421.1491519952488,359.3209728846773,-15.4695,28.295,Borehole/Tubewell,,Well,,Lusaka,True,0,Lusaka,2018,5GPCG7JW+622
0.0,36825.0,5988.7809760860455,10161.383043924952,2998.2086223843785,3444.6679282376663,316.0001789950311,-15.469,28.2955,Borehole/Tubewell,,Well,,Lusaka,True,0,Lusaka,2018,5GPCG7JW+C62
0.0,36364.0,5967.081095085087,10223.07673928325,2904.7660807102698,3474.372724266905,251.6421252127292,-15.4686,28.2963,Borehole/Tubewell,,Well,,Lusaka,True,0,Lusaka,2018,5GPCG7JW+HG7
0.0,35751.0,5942.053613440042,10300.94755785968,2788.264380824864,3378.4379956278094,173.51878971744404,-15.4681,28.2973,Borehole/Tubewell,,Well,,Lusaka,True,0,Lusaka,2018,5GPCG7JW+QW7
0.0,33631.0,6085.845211733461,10205.111142694352,2804.423271487728,3451.1817472161783,56.96165577114228,-15.4692,28.2982,Borehole/Tubewell,,Well,,Lusaka,True,0,Lusaka,2018,5GPCG7JX+87G
0.0,35006.0,6022.427604982652,10230.474146607676,2826.0650349576345,3440.2091501764003,134.9019984323066,-15.4688,28.2975,Borehole/Tubewell,,Well,,Lusaka,True,0,Lusaka,2018,5GPCG7JX+F2J
0.0,34082.0,5952.354117648566,10386.892507774714,2625.954677835015,3265.0033851755275,56.1284030044607,-15.4677,28.299,Borehole/Tubewell,,Well,,Lusaka,True,0,Lusaka,2018,5GPCG7JX+WJC
1.0,211.0,27441.76801593214,22590.87008266397,17846.636948454016,2501.2400532391457,131.59573910773267,-15.470925,28.531595,Borehole/Tubewell,Hand Pump - India Mark,Well,Hand Pump,Lusaka,False,0,Chongwe,2014,5GPCGGHJ+JJQ
5.0,144.0,37183.528930180415,17647.47139414622,26520.10933252624,5774.848045044404,4146.973144785668,-15.476588333333332,28.62301833333333,Borehole/Tubewell,Hand Pump - India Mark,Well,Hand Pump,Lusaka,False,0,Chongwe,2014,5GPCGJFF+966
0.0,102.0,37413.23118067892,17132.515887599533,26610.545473688875,6306.243651496337,3900.229497420251,-15.472665,28.62589666666667,Borehole/Tubewell,Hand Pump - India Mark,Well,Hand Pump,Lusaka,False,0,Chongwe,2014,5GPCGJGG+W9J
14.0,104.0,48468.01694230561,19536.012196265856,37585.14392087029,6053.497403014529,1.6449292710471557,-15.498691666666666,28.725745,Borehole/Tubewell,Hand Pump - India Mark,Well,Hand Pump,Lusaka,False,0,Chongwe,2014,5GPCGP2G+G7H
0.0,219.0,49946.70751631016,20026.537818156503,38997.927092902784,4698.691736782308,896.1404331409269,-15.4994,28.73963,Borehole/Tubewell,Motorized Pump,Well,Motorized Pump,Lusaka,False,0,Chongwe,2013,5GPCGP2Q+6VR
1.0,219.0,49953.07759867022,20020.177687211723,39002.15650851112,4687.260153917828,886.9004601825995,-15.499315,28.739706666666667,Borehole/Tubewell,Hand Pump - India Mark,Well,Hand Pump,Lusaka,False,0,Chongwe,2014,5GPCGP2Q+7VG
16.0,211.0,49941.01913034532,19832.564354239126,38951.32474154587,4580.383207737698,681.2657356965672,-15.497451666666668,28.739944999999995,Borehole/Tubewell,Hand Pump - India Mark,Well,Hand Pump,Lusaka,False,0,Chongwe,2014,5GPCGP3Q+2X8
0.0,109.0,48649.11077705532,19122.588544035727,37657.13014897399,5641.377274694314,15.492575742459056,-15.494173333333332,28.72832,Borehole/Tubewell,Hand Pump - India Mark,Well,Hand Pump,Lusaka,False,0,Chongwe,2014,5GPCGP4H+88P
0.0,251.0,49263.18340249945,19181.345088703634,38214.574177619135,4984.903965781904,146.78186809902067,-15.493021666666667,28.73434,Borehole/Tubewell,Hand Pump - India Mark,Well,Hand Pump,Lusaka,False,0,Chongwe,2014,5GPCGP4M+QPW
1.0,274.0,49731.72621750052,19189.50460485219,38630.46303759954,4459.886525311037,36.8643278911129,-15.491621666666669,28.739016666666664,Borehole/Tubewell,Hand Pump - India Mark,Well,Hand Pump,Lusaka,False,0,Chongwe,2014,5GPCGP5Q+9J2
0.0,254.0,48865.62696740354,18231.42566491226,37662.27372396256,4871.426376395705,802.4001943375486,-15.48474,28.73199,Borehole/Tubewell,Motorized Pump,Well,Motorized Pump,Lusaka,False,0,Chongwe,2012,5GPCGP8J+4Q5
1.0,274.0,49458.7828360289,18088.23477325266,38160.27090986436,4133.340592741892,1090.5419667497997,-15.48139,28.7381,Borehole/Tubewell,Motorized Pump,Well,Motorized Pump,Lusaka,False,0,Chongwe,2013,5GPCGP9Q+C6X
1.0,264.0,49492.67264717944,18094.871775876945,38191.70331780038,4098.204349468527,1096.0589284055418,-15.48134,28.73842666666667,Borehole/Tubewell,Hand Pump - India Mark,Well,Hand Pump,Lusaka,False,0,Chongwe,2014,5GPCGP9Q+F97
14.0,164.0,53935.23641605129,21602.06157690259,42788.13564056229,1655.4906006894778,2694.8718668491715,-15.49899,28.777461666666667,Borehole/Tubewell,Hand Pump - India Mark,Well,Hand Pump,Lusaka,False,0,Chongwe,2014,5GPCGQ2G+CX4
5.0,84.0,52734.25289248333,20581.777578647965,41541.53302434355,1884.9728022327365,1647.8490351337211,-15.493886666666668,28.766993333333332,Borehole/Tubewell,Hand Pump - Afridev,Well,Hand Pump,Lusaka,False,0,Chongwe,2014,5GPCGQ48+CQX
1.0,283.0,54428.72284240329,20882.64771975614,43056.91121819509,240.39465695027016,1738.836920025631,-15.487816666666667,28.78393833333333,Borehole/Tubewell,Hand Pump - India Mark,Well,Hand Pump,Lusaka,False,0,Chongwe,2014,5GPCGQ6M+VHG
1.0,296.0,54156.39773800897,20528.63425168664,42750.68812907198,151.29234753014643,1394.013221379953,-15.485376666666664,28.781735000000005,Borehole/Tubewell,Motorized Pump - Electric,Well,Motorized Pump,Lusaka,False,0,Chongwe,2014,5GPCGQ7J+RMX
1.0,296.0,54292.762286001154,20678.50805407905,42898.3216917842,163.01113474223263,1536.1925724561297,-15.486278333333331,28.782886666666663,Borehole/Tubewell,Motorized Pump - Electric,Well,Motorized Pump,Lusaka,False,0,Chongwe,2014,5GPCGQ7M+F5J
18.0,226.0,53421.56292132641,19328.423848620696,41874.08542814165,158.70243801950994,219.91240199510025,-15.476,28.776105,Borehole/Tubewell,Hand Pump - India Mark,Well,Hand Pump,Lusaka,False,0,Chongwe,2014,5GPCGQFG+JC5
1.0,249.0,54246.57473193643,19676.56839940438,42652.31521876573,683.0807267771636,799.0364987758823,-15.47479,28.784,Borehole/Tubewell,Motorized Pump,Well,Motorized Pump,Lusaka,False,0,Chongwe,2013,5GPCGQGM+3JJ
3.0,249.0,54233.11946896609,19650.8508483281,42635.57360004398,679.6655675002811,785.4368604281323,-15.474575,28.783900000000003,Borehole/Tubewell,Hand Pump - India Mark,Well,Hand Pump,Lusaka,False,0,Chongwe,2014,5GPCGQGM+5HC
14.0,318.0,57867.619146294506,23831.734482855085,46581.45861469916,493.6704723179187,4978.8902949660815,-15.499836666666663,28.81446333333333,Borehole/Tubewell,Hand Pump - India Mark,Well,Hand Pump,Lusaka,False,0,Chongwe,2014,5GPCGR27+3Q8
0.0,244.0,58285.5420846996,23741.123434378715,46908.82521701964,1190.2100616110638,4753.9206774755385,-15.495303333333334,28.819130000000005,Borehole/Tubewell,Hand Pump - India Mark,Well,Hand Pump,Lusaka,False,0,Chongwe,2014,5GPCGR39+VMC
1.0,184.0,59255.21125989503,24389.766420772285,47852.52069879114,1656.4954013451215,4875.31759569789,-15.49565,28.82821333333333,Borehole/Tubewell,Hand Pump - India Mark,Well,Hand Pump,Lusaka,False,0,Chongwe,2014,5GPCGR3H+P7W
1.0,79.0,63952.28635489494,25633.32646904284,51942.44073597474,8020.4541486782255,473.13610753098334,-15.46136,28.8762,Borehole/Tubewell,Motorized Pump,Well,Motorized Pump,Lusaka,False,0,Chongwe,2013,5GPCGVQG+FF4
1.0,67.0,66236.40054546752,27350.991441093247,54148.493321524846,10131.305974672678,22.46592792728294,-15.45784,28.8978,Borehole/Tubewell,Motorized Pump,Well,Motorized Pump,Lusaka,False,0,Chongwe,2013,5GPCGVRX+V47
0.0,49.0,74369.64611263052,35340.19481457852,62392.2952523945,16810.11677642379,4460.224981501084,-15.47695,28.97227,Borehole/Tubewell,Motorized Pump,Well,Motorized Pump,Lusaka,False,0,Rufunsa,2012,5GPCGXFC+6WC
0.0,822.0,27158.88729551582,20811.473721891536,16553.286525310305,4723.943255727194,53.03209381273022,-15.448578333333334,28.53301333333333,Borehole/Tubewell,Hand Pump - India Mark,Well,Hand Pump,Lusaka,False,0,Chongwe,2014,5GPCHG2M+H66
1.0,468.0,26472.44355805392,20906.36997166977,15707.983407686734,4955.618733436003,17.89457838016666,-15.443028333333332,28.527265000000003,Borehole/Tubewell,Hand Pump - India Mark,Well,Hand Pump,Lusaka,False,0,Chongwe,2014,5GPCHG4G+QWJ
3.0,555.0,27727.408922050785,19678.01294355767,16675.845910356875,5890.483874154485,999.0050644028764,-15.439934999999998,28.539345000000004,Borehole/Tubewell,Hand Pump - India Mark,Well,Hand Pump,Lusaka,False,0,Chongwe,2014,5GPCHG6Q+2PH
8.0,214.0,44689.53090376223,11517.520615124256,32540.892766819143,5339.456875620717,2567.4432268788764,-15.43026,28.69825833333333,Borehole/Tubewell,Hand Pump - India Mark,Well,Hand Pump,Lusaka,False,0,Chongwe,2014,5GPCHM9X+V8R
11.0,478.0,44258.67128771878,10151.313959149726,31898.05357321321,4082.267297167727,3590.180141938782,-15.418326666666667,28.694471666666665,Borehole/Tubewell,Hand Pump - India Mark,Well,Hand Pump,Lusaka,False,0,Chongwe,2014,5GPCHMJV+MQ9
20.0,540.0,44674.98310195173,9649.608380666356,32217.79062034326,3509.120336866273,4284.009451262279,-15.413108333333332,28.698335,Borehole/Tubewell,Hand Pump - India Mark,Well,Hand Pump,Lusaka,False,0,Chongwe,2014,5GPCHMPX+Q84
6.0,251.0,42748.39928589498,9320.768328438626,30287.63109916358,3725.686382500769,3668.3567198922656,-15.411705,28.68037,Borehole/Tubewell,Hand Pump - India Mark,Well,Hand Pump,Lusaka,False,0,Chongwe,2014,5GPCHMQJ+849
14.0,545.0,43912.80583617331,9315.223171536005,31429.119285080335,3321.0953447602387,4189.968920666761,-15.411113333333333,28.69121,Borehole/Tubewell,Rope and Bucket,Well,Rope and Bucket,Lusaka,False,0,Chongwe,2014,5GPCHMQR+HF4
6.0,164.0,42061.09813539592,8356.763991161299,29445.52066367172,3261.1125939377152,3132.806025499524,-15.402636666666668,28.67373,Borehole/Tubewell,Hand Pump - India Mark,Well,Hand Pump,Lusaka,False,0,Chongwe,2014,5GPCHMWF+WFX
8.0,366.0,45250.06791067144,10237.422092469507,32860.32947134917,3804.8245586287335,4091.298685184599,-15.417411666666665,28.70371,Borehole/Tubewell,Hand Pump - India Mark,Well,Hand Pump,Lusaka,False,0,Chongwe,2014,5GPCHPM3+2FP
3.0,416.0,46490.9316463935,8824.399717459466,33813.95496590248,1709.7242583328425,6335.779872895253,-15.400258333333332,28.714931666666665,Borehole/Tubewell,Hand Pump - India Mark,Well,Hand Pump,Lusaka,False,0,Chongwe,2014,5GPCHPX7+VXV
1.0,346.0,53814.75815901198,16854.43174839065,41724.64767016678,555.1288539757895,216.80699671676743,-15.44376,28.78274,Borehole/Tubewell,Motorized Pump,Well,Motorized Pump,Lusaka,False,0,Chongwe,2013,5GPCHQ4M+F3X
0.0,179.0,57501.439327422566,18342.88269704366,45127.81311883303,4582.372522278185,2384.960354202986,-15.4273,28.81774,Borehole/Tubewell,Motorized Pump,Well,Motorized Pump,Lusaka,False,0,Chongwe,2013,5GPCHRF9+33Q
1.0,236.0,57122.36055814993,17163.992420184277,44575.70980483702,4432.320608216257,3832.84145211311,-15.4136,28.8143,Borehole/Tubewell,Motorized Pump,Well,Motorized Pump,Lusaka,False,0,Chongwe,2013,5GPCHRP7+HP7
0.0,19.0,65913.0344544435,24618.428699084103,53241.21461040114,13250.932062880438,3358.812982613465,-15.405467,28.896083,Borehole/Tubewell,,Well,,Lusaka,False,0,Rufunsa,2017,5GPCHVVW+RC8
4.0,32.0,67204.49642624019,27185.056787755388,54864.21176563699,12583.038213856718,2329.6926132268054,-15.4372,28.9079,Borehole/Tubewell,Motorized Pump,Well,Motorized Pump,Lusaka,False,0,Rufunsa,2013,5GPCHW75+45C
1.0,84.0,71527.18898871916,30603.45539733564,59019.79285433966,16732.215975611372,748.8142720419704,-15.42399,28.94847,Borehole/Tubewell,Motorized Pump,Well,Motorized Pump,Lusaka,False,0,Rufunsa,2013,5GPCHWGX+C95
0.0,134.0,70459.11092544871,29440.46536155473,57914.3926717954,16132.958809661044,56.541552834621015,-15.41971,28.93855,Borehole/Tubewell,Motorized Pump,Well,Motorized Pump,Lusaka,False,0,Rufunsa,2013,5GPCHWJQ+4C7
0.0,149.0,76015.11167096667,35493.656682225526,63665.29402064932,19740.93174719904,4820.76243887342,-15.4428333,28.9898333,Borehole/Tubewell,Hand Pump - India Mark,Well,Hand Pump,Lusaka,False,0,Rufunsa,2015,5GPCHX4Q+VW8
0.0,124.0,72659.0197886052,32043.951513444805,60246.11305527647,17113.89181881846,1477.1866849838862,-15.43414,28.95883,Borehole/Tubewell,Motorized Pump,Well,Motorized Pump,Lusaka,False,0,Rufunsa,2012,5GPCHX85+8GW
0.0,69.0,74082.0788807712,33366.310818853584,61658.78872068312,18388.68023411773,2897.9077041612068,-15.43399,28.972096,Borehole/Tubewell,,Well,,Lusaka,False,0,Rufunsa,2018,5GPCHX8C+CR5
0.0,64.0,75749.0503170643,34407.65347216555,63170.877063498665,20684.03690909761,4827.075558254891,-15.418333,28.987833,Borehole/Tubewell,,Well,,Lusaka,False,0,Rufunsa,2016,5GPCHXJQ+M48
3.0,41041.0,5956.086100843228,20606.10452111232,2498.8052319258904,519.7026081164236,852.6276325948897,-15.374536,28.247341,Borehole/Tubewell,,Well,,Lusaka,True,0,Lusaka,2021,5GPCJ6GW+5WP
19.0,2329.0,21155.28358546425,22943.412247241813,7481.056206316021,5510.569662722567,433.7632794356774,-15.359261666666663,28.470191666666665,Borehole/Tubewell,Hand Pump - India Mark,Well,Hand Pump,Lusaka,False,0,Chongwe,2014,5GPCJFRC+73W
8.0,254.0,44091.72848772234,8041.789028267297,31410.158905529413,2012.0613498664663,4125.555229300774,-15.399336666666668,28.69252333333333,Borehole/Tubewell,Hand Pump - India Mark,Well,Hand Pump,Lusaka,False,0,Chongwe,2014,5GPCJM2V+726
6.0,288.0,42740.81335687776,7206.144668163469,29954.96757970052,1992.6686837454424,2578.88180255135,-15.392576666666663,28.679550000000003,Borehole/Tubewell,Hand Pump - India Mark,Well,Hand Pump,Lusaka,False,0,Chongwe,2014,5GPCJM4H+XR7
4.0,605.0,41983.27418285464,6472.653514709017,29082.540065286878,2114.5621807670213,1427.471173608311,-15.385253333333331,28.67192333333333,Borehole/Tubewell,Hand Pump - India Mark,Well,Hand Pump,Lusaka,False,0,Chongwe,2014,5GPCJM7C+VQV
2.0,869.0,42601.74942764964,5935.739599309062,29638.55408639177,1400.358359282183,1705.6635934217427,-15.380976666666667,28.67731666666667,Borehole/Tubewell,Hand Pump - India Mark,Well,Hand Pump,Lusaka,False,0,Chongwe,2014,5GPCJM9G+JW4
5.0,1223.0,44197.484603198005,6103.56927388576,31248.605865831472,207.92992339315052,3290.4341976706246,-15.3816,28.6923,Borehole/Tubewell,Motorized Pump,Well,Motorized Pump,Lusaka,False,0,Chongwe,2013,5GPCJM9R+9W7
0.0,1564.0,45017.5582670092,6178.712160957207,32053.96525834072,23.290942047107745,4075.384187553487,-15.380345,28.699853333333333,Borehole/Tubewell,Hand Pump - India Mark,Well,Hand Pump,Lusaka,False,0,Chongwe,2014,5GPCJM9X+VW9
14.0,1477.0,44256.42769095409,5667.3748839993,31251.53120864617,167.0637909903842,3261.952442396563,-15.377543333333332,28.69246,Borehole/Tubewell,Hand Pump - India Mark,Well,Hand Pump,Lusaka,False,0,Chongwe,2014,5GPCJMCR+XXP
0.0,1265.0,43483.38542095664,5352.325947745087,30449.66260535828,408.7763025531553,2464.297849538108,-15.375713333333332,28.68503,Borehole/Tubewell,Hand Pump - India Mark,Well,Hand Pump,Lusaka,False,0,Chongwe,2014,5GPCJMFP+P26
1.0,1342.0,43915.55015067719,5486.547456489953,30894.463373965504,37.67813121833328,2905.720024470608,-15.376475,28.68915833333333,Borehole/Tubewell,Hand Pump - India Mark,Well,Hand Pump,Lusaka,False,0,Chongwe,2014,5GPCJMFQ+CM7
0.0,1230.0,44511.62510842784,5296.026901229839,31455.558482198063,601.2994867251696,3487.1457989347173,-15.37362,28.694431666666667,Borehole/Tubewell,Hand Pump - India Mark,Well,Hand Pump,Lusaka,False,0,Chongwe,2014,5GPCJMGV+HQ3
0.0,914.0,42313.57867246746,4544.467461435898,29165.219092297822,1117.9087787996468,1531.6621256630158,-15.36776,28.6731,Borehole/Tubewell,Motorized Pump,Well,Motorized Pump,Lusaka,False,0,Chongwe,2013,5GPCJMJF+V6X
0.0,944.0,42332.87456624756,4535.778763082477,29184.0625904942,1098.556581689354,1549.4635305165273,-15.367713333333333,28.673275,Borehole/Tubewell,Hand Pump - India Mark,Well,Hand Pump,Lusaka,False,0,Chongwe,2014,5GPCJMJF+W86
9.0,1429.0,43170.6102839458,4640.879315622294,30050.656338771834,375.2335093294966,2214.6401455089613,-15.369416666666666,28.68136,Borehole/Tubewell,Hand Pump - India Mark,Well,Hand Pump,Lusaka,False,0,Chongwe,2014,5GPCJMJJ+6GQ
15.0,1347.0,43637.392190379855,4582.60109486876,30511.35739153403,53.74931708596527,2675.137373692627,-15.368678333333332,28.68564666666667,Borehole/Tubewell,Hand Pump - India Mark,Well,Hand Pump,Lusaka,False,0,Chongwe,2014,5GPCJMJP+G7C
2.0,976.0,44270.915001228845,4028.772086847503,31076.011304590807,852.8439127601673,3442.290937899724,-15.362708333333334,28.690798333333337,Borehole/Tubewell,Hand Pump - India Mark,Well,Hand Pump,Lusaka,False,0,Chongwe,2014,5GPCJMPR+W87
0.0,976.0,44267.070755429806,4002.4729491313287,31069.39861439175,855.6605211221109,3447.07633363328,-15.36248,28.69073,Borehole/Tubewell,Motorized Pump,Well,Motorized Pump,Lusaka,False,0,Chongwe,2012,5GPCJMQR+275
16.0,480.0,46532.620992534576,8587.885267511689,33818.466203011274,1435.9033798175349,6589.264505457888,-15.397783333333331,28.715211666666665,Borehole/Tubewell,Hand Pump - India Mark,Well,Hand Pump,Lusaka,False,0,Chongwe,2014,5GPCJP28+V3P
8.0,545.0,46552.13633267889,8221.006106181225,33784.06769920697,1029.2548979466171,6023.170773058587,-15.394108333333334,28.715205,Borehole/Tubewell,Hand Pump - India Mark,Well,Hand Pump,Lusaka,False,0,Chongwe,2014,5GPCJP48+934
0.0,647.0,46797.25288755838,8054.144944867648,33989.31604667831,755.4826870126911,6150.979395397098,-15.391338333333332,28.71732833333333,Borehole/Tubewell,Hand Pump - India Mark,Well,Hand Pump,Lusaka,False,0,Chongwe,2014,5GPCJP58+FW8
8.0,839.0,46944.40029412527,7713.25969303148,34078.605387118056,415.19977897379937,6160.17347553691,-15.387176666666669,28.718421666666668,Borehole/Tubewell,Hand Pump - India Mark,Well,Hand Pump,Lusaka,False,0,Chongwe,2014,5GPCJP79+49F
7.0,1061.0,45887.41481910369,6642.688010111897,32943.66433342714,199.3787885951683,4970.524090066947,-15.3816,28.7081,Borehole/Tubewell,Motorized Pump,Well,Motorized Pump,Lusaka,False,0,Chongwe,2013,5GPCJP95+969
8.0,779.0,46726.9499306407,6778.111025785817,33749.7056083712,443.2888398470082,5760.955258891345,-15.37886,28.71570166666667,Borehole/Tubewell,Hand Pump - India Mark,Well,Hand Pump,Lusaka,False,0,Chongwe,2014,5GPCJPC8+F74
17.0,909.0,47162.14518655969,7023.824179912225,34186.26665555893,253.7193517348456,6197.25235580751,-15.378841666666665,28.71977,Borehole/Tubewell,Hand Pump - India Mark,Well,Hand Pump,Lusaka,False,0,Chongwe,2014,5GPCJPC9+FW6
1.0,602.0,48330.60325649218,7689.037330768426,35347.14357498031,356.01892600148483,7012.935574010451,-15.3779,28.73061,Borehole/Tubewell,Hand Pump - India Mark,Well,Hand Pump,Lusaka,False,0,Chongwe,2014,5GPCJPCJ+R6X
1.0,807.0,47007.02912273743,6725.771468954343,34002.93397140521,551.773565050705,6014.321985394101,-15.37668,28.71811333333333,Borehole/Tubewell,Hand Pump - India Mark,Well,Hand Pump,Lusaka,False,0,Chongwe,2014,5GPCJPF9+86H
3.0,856.0,47723.25453346881,7207.29617931436,34727.079648707135,277.3227415147572,6712.110796710944,-15.37707,28.72485166666667,Borehole/Tubewell,Hand Pump - India Mark,Well,Hand Pump,Lusaka,False,0,Chongwe,2014,5GPCJPFF+5WH
0.0,70.0,201432.8380528462,53114.86854392167,40085.86493603238,80045.1199170007,33186.0842107188,-15.770606,23.707885,Borehole/Tubewell,Hand Pump,Well,Hand Pump,Western,False,0,Senanga,2016,5GP56PH5+Q52
15.0,799.0,47694.535055511806,7098.187675726046,34685.82315851354,379.8752211244776,6595.291399842508,-15.376074999999998,28.724486666666667,Borehole/Tubewell,Hand Pump - India Mark,Well,Hand Pump,Lusaka,False,0,Chongwe,2014,5GPCJPFF+HQH
10.0,587.0,48122.39888446994,7293.043585389122,35102.49537435943,598.4625432000666,6626.996121492279,-15.375013333333332,28.728385000000003,Borehole/Tubewell,Hand Pump - India Mark,Well,Hand Pump,Lusaka,False,0,Chongwe,2014,5GPCJPFH+X9R
3.0,271.0,48701.23827316631,7329.221987173993,35629.21828431173,1208.9182605567914,6385.754264019981,-15.370401666666664,28.733321666666665,Borehole/Tubewell,Hand Pump - India Mark,Well,Hand Pump,Lusaka,False,0,Chongwe,2014,5GPCJPHM+R8P
2.0,465.0,45774.03302303951,5012.53164546727,32634.403116698213,1440.0492226174738,5071.4144355665,-15.366296666666663,28.705395,Borehole/Tubewell,Hand Pump - India Mark,Well,Hand Pump,Lusaka,False,0,Chongwe,2014,5GPCJPM4+F5J
0.0,179.0,47428.03560757365,6059.782864374816,34302.57988510081,1463.222987885615,5469.473397567587,-15.366495000000002,28.720936666666663,Borehole/Tubewell,Hand Pump - India Mark,Well,Hand Pump,Lusaka,False,0,Chongwe,2014,5GPCJPMC+C93
0.0,204.0,50303.9020381706,8299.601287719475,37188.94906518574,1737.7542038966394,6851.171975781508,-15.365749999999998,28.747811666666667,Borehole/Tubewell,Hand Pump - India Mark,Well,Hand Pump,Lusaka,False,0,Chongwe,2014,5GPCJPMX+P43
11.0,199.0,50426.93525664487,8374.259369388506,37307.50275109162,1791.4357652409535,6890.268335537329,-15.365266666666663,28.74890833333333,Borehole/Tubewell,Hand Pump - India Mark,Well,Hand Pump,Lusaka,False,0,Chongwe,2014,5GPCJPMX+VHV
13.0,221.0,48142.30955773316,6400.97697894747,34996.162313963665,1721.610246033765,5489.840077537087,-15.364245000000002,28.72735833333333,Borehole/Tubewell,Hand Pump - India Mark,Well,Hand Pump,Lusaka,False,0,Chongwe,2014,5GPCJPPG+8W5
0.0,196.0,48667.66832441303,6687.021766912259,35506.25249197525,2035.8337031061224,5559.920686089798,-15.362525000000002,28.73207,Borehole/Tubewell,Hand Pump - India Mark,Well,Hand Pump,Lusaka,False,0,Chongwe,2014,5GPCJPPJ+XRW
8.0,291.0,46227.94569819375,4723.899765516659,33027.13852403895,2077.251046065041,4883.106074392397,-15.360736666666666,28.708916666666664,Borehole/Tubewell,Hand Pump - India Mark,Well,Hand Pump,Lusaka,False,0,Chongwe,2014,5GPCJPQ5+PH3
4.0,279.0,46427.67851556183,4904.398140455886,33234.79956332049,2051.216738195906,5079.550943887956,-15.361286666666668,28.71087,Borehole/Tubewell,Hand Pump - India Mark,Well,Hand Pump,Lusaka,False,0,Chongwe,2014,5GPCJPQ6+F8Q
10.0,321.0,45459.84395630968,3734.381887998412,32192.302918948066,2162.899501810091,3851.0813927276463,-15.355379999999998,28.70089833333333,Borehole/Tubewell,Hand Pump - India Mark,Well,Hand Pump,Lusaka,False,0,Chongwe,2014,5GPCJPV2+R9R
1.0,151.0,55424.93767224853,13276.440370012711,42397.41054179701,3824.032358224632,8220.560216703909,-15.3715,28.79636,Borehole/Tubewell,Motorized Pump,Well,Motorized Pump,Lusaka,False,0,Chongwe,2013,5GPCJQHW+CG5
1.0,129.0,54779.19354724265,11944.332936507108,41595.93268096734,4053.704851705639,9746.837391417155,-15.35607,28.7886,Borehole/Tubewell,Motorized Pump,Well,Motorized Pump,Lusaka,False,0,Chongwe,2013,5GPCJQVQ+HCH
0.0,69.0,58941.69724410734,17111.544778035764,46041.833628354834,7154.209554280851,7398.933777349187,-15.382883,28.830125,Borehole/Tubewell,,Well,,Lusaka,False,0,Rufunsa,2018,5GPCJR8J+R3R
0.0,129.0,58043.15606353536,14987.313520378988,44842.39457100524,6930.820719249835,7167.536206775111,-15.351667,28.818667,Borehole/Tubewell,,Well,,Lusaka,False,0,Rufunsa,2016,5GPCJRX9+8FM
0.0,163.0,58835.05532023991,15752.662645457032,45634.08510744963,7657.493929008742,6518.491466421567,-15.351028,28.826017,Borehole/Tubewell,,Well,,Lusaka,False,0,Rufunsa,2018,5GPCJRXG+HCJ
0.0,44.0,69322.36965958319,26719.29361566061,56334.20383651769,17258.509930529224,1143.9944359862895,-15.370667,28.926167,Borehole/Tubewell,Hand Pump - India Mark,Well,Hand Pump,Lusaka,False,0,Rufunsa,2016,5GPCJWHG+PFM
0.0,44.0,73487.98159595598,31290.473629702865,60647.249879178045,20649.834106250782,3942.8846441139503,-15.38769,28.96608,Borehole/Tubewell,Motorized Pump,Well,Motorized Pump,Lusaka,False,0,Rufunsa,2012,5GPCJX68+WCG
0.0,79.0,75091.26184093248,32874.76136229405,62255.65194501921,21873.933222379965,5320.25197628443,-15.3882155,28.9810522,Borehole/Tubewell,,Well,,Lusaka,False,0,Rufunsa,2018,5GPCJX6J+PC7
5.0,9.0,75472.76134894858,32828.64393095261,62507.84452480152,23182.959405077338,6432.487281420711,-15.371667,28.983667,Borehole/Tubewell,Hand Pump - India Mark,Well,Hand Pump,Lusaka,False,0,Rufunsa,2021,5GPCJXHM+8FM
0.0,204.0,18912.548715626544,30028.165707327156,9613.1701790283,3880.162355711548,4964.10270352231,-15.325,28.1333333,Borehole/Tubewell,Hand Pump - India Mark,Well,Hand Pump,Lusaka,False,0,Chilanga,2015,5GPCM4GM+284
17.0,589.0,15039.442408546109,29017.859618350594,3790.5087254033074,5467.684579884351,4561.828864637092,-15.307308333333332,28.19867166666667,Borehole/Tubewell,Hand Pump - India Mark,Well,Hand Pump,Central,False,0,Chibombo,2014,5GPCM5VX+3FF
11.0,1759.0,12717.790979971856,28117.500215223063,195.76710616707865,6.173920015250911,5041.972705633943,-15.305858333333331,28.249895,Borehole/Tubewell,Hand Pump - India Mark,Well,Hand Pump,Central,False,0,Chibombo,2014,5GPCM6VX+MX2
0.0,1729.0,13345.359388092516,28687.85365358629,788.4991929317533,638.4470626656539,4006.074532673129,-15.301078333333331,28.24592833333333,Borehole/Tubewell,Hand Pump - India Mark,Well,Hand Pump,Central,False,0,Chibombo,2014,5GPCM6XW+H97
17.0,29937.0,9650.013728676293,25375.766712048,50.87520825713463,1139.0441879157893,2219.8652706248827,-15.329425,28.27628,Borehole/Tubewell,Hand Pump - India Mark,Well,Hand Pump,Central,True,0,Chibombo,2014,5GPCM7CG+6GJ
8.0,19473.0,10603.404537360704,26313.85684987537,123.18702633870284,236.2746699785606,3142.0772517521827,-15.320950000000002,28.273995,Borehole/Tubewell,Hand Pump - India Mark,Well,Hand Pump,Central,True,0,Chibombo,2014,5GPCM7HF+JHH
0.0,3544.0,11703.550867827773,27277.840827339103,903.7690941627058,138.9463564798312,4166.47829830877,-15.31261,28.261425,Borehole/Tubewell,Hand Pump - India Mark,Well,Hand Pump,Central,False,0,Chibombo,2014,5GPCM7P6+XH3
16.0,3205.0,11851.321027199436,27396.63309069286,800.9916971397837,47.91814164823887,4329.037649614859,-15.311653333333334,28.25935833333333,Borehole/Tubewell,Hand Pump - India Mark,Well,Hand Pump,Central,False,0,Chibombo,2014,5GPCM7Q5+8PQ
1.0,1352.0,12382.805675921432,27843.72293385361,4948.123910425231,637.3657432500187,597.9335221536801,-15.310975,28.320695,Borehole/Tubewell,Hand Pump - India Mark,Well,Hand Pump,Central,False,0,Chibombo,2014,5GPCM8QC+J78
19.0,1158.0,12486.741617617505,27929.15659158904,5083.580774548147,560.7154692218583,465.10226689315766,-15.310403333333332,28.32191833333333,Borehole/Tubewell,Hand Pump - India Mark,Well,Hand Pump,Central,False,0,Chibombo,2014,5GPCM8QC+RQM
1.0,620.0,13427.721016040858,28554.982162180168,6848.501598720896,124.54677580667904,1291.0472633825989,-15.307975,28.33821833333333,Borehole/Tubewell,Hand Pump - India Mark,Well,Hand Pump,Lusaka,False,0,Chongwe,2014,5GPCM8RQ+R78
6.0,1280.0,12839.318400223008,28357.48808087,4746.254669851395,103.2315107683326,823.1443747516297,-15.305894999999998,28.31846666666667,Borehole/Tubewell,Hand Pump - Rope,Well,,Central,False,0,Chibombo,2014,5GPCM8V9+J9W
1.0,1248.0,12852.45538614757,28361.53311922746,4808.232391462263,103.4661824974554,760.8346941314264,-15.305951666666664,28.31904833333333,Borehole/Tubewell,Hand Pump - India Mark,Well,Hand Pump,Central,False,0,Chibombo,2014,5GPCM8V9+JJ7
4.0,1312.0,12895.379371250576,28412.204382124484,4771.445464077771,49.532813540821856,799.9535579523732,-15.305426666666666,28.318671666666667,Borehole/Tubewell,Hand Pump - India Mark,Well,Hand Pump,Central,False,0,Chibombo,2014,5GPCM8V9+RFF
9.0,1133.0,12799.955555687666,28251.224372947352,5136.873726766115,237.5690912679926,425.9568206260125,-15.307496666666667,28.32221,Borehole/Tubewell,Hand Pump - Rope,Well,,Central,False,0,Chibombo,2014,5GPCM8VC+2V4
15.0,1215.0,12846.314389305997,28330.76914221264,4958.254186738263,144.809508052481,608.4260931700921,-15.30647,28.32048,Borehole/Tubewell,Hand Pump - India Mark,Well,Hand Pump,Central,False,0,Chibombo,2014,5GPCM8VC+C59
3.0,1081.0,13131.982958487832,28553.154420278548,5410.197942299072,21.382366495554425,161.31232125748735,-15.305151666666664,28.32461333333333,Borehole/Tubewell,Hand Pump - India Mark,Well,Hand Pump,Lusaka,False,0,Chongwe,2014,5GPCM8VF+WRQ
16.0,151.0,14817.698344481338,29554.9788094196,8349.794022343272,97.10547214958432,95.19888549406168,-15.30335,28.356048333333334,Borehole/Tubewell,Hand Pump - India Mark,Well,Hand Pump,Lusaka,False,0,Chongwe,2014,5GPCM9W4+MC7
45.0,156.0,14805.225953027968,29566.94647495833,8407.23276001992,35.63859664869187,150.7377146253783,-15.303006666666668,28.35526833333333,Borehole/Tubewell,Hand Pump - Rope,Well,,Lusaka,False,0,Chongwe,2014,5GPCM9W4+Q4R
4.0,1126.0,26049.08036538077,19689.431674788724,12372.087613251064,4957.107596320108,3384.754758735381,-15.310526666666666,28.498825000000004,Borehole/Tubewell,Hand Pump - India Mark,Well,Hand Pump,Lusaka,False,0,Chongwe,2014,5GPCMFQX+QGP
0.0,886.0,25210.39975032469,21329.36356902408,11765.42770290986,3112.205152155917,3105.7720450072616,-15.30104,28.48460166666667,Borehole/Tubewell,Hand Pump - India Mark,Well,Hand Pump,Lusaka,False,0,Chongwe,2014,5GPCMFXM+HRQ
17.0,926.0,31578.66500306036,13208.410253715729,17804.39452036916,11249.450493889415,1765.9396207476148,-15.319111666666666,28.55864166666667,Borehole/Tubewell,Hand Pump - India Mark,Well,Hand Pump,Lusaka,False,0,Chongwe,2014,5GPCMHJ5+9F2
2.0,939.0,37984.27720154184,6056.364265428347,24529.50656054918,4402.514495104637,1458.856044342916,-15.347,28.62864666666667,Borehole/Tubewell,Hand Pump - India Mark,Well,Hand Pump,Lusaka,False,0,Chongwe,2014,5GPCMJ3H+6F2
0.0,971.0,38632.72755271562,5423.46448004836,25178.218160322176,3756.1675147302185,2018.6989125202497,-15.346115,28.634625,Borehole/Tubewell,Hand Pump - India Mark,Well,Hand Pump,Lusaka,False,0,Chongwe,2014,5GPCMJ3M+HV2
0.0,1454.0,38946.7070920317,5065.3959391673625,25462.481967013275,3440.0841802700606,3189.0981168222334,-15.342845,28.636903333333333,Borehole/Tubewell,Hand Pump - India Mark,Well,Hand Pump,Lusaka,False,0,Chongwe,2014,5GPCMJ4P+VQ6
1.0,1297.0,36828.20214765653,7146.202120010056,23293.248722370918,5615.521779903136,50.31501632940149,-15.34121,28.61631,Borehole/Tubewell,Hand Pump - India Mark,Well,Hand Pump,Lusaka,False,0,Chongwe,2014,5GPCMJ58+GG7
1.0,2072.0,39833.447541253925,4209.909742481423,26356.89506936647,2550.868630741763,2928.442117837495,-15.342283333333334,28.64522333333333,Borehole/Tubewell,Hand Pump - India Mark,Well,Hand Pump,Lusaka,False,0,Chongwe,2014,5GPCMJ5W+33Q
1.0,2456.0,40215.99856152079,3845.4235924007903,26742.20213302868,2168.8439405943045,2810.8919134639464,-15.341995,28.648801666666667,Borehole/Tubewell,Hand Pump - India Mark,Well,Hand Pump,Lusaka,False,0,Chongwe,2014,5GPCMJ5X+6G3
15.0,1933.0,39485.27503841161,4490.176632331631,25957.84490678261,2966.049664240759,2506.0419078479918,-15.337606666666666,28.64084666666667,Borehole/Tubewell,Hand Pump - India Mark,Well,Hand Pump,Lusaka,False,0,Chongwe,2014,5GPCMJ6R+X85
12.0,1302.0,40232.64970398437,3873.283589001672,26623.03268799947,2766.02934657702,1214.4684125495078,-15.326648333333331,28.645278333333334,Borehole/Tubewell,Hand Pump - India Mark,Well,Hand Pump,Lusaka,False,0,Chongwe,2014,5GPCMJFW+84R
5.0,1093.0,36269.362137715056,8093.379475565506,22576.65936015309,6877.990569975054,49.70204178468664,-15.323440000000002,28.606085,Borehole/Tubewell,Hand Pump - India Mark,Well,Hand Pump,Lusaka,False,0,Chongwe,2014,5GPCMJG4+JCG
20.0,433.0,38316.70515740273,5933.121047522167,24661.10076903552,4769.846032604217,1337.6018394824712,-15.324335,28.62618166666667,Borehole/Tubewell,Hand Pump - India Mark,Well,Hand Pump,Lusaka,False,0,Chongwe,2014,5GPCMJGG+7F7
4.0,1108.0,36179.26892270018,8246.670349792921,22475.93739522696,7055.466566031403,58.76198320358558,-15.321963333333334,28.60475333333333,Borehole/Tubewell,Hand Pump - India Mark,Well,Hand Pump,Lusaka,False,0,Chongwe,2014,5GPCMJH3+6W6
34.0,1106.0,36374.16428485491,8023.786723234619,22676.690766008924,6829.44684567266,180.97122682387732,-15.322446666666668,28.606798333333337,Borehole/Tubewell,Hand Pump - India Mark,Well,Hand Pump,Lusaka,False,0,Chongwe,2014,5GPCMJH4+2PF
2.0,986.0,37031.72083387747,7385.822015894446,23337.02564742155,6235.207079215643,110.7924356975256,-15.321346666666669,28.61285,Protected Well,Hand Pump - India Mark,Well,Hand Pump,Lusaka,False,0,Chongwe,2014,5GPCMJH7+F49
10.0,777.0,37291.89018999194,7306.03508509672,23577.125546224997,6251.302673621778,158.2631317006485,-15.317295,28.61411666666667,Borehole/Tubewell,Hand Pump - India Mark,Well,Hand Pump,Lusaka,False,0,Chongwe,2014,5GPCMJM7+3JQ
1.0,2807.0,44035.5707357404,2014.147786713199,30645.18357046525,1040.430188891908,1929.7093936451483,-15.34518,28.685695000000003,Borehole/Tubewell,Hand Pump - India Mark,Well,Hand Pump,Lusaka,False,0,Chongwe,2014,5GPCMM3P+W7G
9.0,1447.0,44551.90570925147,2362.7063636249213,31183.270711725007,1550.5156405773164,2413.0562693559887,-15.346721666666667,28.690866666666672,Borehole/Tubewell,Hand Pump - India Mark,Well,Hand Pump,Lusaka,False,0,Chongwe,2014,5GPCMM3R+889
2.0,4384.0,43538.55969512721,1524.7467233060452,30103.004098198337,569.3616529577525,1255.4078312859092,-15.341211666666668,28.68021,Borehole/Tubewell,Hand Pump - India Mark,Well,Hand Pump,Lusaka,False,0,Chongwe,2014,5GPCMM5J+G38
0.0,4484.0,43604.53482272672,1453.436416007192,30163.970483831235,647.4716254558593,1217.5245607186462,-15.340596666666666,28.68071166666667,Borehole/Tubewell,Hand Pump - India Mark,Well,Hand Pump,Lusaka,False,0,Chongwe,2014,5GPCMM5J+Q78
14.0,4666.0,42042.56026478833,2158.7939521815683,28572.662074383577,384.7558472641347,1436.285518955189,-15.339724999999998,28.66569,Borehole/Tubewell,Hand Pump - India Mark,Well,Hand Pump,Lusaka,False,0,Chongwe,2014,5GPCMM68+478
3.0,4683.0,42098.05315549688,2123.96187747804,28630.51875382819,353.4426419474906,1407.2209669618894,-15.339892,28.6662533,Borehole/Tubewell,Hand Pump - India Mark,Well,Hand Pump,Lusaka,False,0,Chongwe,2021,5GPCMM68+4G4
6.0,3958.0,44071.982021869706,1292.4986261233182,30619.518161054533,1131.0746023486367,1321.7297836711466,-15.338675,28.684756666666665,Borehole/Tubewell,Hand Pump - India Mark,Well,Hand Pump,Lusaka,False,0,Chongwe,2014,5GPCMM6M+GWJ
5.0,3375.0,44347.136576450925,1370.5517274628944,30895.86345634257,1392.3033687548334,1524.0843411719554,-15.338418333333331,28.687316666666668,Borehole/Tubewell,Hand Pump - India Mark,Well,Hand Pump,Lusaka,False,0,Chongwe,2014,5GPCMM6P+JWP
9.0,3161.0,40656.50538873464,3326.9825425154168,27135.209792615853,1801.1513499924577,2137.578820988618,-15.336359999999996,28.65173833333333,Borehole/Tubewell,Hand Pump - India Mark,Well,Hand Pump,Lusaka,False,0,Chongwe,2014,5GPCMM72+FM5
18.0,5052.0,43021.38711551814,1153.680141511175,29522.451068012346,583.9209559407122,495.46858101428415,-15.33509,28.67399833333333,Borehole/Tubewell,Hand Pump - India Mark,Well,Hand Pump,Lusaka,False,0,Chongwe,2014,5GPCMM7F+XH9
1.0,3577.0,44590.92004589368,1196.3847306211892,31115.12740442599,1706.5493921155885,1535.1117398158597,-15.335335000000002,28.68898833333333,Borehole/Tubewell,Hand Pump - India Mark,Well,Hand Pump,Lusaka,False,0,Chongwe,2014,5GPCMM7Q+VH9
6.0,5283.0,42910.43860634283,1065.463726349568,29368.116197497464,886.5883795830727,217.8357768581766,-15.330208333333331,28.671823333333336,Protected Well,Rope and Bucket,Well,Rope and Bucket,Lusaka,False,0,Chongwe,2014,5GPCMM9C+WP8
0.0,3554.0,45134.93149318278,1313.2151655260575,31625.957224730348,2364.1640963317877,1790.5233823426036,-15.3306,28.693135,Borehole/Tubewell,Hand Pump - India Mark,Well,Hand Pump,Lusaka,False,0,Chongwe,2014,5GPCMM9V+Q76
1.0,2065.0,45832.56338208749,2017.9415421269164,32334.07864155706,2968.786921239155,1402.1512182599213,-15.330778333333337,28.69981833333333,Borehole/Tubewell,Hand Pump - India Mark,Well,Hand Pump,Lusaka,False,0,Chongwe,2014,5GPCMM9X+MWP
6.0,5256.0,43005.20097432028,969.2984331398864,29455.447811168407,1023.3279789850336,81.33256594402744,-15.329138333333333,28.672475,Borehole/Tubewell,Hand Pump - India Mark,Well,Hand Pump,Lusaka,False,0,Chongwe,2014,5GPCMMCC+8XX
22.0,5024.0,43450.49680868634,527.4469016952313,29906.68755364029,1282.011102077175,231.83288237238872,-15.329109999999998,28.67672333333333,Borehole/Tubewell,Hand Pump - India Mark,Well,Hand Pump,Lusaka,False,0,Chongwe,2014,5GPCMMCG+9M5
2.0,4925.0,43448.81160946637,525.608358416344,29902.05596567796,1306.1899807861812,252.82244428273648,-15.328748333333332,28.676621666666662,Borehole/Tubewell,Hand Pump - India Mark,Well,Hand Pump,Lusaka,False,0,Chongwe,2014,5GPCMMCG+GJ5
5.0,2605.0,45583.29642135457,1673.2520359263606,32061.654444434684,2839.822480532999,1337.3015093637014,-15.328316666666668,28.696895,Borehole/Tubewell,Hand Pump - India Mark,Well,Hand Pump,Lusaka,False,0,Chongwe,2014,5GPCMMCW+MQC
1.0,2202.0,45802.90333804138,1909.5715211926972,32287.165545931697,3012.702905262814,1238.380899324104,-15.3287,28.699075,Borehole/Tubewell,Hand Pump - India Mark,Well,Hand Pump,Lusaka,False,0,Chongwe,2014,5GPCMMCX+GJG
1.0,5224.0,42990.70241666354,1023.360975238028,29423.71205264929,1219.24986956645,65.58852456577696,-15.327001666666668,28.671820000000004,Borehole/Tubewell,Hand Pump - India Mark,Well,Hand Pump,Lusaka,False,0,Chongwe,2014,5GPCMMFC+5PW
0.0,4950.0,43343.59023623766,656.2256174857989,29782.74013366764,1358.1177698923775,277.0992535636104,-15.32716,28.675235,Borehole/Tubewell,Hand Pump - India Mark,Well,Hand Pump,Lusaka,False,0,Chongwe,2014,5GPCMMFG+43Q
0.0,4825.0,43566.00516036696,475.6947826159261,30000.435572606228,1563.898754352648,495.81254157829386,-15.32616,28.67712,Borehole/Tubewell,Motorized Pump,Well,Motorized Pump,Lusaka,False,0,Chongwe,2012,5GPCMMFG+GRQ
10.0,3572.0,45200.88967482251,1243.2102472199945,31662.079177955788,2609.2129915615365,1504.3434530093464,-15.326771666666666,28.692891666666664,Borehole/Tubewell,Hand Pump - India Mark,Well,Hand Pump,Lusaka,False,0,Chongwe,2014,5GPCMMFV+75R
2.0,4964.0,43196.19913715892,1035.2676443213752,29602.522863878625,1663.295919912995,460.0190034404116,-15.323101666666666,28.672815,Borehole/Tubewell,Rope and Bucket,Well,Rope and Bucket,Lusaka,False,0,Chongwe,2014,5GPCMMGF+Q44
1.0,2371.0,45770.25759921216,1798.5314352447524,32222.439764025297,3165.2388700675497,962.202845596839,-15.324628333333331,28.697826666666668,Borehole/Tubewell,Hand Pump - India Mark,Well,Hand Pump,Lusaka,False,0,Chongwe,2014,5GPCMMGX+44W
1.0,4641.0,42751.13257462112,1617.4975744799044,29134.77631974664,1852.938256648754,307.3932660859144,-15.320791666666668,28.667941666666668,Borehole/Tubewell,Rope and Bucket,Well,Rope and Bucket,Lusaka,False,0,Chongwe,2014,5GPCMMH9+M5P
20.0,4374.0,44260.216668765206,829.337872532243,30659.057874492064,2436.222805873469,1366.822795734363,-15.320031666666669,28.68223833333333,Borehole/Tubewell,Hand Pump - India Mark,Well,Hand Pump,Lusaka,False,0,Chongwe,2014,5GPCMMHJ+XVQ
0.0,4068.0,42482.75246013749,1936.456274106631,28856.15781457346,1989.63417169576,184.70047631060575,-15.319846666666669,28.665108333333333,Borehole/Tubewell,Hand Pump - India Mark,Well,Hand Pump,Lusaka,False,0,Chongwe,2014,5GPCMMJ8+329
2.0,1963.0,41824.18889039005,2826.353114558331,28164.49688691848,2629.979592497245,90.34941408583978,-15.316163333333334,28.65774,Borehole/Tubewell,Hand Pump - India Mark,Well,Hand Pump,Lusaka,False,0,Chongwe,2014,5GPCMMM5+G3Q
0.0,2371.0,42074.29510014583,2594.590186398128,28418.11849341827,2524.6549294381216,194.8310711063781,-15.316185,28.660161666666667,Borehole/Tubewell,Hand Pump - India Mark,Well,Hand Pump,Lusaka,False,0,Chongwe,2014,5GPCMMM6+G3F
0.0,2371.0,42124.60583488789,2547.7844021904566,28469.20251709733,2504.982556488888,223.62203599882247,-15.3162,28.660651666666663,Borehole/Tubewell,Hand Pump - India Mark,Well,Hand Pump,Lusaka,False,0,Chongwe,2014,5GPCMMM6+G7C
16.0,2237.0,44426.10759750071,1662.2733148216105,30777.8840614692,3122.197242754531,1259.729374747965,-15.312459999999998,28.681811666666665,Undefined Well,Public Tapstand,Well,Public Tapstand,Lusaka,False,0,Chongwe,2014,5GPCMMQJ+2P7
15.0,2055.0,44384.38858934596,1698.377920444893,30733.62855296087,3131.230464252285,1292.2574604211736,-15.312126666666666,28.681316666666664,Borehole/Tubewell,Hand Pump - India Mark,Well,Hand Pump,Lusaka,False,0,Chongwe,2014,5GPCMMQJ+4GW
1.0,595.0,45799.86919474849,2664.0350266084474,32134.040357896258,4358.881379995117,140.51139280537646,-15.306423333333331,28.693373333333337,Borehole/Tubewell,Hand Pump - India Mark,Well,Hand Pump,Lusaka,False,0,Chongwe,2014,5GPCMMVV+C8Q
3.0,587.0,45813.5592228118,2905.528289719234,32133.223162150254,4563.955336508198,64.84297301412496,-15.303646666666667,28.69270333333333,Borehole/Tubewell,Hand Pump - India Mark,Well,Hand Pump,Lusaka,False,0,Chongwe,2014,5GPCMMWV+G3W
6.0,391.0,43487.24061731022,3186.6716887698203,29768.46465766315,4028.595393194066,1242.3312012968129,-15.301131666666668,28.66934833333333,Borehole/Tubewell,Hand Pump - India Mark,Well,Hand Pump,Lusaka,False,0,Chongwe,2014,5GPCMMX9+GPX
1.0,77.0,46018.003879144446,3432.638369972012,32682.28898422192,2868.5015208415134,3203.572947818193,-15.348328333333331,28.705005,Borehole/Tubewell,Hand Pump - India Mark,Well,Hand Pump,Lusaka,False,0,Chongwe,2014,5GPCMP24+M26
10.0,114.0,47449.65827917279,4531.206781420069,34117.99638285423,3616.621253946366,3369.6243214244305,-15.347186666666667,28.718325,Borehole/Tubewell,Hand Pump - India Mark,Well,Hand Pump,Lusaka,False,0,Chongwe,2014,5GPCMP39+48G
4.0,72.0,49194.43333307181,5953.5741980241255,35847.93372999925,4103.261684224491,4088.996480270679,-15.3437,28.7342,Borehole/Tubewell,Motorized Pump,Well,Motorized Pump,Lusaka,False,0,Chongwe,2013,5GPCMP4M+GMG
1.0,67.0,50533.92207001999,7031.71005591327,37152.36101585964,4787.357206907398,5061.455113842566,-15.338186666666664,28.74588333333333,Borehole/Tubewell,Hand Pump - India Mark,Well,Hand Pump,Lusaka,False,0,Chongwe,2014,5GPCMP6W+P9C
10.0,396.0,46697.84587798471,3180.0926976751966,33262.11257188175,3711.314599022241,1979.9937218605348,-15.336893333333334,28.70931666666667,Borehole/Tubewell,Hand Pump - India Mark,Well,Hand Pump,Lusaka,False,0,Chongwe,2014,5GPCMP75+6PW
2.0,77.0,49278.14165703163,5568.066550615754,35835.69319930795,5278.970180977339,3283.0214130061954,-15.33255,28.732925,Borehole/Tubewell,Hand Pump - India Mark,Well,Hand Pump,Lusaka,False,0,Chongwe,2014,5GPCMP8M+X5M
14.0,757.0,46912.43038345015,3093.1706610361903,33423.71895865939,3986.124657071923,1301.035304805317,-15.330311666666669,28.709993333333333,Borehole/Tubewell,Hand Pump - India Mark,Well,Hand Pump,Lusaka,False,0,Chongwe,2014,5GPCMP95+VXH
1.0,1990.0,46032.603936127845,2141.4989847396905,32519.140099383272,3218.226880125207,1120.5601351152957,-15.328614999999996,28.701245000000004,Borehole/Tubewell,Hand Pump - India Mark,Well,Hand Pump,Lusaka,False,0,Chongwe,2014,5GPCMPC2+HF5
16.0,819.0,47120.07903457008,3154.945021951321,33579.080833735126,4366.244124938463,674.0419586622661,-15.323235,28.71039,Borehole/Tubewell,Hand Pump - India Mark,Well,Hand Pump,Lusaka,False,0,Chongwe,2014,5GPCMPG6+P52
14.0,964.0,46417.63775540118,2518.318495227304,32823.915351189244,4074.7682640907774,38.26823432977703,-15.3170133333333,28.70216333333333,Borehole/Tubewell,Hand Pump - India Mark,Well,Hand Pump,Lusaka,False,0,Chongwe,2014,5GPCMPM2+5VV
13.0,620.0,47803.80735447512,3839.58235054517,34228.51378621734,5183.725562216943,1096.1862293339714,-15.31718,28.715481666666665,Borehole/Tubewell,Hand Pump - India Mark,Well,Hand Pump,Lusaka,False,0,Chongwe,2014,5GPCMPM8+45H
0.0,503.0,48148.925874971486,4218.633507936444,34553.147968715726,5629.200648395988,1159.947817601173,-15.313418333333336,28.71785333333333,Borehole/Tubewell,Hand Pump - India Mark,Well,Hand Pump,Lusaka,False,0,Chongwe,2014,5GPCMPP9+J4Q
14.0,827.0,47075.65317836462,3284.4027584152177,33453.9022895524,4885.7787205976165,776.2982473263487,-15.311358333333333,28.707020000000004,Borehole/Tubewell,Hand Pump - India Mark,Well,Hand Pump,Lusaka,False,0,Chongwe,2014,5GPCMPQ4+FR2
1.0,655.0,48048.10530045627,4188.947217613282,34431.41883523407,5689.187124648265,778.0172067345286,-15.310251666666666,28.71607333333333,Borehole/Tubewell,Hand Pump - India Mark,Well,Hand Pump,Lusaka,False,0,Chongwe,2014,5GPCMPQ8+VCW
15.0,625.0,47360.367972519125,3883.60205197075,33696.211223725346,5584.674788313037,648.1701267530966,-15.303306666666666,28.70756,Borehole/Tubewell,Hand Pump - India Mark,Well,Hand Pump,Lusaka,False,0,Chongwe,2014,5GPCMPW5+M2F
1.0,34.0,54662.27071751113,11316.128790347942,41357.0958896192,5054.407143474087,8689.399472703264,-15.342531666666666,28.78557166666667,Borehole/Tubewell,Hand Pump - India Mark,Well,Hand Pump,Lusaka,False,0,Chongwe,2014,5GPCMQ4P+X6P
0.0,14.0,53546.80398539028,9575.260217742692,39966.439281461055,8420.554229351126,4898.137846857133,-15.3058333,28.7676667,Borehole/Tubewell,Hand Pump - India Mark,Well,Hand Pump,Lusaka,False,0,Chongwe,2015,5GPCMQV9+M37
0.0,218.0,59462.1407333146,16291.73745568861,46242.02514749631,8325.450540527443,5874.015656799776,-15.34825,28.83154,Borehole/Tubewell,,Well,,Lusaka,False,0,Rufunsa,2018,5GPCMR2J+PJ3
4.0,253.0,59034.11017337351,15304.8452484917,45631.61913870265,9173.882286981348,5040.525375868214,-15.3248333,28.8238333,Borehole/Tubewell,Hand Pump - India Mark,Well,Hand Pump,Lusaka,False,0,Rufunsa,2019,5GPCMRGF+3G8
5.0,223.0,58982.652486545645,15133.423457726683,45525.83459615333,9663.774499514626,4807.3054201212135,-15.316833,28.821833,Borehole/Tubewell,,Well,,Lusaka,False,0,Rufunsa,2021,5GPCMRMC+7P8
2.0,551.0,58226.66993665471,14256.88247489701,44673.32890216135,10319.939969561805,5297.739654908172,-15.302133,28.8115,Borehole/Tubewell,,Well,,Lusaka,False,0,Rufunsa,2019,5GPCMRX6+4JR
4.0,407.0,58651.2886341724,14684.27258218626,45103.3172686109,10533.998272867948,4900.647336351888,-15.30235,28.8156,Borehole/Tubewell,,Well,,Lusaka,False,0,Rufunsa,2021,5GPCMRX8+369
0.0,442.0,65671.23479253738,22329.082271714087,52433.027437353136,14322.280897404124,779.3631582734947,-15.340667,28.888833,Borehole/Tubewell,Hand Pump - India Mark,Well,Hand Pump,Lusaka,False,0,Rufunsa,2016,5GPCMV5Q+PGP
0.0,158.0,64137.93874770018,20476.856921175964,50777.030778481465,13387.552633801237,1005.748144853802,-15.324667,28.872,Borehole/Tubewell,,Well,,Lusaka,False,0,Rufunsa,2016,5GPCMVGC+4RJ
1.0,79.0,71490.89906477793,28237.960167317982,58306.249082967406,19916.51202276216,4263.839013092701,-15.3434777,28.9437888,Borehole/Tubewell,,Well,,Lusaka,False,0,Rufunsa,2019,5GPCMW4V+JG3
7.0,90.0,34078.164286352665,43699.16940114245,24549.52883190656,14338.977253089082,6796.813949778363,-15.260721666666663,28.008353333333336,Borehole/Tubewell,Hand Pump - India Mark,Well,Hand Pump,Central,False,0,Chibombo,2014,5GPCP2Q5+P89
0.0,47.0,32698.319719695664,42808.937378546725,22939.556826213164,13549.665864767529,6331.107254666929,-15.257167,28.025667,Borehole/Tubewell,Hand Pump - India Mark,Well,Hand Pump,Central,False,0,Chibombo,2017,5GPCP2VG+47M
0.0,80.0,31993.090230838352,42287.39398975103,22155.67777395841,13091.783358177134,6245.631225412515,-15.2571667,28.0335,Borehole/Tubewell,Hand Pump - India Mark,Well,Hand Pump,Central,False,0,Chibombo,2015,5GPCP2VM+4CJ
3.0,138.0,27192.968748452076,38647.53116849187,16886.174227511783,10143.061342296816,5740.136961784111,-15.262498333333332,28.08476,Borehole/Tubewell,Hand Pump - India Mark,Well,Hand Pump,Central,False,0,Chibombo,2014,5GPCP3QM+2W2
9.0,130.0,27142.51109856103,38677.44783982715,16763.073158591385,10245.51533419857,5558.454257447279,-15.261126666666666,28.08651166666667,Borehole/Tubewell,Hand Pump - India Mark,Well,Hand Pump,Central,False,0,Chibombo,2014,5GPCP3QP+GJR
6.0,274.0,22507.73860389677,28870.856211973296,11947.977745272452,318.8470344203832,84.46076837493194,-15.263773333333331,28.42066,Borehole/Tubewell,Hand Pump - India Mark,Well,Hand Pump,Lusaka,False,0,Chongwe,2014,5GPCPCPC+F7V
0.0,829.0,26767.142600927305,19831.477878449405,13232.053657707298,4460.587353569062,2008.8645398603169,-15.29756,28.499265,Borehole/Tubewell,Hand Pump - India Mark,Well,Hand Pump,Lusaka,False,0,Chongwe,2014,5GPCPF2X+XPC
16.0,528.0,24612.643557555857,22415.94838058852,11377.157299119008,1965.8107561812767,1964.200963427064,-15.296336666666663,28.47509,Borehole/Tubewell,Hand Pump - India Mark,Well,Hand Pump,Lusaka,False,0,Chongwe,2014,5GPCPF3G+F28
4.0,259.0,31506.05238384595,15413.248462966598,17817.312191064524,9119.9917376157,373.4153096290744,-15.28761,28.543821666666663,Borehole/Tubewell,Hand Pump - India Mark,Well,Hand Pump,Lusaka,False,0,Chongwe,2014,5GPCPG6V+XG4
1.0,286.0,30407.744675785387,16679.39794603541,16777.18774956486,7831.279234197207,124.88166447733336,-15.286726666666668,28.531811666666663,Borehole/Tubewell,Hand Pump - India Mark,Well,Hand Pump,Lusaka,False,0,Chongwe,2014,5GPCPG7J+8P3
2.0,321.0,30322.946025799563,17079.701006675503,16740.05320688073,7542.689809739258,286.43226551715577,-15.283268333333334,28.528965000000003,Borehole/Tubewell,Hand Pump - India Mark,Well,Hand Pump,Lusaka,False,0,Chongwe,2014,5GPCPG8H+MHW
14.0,328.0,30814.846881472095,17904.859997103496,17412.300686970328,7476.334848971416,1594.0231502102338,-15.269276666666666,28.525781666666663,Borehole/Tubewell,Hand Pump - India Mark,Well,Hand Pump,Lusaka,False,0,Chongwe,2014,5GPCPGJG+78M
1.0,363.0,33681.13010447022,16189.019495158009,20233.98395286504,10299.80672423038,3774.755056501404,-15.256925,28.549288333333333,Borehole/Tubewell,Hand Pump - India Mark,Well,Hand Pump,Lusaka,False,0,Chongwe,2014,5GPCPGVX+6PM
11.0,348.0,35044.40187696017,11945.95478802134,21284.047744654352,11223.04184986136,2601.987997521367,-15.284981666666663,28.579083333333333,Protected Well,Hand Pump - India Mark,Well,Hand Pump,Lusaka,False,0,Chongwe,2014,5GPCPH8H+2J4
11.0,383.0,36334.177123274974,11297.580971239444,22580.10938360216,10747.696563747424,3296.379093650293,-15.278315,28.58914,Borehole/Tubewell,Hand Pump - India Mark,Well,Hand Pump,Lusaka,False,0,Chongwe,2014,5GPCPHCQ+MMC
1.0,288.0,34499.82825847355,13472.74861285466,20810.082172086823,11842.8004253278,2835.061375403358,-15.274661666666669,28.568306666666665,Borehole/Tubewell,Hand Pump - India Mark,Well,Hand Pump,Lusaka,False,0,Chongwe,2014,5GPCPHG9+48M
1.0,438.0,35653.10499806331,12451.402917865624,21938.15807036031,11887.571829399598,3537.4519570604048,-15.273391666666663,28.579670000000004,Borehole/Tubewell,Hand Pump - India Mark,Well,Hand Pump,Lusaka,False,0,Chongwe,2014,5GPCPHGH+JVV
12.0,368.0,35939.0240569429,12377.729856477305,22229.006071100608,11855.607897320484,3234.8069200631226,-15.271393333333332,28.58161833333333,Protected Well,Hand Pump - India Mark,Well,Hand Pump,Lusaka,False,0,Chongwe,2014,5GPCPHHJ+CJX
1.0,194.0,39255.0375011841,8444.260647597253,25470.841279296717,8234.272939451757,1513.9864441011457,-15.280128333333334,28.61967333333333,Borehole/Tubewell,Hand Pump - India Mark,Well,Hand Pump,Lusaka,False,0,Chongwe,2014,5GPCPJ99+WVV
8.0,550.0,41278.25068790749,7227.507127509686,27491.905548322127,7427.208724274637,250.88225607565823,-15.276948333333332,28.63869,Borehole/Tubewell,Hand Pump - India Mark,Well,Hand Pump,Lusaka,False,0,Chongwe,2014,5GPCPJFQ+6FG
0.0,525.0,41304.70633954191,7795.663678676022,27521.510065039103,8024.297683202771,81.8008263975642,-15.271851666666665,28.63679,Borehole/Tubewell,Hand Pump - India Mark,Well,Hand Pump,Lusaka,False,0,Chongwe,2014,5GPCPJHP+7P3
0.0,318.0,40441.9841285315,10063.353457237969,26705.676689815828,10188.644781712816,253.81442471410543,-15.257611666666666,28.62135,Borehole/Tubewell,Hand Pump - India Mark,Well,Hand Pump,Lusaka,False,0,Chongwe,2014,5GPCPJRC+XG5
14.0,328.0,41771.85727485296,4417.67759757923,28028.308559344157,4568.114834589421,1322.7523143115616,-15.299448333333332,28.652041666666666,Borehole/Tubewell,Hand Pump - India Mark,Well,Hand Pump,Lusaka,False,0,Chongwe,2014,5GPCPM22+6RF
7.0,406.0,42596.50826108267,4183.831198540225,28850.049882245086,4657.835551761648,1141.675805084805,-15.296428333333331,28.65910166666667,Borehole/Tubewell,Hand Pump - India Mark,Well,Hand Pump,Lusaka,False,0,Chongwe,2014,5GPCPM35+CJH
1.0,490.0,44051.9494409505,3587.435808394291,30318.12362187801,4620.34240679418,706.0703055050712,-15.296028333333334,28.673211666666663,Borehole/Tubewell,Hand Pump - India Mark,Well,Hand Pump,Lusaka,False,0,Chongwe,2014,5GPCPM3F+H7P
14.0,418.0,45760.18303703331,3867.788951436044,32032.85878774212,5365.910538286299,240.0733863024041,-15.293323333333335,28.68901,Borehole/Tubewell,Hand Pump - India Mark,Well,Hand Pump,Lusaka,False,0,Chongwe,2014,5GPCPM4Q+MJC
11.0,483.0,43703.78057743928,4260.224285089121,29949.96084119628,5130.974104028396,198.60789769397107,-15.291159999999998,28.668161666666663,Borehole/Tubewell,,Well,,Lusaka,False,0,Chongwe,2014,5GPCPM59+G7M
7.0,391.0,43287.95917033304,5063.013414307628,29516.826391920316,5776.142380769723,137.63916489863934,-15.285693333333333,28.66212,Borehole/Tubewell,Hand Pump - India Mark,Well,Hand Pump,Lusaka,False,0,Chongwe,2014,5GPCPM76+PRH
6.0,428.0,44760.07839955238,4469.727460571843,31003.45232448053,5638.409032969494,258.04841050504126,-15.287281666666669,28.67719333333333,Borehole/Tubewell,Hand Pump - India Mark,Well,Hand Pump,Lusaka,False,0,Chongwe,2014,5GPCPM7G+3VP
5.0,333.0,44352.285064615055,6089.445069148198,30568.428606307258,7036.707251108939,1015.6808335093432,-15.273936666666668,28.668216666666662,Borehole/Tubewell,Hand Pump - India Mark,Well,Hand Pump,Lusaka,False,0,Chongwe,2014,5GPCPMG9+C7G
5.0,286.0,46026.56995404255,5875.13821799565,32249.84641953812,7198.2090624988205,1822.1678465247653,-15.274503333333334,28.685068333333334,Borehole/Tubewell,Hand Pump - India Mark,Well,Hand Pump,Lusaka,False,0,Chongwe,2014,5GPCPMGP+52W
6.0,169.0,46420.98163796684,7764.222103662681,32635.29422642865,8996.946460692556,1811.1449967409128,-15.257311666666665,28.682145,Borehole/Tubewell,Hand Pump - India Mark,Well,Hand Pump,Lusaka,False,0,Chongwe,2014,5GPCPMVJ+3VC
5.0,269.0,47755.07676036891,8023.740458660584,33968.52645980529,9442.30043261522,661.5449911401777,-15.2562,28.695083333333333,Borehole/Tubewell,Hand Pump - India Mark,Well,Hand Pump,Lusaka,False,0,Chongwe,2014,5GPCPMVW+G2G
14.0,259.0,44740.18906969991,8559.632019852443,30968.05607854756,9458.499898701231,366.688883625192,-15.252221666666664,28.662881666666667,Borehole/Tubewell,Hand Pump - India Mark,Well,Hand Pump,Lusaka,False,0,Chongwe,2014,5GPCPMX7+456
14.0,381.0,47201.810245575216,4115.393815682428,33508.535574900125,5847.546415589838,1116.2013621471206,-15.297785,28.704416666666663,Borehole/Tubewell,Hand Pump - India Mark,Well,Hand Pump,Lusaka,False,0,Chongwe,2014,5GPCPP23+VQM
5.0,585.0,49766.1956922919,6657.787328229503,36046.50917413472,8355.08384148413,174.20002792133414,-15.285218333333336,28.72546833333333,Borehole/Tubewell,Hand Pump - India Mark,Well,Hand Pump,Lusaka,False,0,Chongwe,2014,5GPCPP7G+W58
3.0,308.0,52148.17971263073,8598.602084852504,38451.90911008524,10138.2540790247,2104.826873342545,-15.285445,28.74868,Borehole/Tubewell,Hand Pump - India Mark,Well,Hand Pump,Lusaka,False,0,Chongwe,2021,5GPCPP7X+VCX
1.0,303.0,47688.30160844472,5755.66893654585,33934.31493827395,7382.953634176413,1225.5124104373097,-15.280101666666669,28.70346833333333,Borehole/Tubewell,Hand Pump - India Mark,Well,Hand Pump,Lusaka,False,0,Chongwe,2014,5GPCPP93+X94
1.0,460.0,49245.92717847325,6728.562732925756,35498.70563826636,8453.242456374403,9.374290013016775,-15.278243333333334,28.718110000000003,Borehole/Tubewell,Hand Pump - India Mark,Well,Hand Pump,Lusaka,False,0,Chongwe,2014,5GPCPPC9+P65
5.0,358.0,50866.7328473173,8002.96342564044,37123.83379225789,9710.11755476898,246.6721975305155,-15.275368333333333,28.733015,Borehole/Tubewell,Hand Pump - India Mark,Well,Hand Pump,Lusaka,False,0,Chongwe,2014,5GPCPPFM+V62
7.0,488.0,49150.21763475349,6908.31912218239,35393.20509445554,8608.920552703888,54.89306601068873,-15.27489833333333,28.716025,Borehole/Tubewell,Hand Pump - India Mark,Well,Hand Pump,Lusaka,False,0,Chongwe,2014,5GPCPPG8+2CR
6.0,483.0,49447.63666633705,7415.878507561431,35681.86574730078,9105.333586473873,464.59220391180384,-15.2702758,28.717321666666667,Protected Well,Hand Pump - India Mark,Well,Hand Pump,Lusaka,False,0,Chongwe,2014,5GPCPPH8+VWP
1.0,488.0,48432.327990476304,7143.532582344963,34656.255761198416,8736.519771501324,16.830953211962466,-15.26764833333333,28.706331666666664,Borehole/Tubewell,Hand Pump - India Mark,Well,Hand Pump,Lusaka,False,0,Chongwe,2014,5GPCPPJ4+WGW
20.0,498.0,48860.55802947795,7136.2528886574855,35090.73623517901,8784.166588233054,183.5441098387513,-15.269971666666668,28.71142166666667,Borehole/Tubewell,Hand Pump - India Mark,Well,Hand Pump,Lusaka,False,0,Chongwe,2014,5GPCPPJ6+2H7
12.0,229.0,51547.44923623527,9492.228239927825,37771.57391835203,11216.513389832662,269.2674718334145,-15.25838,28.73371666666667,Borehole/Tubewell,Hand Pump - India Mark,Well,Hand Pump,Lusaka,False,0,Chongwe,2014,5GPCPPRM+JFW
4.0,313.0,49298.68714803428,8710.994087149307,35512.44350931636,10274.53879157705,892.3523080252758,-15.25365,28.709501666666664,Borehole/Tubewell,Hand Pump - India Mark,Well,Hand Pump,Lusaka,False,0,Chongwe,2014,5GPCPPW5+GRR
6.0,82.0,52640.39711386289,8771.618688325065,39001.19864478541,9373.848235513286,3370.670631250503,-15.296841666666667,28.75667,Borehole/Tubewell,Hand Pump - India Mark,Well,Hand Pump,Lusaka,False,0,Chongwe,2014,5GPCPQ34+7M7
3.0,204.0,56187.508275912776,12340.101625376075,42528.78332872471,11058.105386013624,6207.789069672347,-15.285147,28.787642,Borehole/Tubewell,,Well,,Lusaka,False,0,Chongwe,2021,5GPCPQ7Q+W3R
2.0,144.0,55677.823172486766,11877.251208327474,42008.109724096204,11078.510013356994,5617.023944889161,-15.283725,28.78232666666667,Borehole/Tubewell,Hand Pump - India Mark,Well,Hand Pump,Lusaka,False,0,Chongwe,2014,5GPCPQ8J+GW8
17.0,174.0,56347.57997898563,12574.508957436394,42669.097993823765,11601.504229689,6127.023631740048,-15.280103333333331,28.78776333333333,Borehole/Tubewell,Hand Pump - India Mark,Well,Hand Pump,Lusaka,False,0,Chongwe,2012,5GPCPQ9Q+X42
5.0,313.0,52817.20617887885,9546.524619450814,39089.27838401665,11150.173622583208,2244.2151606933858,-15.275111666666666,28.751981666666666,Borehole/Tubewell,Hand Pump - India Mark,Well,Hand Pump,Lusaka,False,0,Chongwe,2014,5GPCPQF2+XQ5
21.0,381.0,54066.60251536023,10948.418727915065,40321.40869586191,12562.497247775107,3139.861843069709,-15.265975,28.76119333333333,Borehole/Tubewell,Hand Pump - India Mark,Well,Hand Pump,Lusaka,False,0,Chongwe,2014,5GPCPQM6+JF8
5.0,196.0,55196.32245080535,12020.867993233644,41450.30833979461,13216.329766093737,4189.67210319801,-15.26262,28.77112833333333,Borehole/Tubewell,Hand Pump - India Mark,Well,Hand Pump,Lusaka,False,0,Chongwe,2014,5GPCPQPC+XF2
5.0,151.0,53629.40822126817,11062.134061096833,39859.767229227895,12759.73626816085,2378.019999393299,-15.256101666666666,28.75345666666666,Borehole/Tubewell,Hand Pump - India Mark,Well,Hand Pump,Lusaka,False,0,Chongwe,2014,5GPCPQV3+H94
0.0,812.0,57848.16762802023,13902.09838024873,44229.42758839995,11148.706136486717,5660.618324911919,-15.290333,28.805,Borehole/Tubewell,Hand Pump - India Mark,Well,Hand Pump,Lusaka,False,0,Chongwe,2017,5GPCPR54+V26
0.0,469.0,57713.28379983057,13795.365920878963,44077.50312661105,11392.775956362517,5863.005758284981,-15.287,28.8028333,Borehole/Tubewell,Hand Pump - India Mark,Well,Hand Pump,Lusaka,False,0,Chongwe,2015,5GPCPR73+644
3.0,253.0,61900.37348211262,17931.489913156893,48300.52378526786,13695.97244016588,1573.3406012589849,-15.2863333,28.8428333,Borehole/Tubewell,Hand Pump - India Mark,Well,Hand Pump,Lusaka,False,0,Rufunsa,2018,5GPCPR7V+F48
0.0,519.0,58127.06729489211,14229.152437965118,44480.89073526904,11847.736069854647,5520.666852708902,-15.283831,28.805965,Borehole/Tubewell,,Well,,Lusaka,False,0,Chongwe,2018,5GPCPR84+F98
1.0,263.0,59432.43378728111,15576.201941844409,45767.34097908958,13063.660892988366,4473.294169052324,-15.276517,28.816533,Borehole/Tubewell,,Well,,Lusaka,False,0,Rufunsa,2018,5GPCPRF8+9JV
0.0,233.0,62901.52026442863,19020.60436077534,49237.736992576,15530.608032022828,1971.9236046244944,-15.2692,28.84795,Borehole/Tubewell,,Well,,Lusaka,False,0,Rufunsa,2017,5GPCPRJX+85G
0.0,409.0,59140.97438344327,15488.341353361267,45430.9266427519,13968.673156845578,5506.543772460901,-15.2648,28.810283,Borehole/Tubewell,,Well,,Lusaka,False,0,Rufunsa,2017,5GPCPRP6+34M
0.0,576.0,63249.90309825827,19276.527564328822,49660.59963491032,14634.634186031188,246.0420363843227,-15.286,28.8556667,Borehole/Tubewell,Hand Pump - India Mark,Well,Hand Pump,Lusaka,False,0,Rufunsa,2015,5GPCPV74+J73
0.0,526.0,63187.762929908415,19218.44707917205,49587.06991324009,14738.67396173782,320.7720760447268,-15.2836667,28.8545,Borehole/Tubewell,Hand Pump - India Mark,Well,Hand Pump,Lusaka,False,0,Rufunsa,2015,5GPCPV83+GRJ
0.0,208.0,66221.33841128272,22248.030545870737,52652.425421823085,16928.70261357908,2463.141690342536,-15.2848333,28.8837833,Borehole/Tubewell,Hand Pump - India Mark,Well,Hand Pump,Lusaka,False,0,Rufunsa,2015,5GPCPV8M+3G7
0.0,372.0,63829.21062529135,19879.748990304004,50202.54672673214,15639.493502525716,899.4836443848054,-15.2765,28.8588333,Borehole/Tubewell,Hand Pump - India Mark,Well,Hand Pump,Lusaka,False,0,Rufunsa,2015,5GPCPVF5+CG4
5.0,407.0,67873.18450823327,23899.661674437324,54279.121524249145,18676.062126809677,4166.959678278487,-15.2761667,28.8975,Borehole/Tubewell,Hand Pump - India Mark,Well,Hand Pump,Lusaka,False,0,Rufunsa,2020,5GPCPVFX+G2J
0.0,268.0,66905.55379504211,22958.161362018,53272.68740125377,18320.71415935216,3496.364998542392,-15.2686667,28.8863333,Borehole/Tubewell,Hand Pump - India Mark,Well,Hand Pump,Lusaka,False,0,Rufunsa,2015,5GPCPVJP+GGP
0.0,228.0,64126.27369995492,20341.63123891982,50430.2817681822,17136.80867709818,3026.716578858708,-15.2571667,28.8563333,Borehole/Tubewell,Hand Pump - India Mark,Well,Hand Pump,Lusaka,False,0,Rufunsa,2015,5GPCPVV4+4GP
0.0,481.0,69562.7665868023,25596.68310043834,55948.48813383796,20428.51355717669,5914.700183008629,-15.267983,28.91165,Borehole/Tubewell,,Well,,Lusaka,False,0,Rufunsa,2017,5GPCPWJ6+RM2
3.0,481.0,68868.95725296927,24909.043775696704,55246.62835456917,19905.260911699144,5276.414625741069,-15.2673333,28.9048333,Borehole/Tubewell,Hand Pump - India Mark,Well,Hand Pump,Lusaka,False,0,Rufunsa,2018,5GPCPWM3+3W8
0.0,124.0,71252.97128511958,27320.14280749905,57603.43513870843,22403.92932560736,7779.070990570153,-15.255,28.9245,Borehole/Tubewell,Hand Pump - India Mark,Well,Hand Pump,Lusaka,False,0,Rufunsa,2016,5GPCPWWF+2R2
0.0,233.0,69173.756500744,25308.496970810156,55493.43752736426,21029.718925644447,6182.382815972673,-15.2503333,28.9031667,Borehole/Tubewell,Hand Pump - India Mark,Well,Hand Pump,Lusaka,False,0,Rufunsa,2015,5GPCPWX3+V77
5.0,223.0,69578.21439925942,25701.12249239519,55901.88154059483,21315.37846860753,6486.042668704823,-15.2506667,28.9071667,Borehole/Tubewell,Hand Pump - India Mark,Well,Hand Pump,Lusaka,False,0,Rufunsa,2020,5GPCPWX4+PVM
5.0,163.0,77244.06867616733,33375.79288931182,63790.09807811249,26422.535521539405,11363.852489678146,-15.291,28.989833,Borehole/Tubewell,Hand Pump - India Mark,Well,Hand Pump,Lusaka,False,0,Rufunsa,2021,5GPCPX5Q+JW4
3.0,94.0,75233.69499417064,31332.47486359149,61754.19486518088,24612.08989871076,9691.18814694667,-15.288667,28.970333,Borehole/Tubewell,Hand Pump - India Mark,Well,Hand Pump,Lusaka,False,0,Rufunsa,2018,5GPCPX6C+G4P
3.0,79.0,77247.72750741329,33337.16795086754,63760.80039405752,26600.429083081075,11624.067909425052,-15.284,28.9885,Borehole/Tubewell,Hand Pump - India Mark,Well,Hand Pump,Lusaka,False,0,Rufunsa,2018,5GPCPX8Q+CC2
3.0,134.0,75198.37870906996,31234.788644135115,61650.79850276744,25031.49469219801,10370.457144561746,-15.2736667,28.9668333,Borehole/Tubewell,Hand Pump - India Mark,Well,Hand Pump,Lusaka,False,0,Rufunsa,2018,5GPCPXG8+GPP
3.0,1211.0,77971.46844786478,34005.088513223665,64417.798745418055,27729.453561413346,12930.71905310594,-15.2673333,28.9918333,Borehole/Tubewell,Hand Pump - India Mark,Well,Hand Pump,Lusaka,False,0,Rufunsa,2018,5GPCPXMR+3P8
3.0,715.0,78199.90489111404,34224.89322582675,64616.6259900364,28180.39335436189,13490.247814355636,-15.2593333,28.9921667,Borehole/Tubewell,Hand Pump - India Mark,Well,Hand Pump,Lusaka,False,0,Rufunsa,2018,5GPCPXRR+7V7
3.0,675.0,78172.42776403652,34197.175818497795,64585.19898354234,28187.388670798016,13515.313172583616,-15.2583333,28.9916667,Borehole/Tubewell,Hand Pump - India Mark,Well,Hand Pump,Lusaka,False,0,Rufunsa,2018,5GPCPXRR+MM7
3.0,332.0,78174.52553011535,34199.51947727209,64579.28976728782,28258.7581331808,13621.215462233942,-15.2561667,28.9911667,Borehole/Tubewell,Hand Pump - India Mark,Well,Hand Pump,Lusaka,False,0,Rufunsa,2018,5GPCPXVR+GFM
5.0,35.0,34972.79641627182,45135.51418714193,25071.05753038021,15858.470286977858,4704.325063658158,-15.241935000000002,28.010621666666665,Borehole/Tubewell,Hand Pump - India Mark,Well,Hand Pump,Central,False,0,Chibombo,2014,5GPCQ256+66H
32.0,12.0,34684.1480327972,45688.0469324176,24072.284530726705,16755.63886909865,2266.852346124134,-15.22006,28.030430000000003,Borehole/Tubewell,Hand Pump - India Mark,Well,Hand Pump,Central,False,0,Chibombo,2014,5GPCQ2HJ+X5F
1.0,175.0,34875.0130261091,43193.70881636131,23677.22009904526,17954.50401173774,74.81416971601742,-15.201066666666668,28.045071666666665,Borehole/Tubewell,Hand Pump - India Mark,Well,Hand Pump,Central,False,0,Chibombo,2014,5GPCQ2XW+H2G
1.0,60.0,29127.017583372588,41019.50409213684,18205.049686471557,12712.4704859958,3367.2367235728984,-15.239378333333333,28.081455,Borehole/Tubewell,Hand Pump - India Mark,Well,Hand Pump,Central,False,0,Chibombo,2014,5GPCQ36J+6HW
1.0,82.0,31900.7938998224,43127.08393069337,21373.194887589863,14206.692874431505,3636.0378639218766,-15.235673333333333,28.050743333333337,Borehole/Tubewell,Hand Pump - India Mark,Well,Hand Pump,Central,False,0,Chibombo,2014,5GPCQ372+P7Q
23.0,143.0,28270.517205045984,40568.45468291566,17039.138271239466,12780.753133167038,2745.451881606018,-15.236456666666667,28.095315,Borehole/Tubewell,Hand Pump - India Mark,Well,Hand Pump,Central,False,0,Chibombo,2014,5GPCQ37W+C48
5.0,47.0,30868.84165005672,42463.77803029625,20085.055405860472,13795.008139714995,3340.001908118384,-15.234008333333334,28.064688333333333,Borehole/Tubewell,Hand Pump - India Mark,Well,Hand Pump,Central,False,0,Chibombo,2014,5GPCQ387+9VW
12.0,155.0,29358.16500607443,41267.91476198434,18034.57309726912,13776.83919034398,1909.3978833745125,-15.228093333333334,28.08961333333333,Borehole/Tubewell,Hand Pump - India Mark,Well,Hand Pump,Central,False,0,Chibombo,2014,5GPCQ3CQ+QR9
0.0,233.0,25445.46647414922,24344.40576757241,13267.342994983072,13265.600992825492,9676.146550790048,-15.1871667,28.3003333,Borehole/Tubewell,Hand Pump - India Mark,Well,Hand Pump,Central,False,0,Chibombo,2015,5GPCR872+44P
0.0,27.0,30830.59313679217,42481.45779693124,19729.30788868588,14392.874768209029,2281.603235645646,-15.225865,28.072726666666668,Borehole/Tubewell,Hand Pump - India Mark,Well,Hand Pump,Central,False,0,Chibombo,2014,5GPCQ3FF+M35
4.0,85.0,32270.193709961997,43265.12981720533,21266.20021907657,15359.165100792445,2016.6412337329396,-15.220896666666668,28.059221666666662,Borehole/Tubewell,Hand Pump - India Mark,Well,Hand Pump,Central,False,0,Chibombo,2014,5GPCQ3H5+JMX
20.0,52.0,31660.016751305284,42737.862063329485,20569.62560827295,15033.137318011974,1972.0746872230764,-15.221718333333335,28.066151666666663,Borehole/Tubewell,Hand Pump - India Mark,Well,Hand Pump,Central,False,0,Chibombo,2014,5GPCQ3H8+8F6
18.0,195.0,33505.34476680888,42375.3275667526,22219.39134958205,16970.7097068475,353.5961950987234,-15.205903333333334,28.057931666666665,Borehole/Tubewell,Hand Pump - India Mark,Well,Hand Pump,Central,False,0,Chibombo,2014,5GPCQ3V5+J5M
19.0,220.0,32007.085054114465,40924.83733646858,20488.804789756745,16282.443365570449,267.5222300655724,-15.207485,28.076071666666667,Borehole/Tubewell,Hand Pump - India Mark,Well,Hand Pump,Central,False,0,Chibombo,2014,5GPCQ3VG+2C4
9.0,190.0,31561.03279345453,40274.88458327128,19923.577308529788,16232.461183068435,117.4691776525722,-15.20663,28.083078333333333,Borehole/Tubewell,Hand Pump - India Mark,Well,Hand Pump,Central,False,0,Chibombo,2014,5GPCQ3VM+86W
6.0,123.0,30704.168213446028,39044.2077830589,18843.50755904998,16203.652380501644,707.4402338108596,-15.205266666666668,28.09669333333333,Borehole/Tubewell,Hand Pump - India Mark,Well,Hand Pump,Central,False,0,Chibombo,2014,5GPCQ3VW+VMW
1.0,288.0,33070.41357294706,41419.65392490668,21606.01047242982,17013.334596990353,89.13492943698171,-15.202911666666669,28.066706666666665,Borehole/Tubewell,Hand Pump - India Mark,Well,Hand Pump,Central,False,0,Chibombo,2014,5GPCQ3W8+RMP
23.0,306.0,32959.16600982053,41317.94769399968,21479.20146365636,16959.18431130627,89.23618347781832,-15.203078333333334,28.068013333333337,Borehole/Tubewell,Hand Pump - India Mark,Well,Hand Pump,Central,False,0,Chibombo,2014,5GPCQ3W9+Q66
12.0,138.0,31049.423373426973,39306.99177889044,19232.02044166269,16336.254364556977,689.1867958919792,-15.204403333333335,28.092796666666665,Borehole/Tubewell,Hand Pump - Afridev,Well,Hand Pump,Central,False,0,Chibombo,2014,5GPCQ3WV+64M
6.0,208.0,33589.35498655885,41905.1542177536,22198.71102849144,17272.34513108144,42.972658392541454,-15.202208333333331,28.060575000000004,Borehole/Tubewell,Hand Pump - India Mark,Well,Hand Pump,Central,False,0,Chibombo,2014,5GPCQ3X6+468
6.0,256.0,32594.41013075425,40656.80361176465,20994.75006183832,16955.92770411008,314.51428702291145,-15.201578333333336,28.074546666666667,Borehole/Tubewell,Hand Pump - India Mark,Well,Hand Pump,Central,False,0,Chibombo,2014,5GPCQ3XF+9R7
9.0,2902.0,24023.68197846543,28059.097277815363,11406.078871588632,11507.957560858698,5708.69729253807,-15.201648333333331,28.24960666666667,Borehole/Tubewell,Hand Pump - India Mark,Well,Hand Pump,Central,False,0,Chibombo,2014,5GPCQ6XX+8RX
6.0,1415.0,20043.50368319113,30431.405160212693,7606.929930389299,8118.8640388085905,3611.827445644063,-15.235578333333336,28.271971666666666,Borehole/Tubewell,Hand Pump - India Mark,Well,Hand Pump,Central,False,0,Chibombo,2014,5GPCQ77C+QQ9
0.0,878.0,23055.222078532708,26679.604239770902,10890.660264816835,10614.512703947714,7420.989470431296,-15.208646666666668,28.29783,Borehole/Tubewell,Hand Pump - India Mark,Well,Hand Pump,Central,False,0,Chibombo,2014,5GPCQ7RX+G4W
8.0,790.0,20161.204980891827,29215.67737548419,9160.057781761754,7184.226071217538,7184.226071217538,-15.23955,28.32712833333333,Borehole/Tubewell,Hand Pump - India Mark,Well,Hand Pump,Central,False,0,Chibombo,2014,5GPCQ86G+5VJ
16.0,750.0,20936.92968490144,28462.581790841647,9982.928493301992,7747.1050004698545,7887.011620411744,-15.23338,28.33144,Borehole/Tubewell,Hand Pump - India Mark,Well,Hand Pump,Central,False,0,Chibombo,2014,5GPCQ88J+JHW
0.0,371.0,32919.56394599379,18007.93773753035,19701.49336356121,9283.309200274496,2044.176861784303,-15.248143333333331,28.53494333333333,Borehole/Tubewell,Hand Pump - India Mark,Well,Hand Pump,Lusaka,False,0,Chongwe,2014,5GPCQG2M+PXW
1.0,214.0,34077.21589437151,17556.049930760208,20851.102779723235,10432.037335173858,2571.6090812288567,-15.241971666666666,28.543650000000003,Borehole/Tubewell,Hand Pump - India Mark,Well,Hand Pump,Lusaka,False,0,Chongwe,2014,5GPCQG5V+6F6
18.0,341.0,38921.07694895557,12577.8604741826,25299.72025118354,12529.909804285931,545.0972425271189,-15.246291666666666,28.59937,Borehole/Tubewell,Hand Pump - India Mark,Well,Hand Pump,Lusaka,False,0,Chongwe,2014,5GPCQH3X+FPQ
15.0,241.0,39990.13558702638,15632.25502673289,26652.151725145213,15761.726327495602,821.3233768686996,-15.215965000000002,28.591981666666666,Borehole/Tubewell,Hand Pump - India Mark,Well,Hand Pump,Lusaka,False,0,Chongwe,2014,5GPCQHMR+JQ9
10.0,241.0,39987.31647904199,15638.538722745529,26649.996361743983,15767.703183926533,822.5077206022627,-15.215933333333332,28.59192833333333,Borehole/Tubewell,Hand Pump - Rope,Well,,Lusaka,False,0,Chongwe,2014,5GPCQHMR+JQF
18.0,346.0,40485.417758209376,17234.391529388286,27330.346815918005,16782.40649967568,646.3947061777455,-15.201393333333332,28.587136666666662,Borehole/Tubewell,Hand Pump - India Mark,Well,Hand Pump,Lusaka,False,0,Chongwe,2014,5GPCQHXP+CVR
18.0,418.0,40763.55567674824,16944.98450699609,27571.183880307595,17067.895117539527,1047.6174355007995,-15.202055,28.59082166666667,Borehole/Tubewell,,Well,,Lusaka,False,0,Chongwe,2014,5GPCQHXR+58G
20.0,336.0,42458.77323349671,10136.022832608654,28734.023432035097,10608.140780030031,1491.7348162061808,-15.246731666666667,28.63676833333333,Borehole/Tubewell,Hand Pump - India Mark,Well,Hand Pump,Lusaka,False,0,Chongwe,2014,5GPCQJ3P+8P2
22.0,371.0,42755.0211236167,10506.118779471206,29044.68814484864,11021.868403509314,1521.2344687473492,-15.24251,28.63767833333333,Borehole/Tubewell,Hand Pump - India Mark,Well,Hand Pump,Lusaka,False,0,Chongwe,2014,5GPCQJ4Q+X3V
22.0,443.0,39588.39207777377,12646.023505746309,25981.36893592448,12696.084953382018,18.750748794382787,-15.24152,28.603741666666664,Borehole/Tubewell,Hand Pump - India Mark,Well,Hand Pump,Lusaka,False,0,Chongwe,2014,5GPCQJ53+9FX
26.0,351.0,43162.23242940805,12066.404671667457,29527.28922869564,12616.06642373469,2384.9442667535245,-15.22844,28.63431333333333,Borehole/Tubewell,Hand Pump - India Mark,Well,Hand Pump,Lusaka,False,0,Chongwe,2014,5GPCQJCM+JPG
22.0,209.0,41671.39900976671,14921.30190875266,28258.73052240485,15245.266781078642,2226.885510610657,-15.212668333333331,28.60846833333333,Borehole/Tubewell,Hand Pump - India Mark,Well,Hand Pump,Lusaka,False,0,Chongwe,2014,5GPCQJP5+W9P
21.0,383.0,43299.89588294568,13997.387921242378,29793.80821692313,14526.148088333694,2962.4581143309883,-15.212758333333332,28.62641833333333,Borehole/Tubewell,Hand Pump - India Mark,Well,Hand Pump,Lusaka,False,0,Chongwe,2014,5GPCQJPG+VHV
10.0,341.0,43338.193558195424,14918.336582528682,29907.3490275632,15432.486751386612,3352.3220025892583,-15.205501666666663,28.622165000000003,Borehole/Tubewell,Hand Pump - India Mark,Well,Hand Pump,Lusaka,False,0,Chongwe,2014,5GPCQJVC+QVV
0.0,149.0,86911.09687105249,42950.28806643269,73366.2795245927,36344.067029102414,21274.826344111847,-15.254,29.074,Borehole/Tubewell,,Well,,Lusaka,False,0,Rufunsa,2016,5GPFP3WF+CJ2
22.0,209.0,45577.259813487326,14628.657142062597,32079.559640863084,15400.765331736451,1256.2061004994946,-15.20047,28.64352,Borehole/Tubewell,Hand Pump - India Mark,Well,Hand Pump,Lusaka,False,0,Chongwe,2014,5GPCQJXV+RC6
9.0,206.0,46006.94928944655,8921.58497051702,32235.33240672044,10008.71956079808,1160.3398361811346,-15.247208333333331,28.67349,Borehole/Tubewell,Hand Pump - India Mark,Well,Hand Pump,Lusaka,False,0,Chongwe,2014,5GPCQM3F+499
16.0,371.0,44901.90602190196,9434.514908026233,31147.798140290564,10320.560413853093,211.13180686600225,-15.24454666666666,28.660923333333336,Borehole/Tubewell,Hand Pump - India Mark,Well,Hand Pump,Lusaka,False,0,Chongwe,2014,5GPCQM46+59M
6.0,174.0,46567.72556212192,9302.2953925125,32799.45702972626,10450.647742001507,1283.3758171077463,-15.24349,28.677491666666665,Borehole/Tubewell,Hand Pump - India Mark,Well,Hand Pump,Lusaka,False,0,Chongwe,2014,5GPCQM4G+JX5
0.0,9.0,93180.78268683064,51496.62230766872,80608.79239010804,36712.76021687765,22029.710665077346,-15.425733,29.150183,Borehole/Tubewell,,Well,,Lusaka,False,0,Rufunsa,2017,5GPFH5F2+P33
3.0,266.0,47858.2579154008,9959.893047764514,34091.92832197997,11243.757723315128,0.4130770884408846,-15.237695,28.687975,Borehole/Tubewell,Hand Pump - India Mark,Well,Hand Pump,Lusaka,False,0,Chongwe,2014,5GPCQM6Q+W5H
5.0,308.0,48385.4017341084,9984.356512971715,34614.25028384923,11334.605506069583,497.1947107202504,-15.23802,28.69351,Borehole/Tubewell,Hand Pump - India Mark,Well,Hand Pump,Lusaka,False,0,Chongwe,2014,5GPCQM6V+QCR
1.0,156.0,49493.96047172391,12062.601800200126,35762.20691368248,13401.046644729644,1569.046351221744,-15.21938,28.695888333333333,Borehole/Tubewell,Hand Pump - India Mark,Well,Hand Pump,Lusaka,False,0,Chongwe,2014,5GPCQMJW+69R
22.0,366.0,45561.21860551391,12587.598873839845,31929.10506899754,13433.980112924475,197.1674966245785,-15.217015,28.65332166666667,Borehole/Tubewell,Hand Pump - India Mark,Well,Hand Pump,Lusaka,False,0,Chongwe,2014,5GPCQMM3+58W
11.0,129.0,48316.583938438176,13951.478366793235,34702.45517302345,15051.583815333624,9.766634955998514,-15.201601666666669,28.67382166666666,Borehole/Tubewell,Hand Pump - India Mark,Well,Hand Pump,Lusaka,False,0,Chongwe,2014,5GPCQMXF+9G4
14.0,293.0,49830.85865358782,9363.703404785434,36044.33721566932,10935.437663492805,1112.8801680897209,-15.24853,28.712733333333336,Borehole/Tubewell,Hand Pump - India Mark,Well,Hand Pump,Lusaka,False,0,Chongwe,2014,5GPCQP27+H3Q
12.0,261.0,51185.73160568103,10278.632323804122,37399.15132029784,11919.0872476601,12.909309957725476,-15.24468333333333,28.724733333333333,Borehole/Tubewell,Hand Pump - India Mark,Well,Hand Pump,Lusaka,False,0,Chongwe,2014,5GPCQP4F+4VH
15.0,219.0,50366.28279018444,10724.008078659132,36587.57969126211,12250.153971674872,721.4679889326675,-15.23539,28.71246833333333,Borehole/Tubewell,Hand Pump - India Mark,Well,Hand Pump,Lusaka,False,0,Chongwe,2014,5GPCQP76+RXW
0.0,194.0,54073.662039906536,13220.962958569586,40291.07044036344,14903.907088794143,156.9645116076264,-15.225635,28.74571,Borehole/Tubewell,Hand Pump - India Mark,Well,Hand Pump,Lusaka,False,0,Chongwe,2014,5GPCQPFW+P7W
3.0,114.0,51665.75141269816,12313.541672599154,37900.39037899153,13856.94206628908,1023.077765053387,-15.222666666666663,28.719866666666668,Borehole/Tubewell,Hand Pump - India Mark,Well,Hand Pump,Lusaka,False,0,Chongwe,2014,5GPCQPG9+WWQ
17.0,89.0,52180.02083823377,12876.923464870164,38419.70001046798,14429.883669967356,1178.1032742790762,-15.218394999999996,28.72311,Borehole/Tubewell,Hand Pump - India Mark,Well,Hand Pump,Lusaka,False,0,Chongwe,2014,5GPCQPJF+J6X
1.0,99.0,50582.347479343705,12460.991471811563,36841.96444390775,13888.462373728224,2429.576073614834,-15.217478333333334,28.706205,Borehole/Tubewell,Hand Pump - India Mark,Well,Hand Pump,Lusaka,False,0,Chongwe,2014,5GPCQPM4+2F4
26.0,104.0,58084.35132763352,16604.03089071235,44300.98449717937,18337.10553332828,2214.5115107531465,-15.212313333333334,28.780438333333336,Protected Spring,Rope and Bucket,Spring,Rope and Bucket,Lusaka,False,0,Chongwe,2014,5GPCQQQJ+35G
5.0,124.0,59307.94580612567,17520.817836164864,45522.57489171251,19124.31573120017,3292.9669378260032,-15.211565,28.79246333333333,Borehole/Tubewell,Hand Pump - India Mark,Well,Hand Pump,Lusaka,False,0,Chongwe,2014,5GPCQQQR+9XG
24.0,283.0,56067.83137225241,15832.89391418542,42305.507510094256,17504.500077109125,509.0115720495188,-15.204235000000002,28.756231666666668,Borehole/Tubewell,Hand Pump - India Mark,Well,Hand Pump,Lusaka,False,0,Chongwe,2014,5GPCQQW4+8F5
31.0,281.0,56136.8779250817,15943.163468234656,42376.14287861152,17613.34165279611,529.0481306225654,-15.203201666666669,28.75644666666667,Borehole/Tubewell,Hand Pump - India Mark,Well,Hand Pump,Lusaka,False,0,Chongwe,2014,5GPCQQW4+PH8
1.0,211.0,58625.23128358438,17504.501474333396,44849.255765907015,19236.323410771583,1861.6368609064136,-15.202846666666668,28.781705,Borehole/Tubewell,Hand Pump - India Mark,Well,Hand Pump,Lusaka,False,0,Chongwe,2014,5GPCQQWJ+VM8
0.0,204.0,58765.88298877188,17595.53631659614,44989.17113901807,19329.24323061844,2014.078437762988,-15.202918333333333,28.78316833333333,Borehole/Tubewell,Hand Pump - India Mark,Well,Hand Pump,Lusaka,False,0,Chongwe,2014,5GPCQQWM+R7M
7.0,204.0,58772.50940917993,17621.679247077533,44996.24099670403,19354.955942603487,1990.574959460839,-15.202535,28.783061666666672,Borehole/Tubewell,Hand Pump - India Mark,Well,Hand Pump,Lusaka,False,0,Chongwe,2014,5GPCQQWM+X6M
5.0,596.0,62854.397464487374,19495.409686532086,49101.03881568695,17858.804392355076,5498.621467063215,-15.2385,28.838,Borehole/Tubewell,Hand Pump - India Mark,Well,Hand Pump,Lusaka,False,0,Rufunsa,2021,5GPCQR6Q+J62
2.0,620.0,62962.69927081751,19628.001683704453,49207.1656684131,18025.19843446212,5619.552725402994,-15.2371,28.838583,Borehole/Tubewell,,Well,,Lusaka,False,0,Rufunsa,2019,5GPCQR7Q+5C8
5.0,625.0,62993.48714996616,19695.850860564828,49235.078955671015,18170.624348642057,5794.566848805991,-15.2355,28.838333,Borehole/Tubewell,Hand Pump - India Mark,Well,Hand Pump,Lusaka,False,0,Rufunsa,2021,5GPCQR7Q+R84
4.0,899.0,63382.92053082935,20485.02949297739,49603.95796574958,19650.87990232085,7498.341270432625,-15.2198333,28.8365,Borehole/Tubewell,Hand Pump - India Mark,Well,Hand Pump,Lusaka,False,0,Rufunsa,2019,5GPCQRJP+3J6
0.0,248.0,66054.63907334133,22432.75051910131,52324.16562981199,19511.374426233226,5085.463847105427,-15.2401667,28.8698333,Borehole/Tubewell,Hand Pump - India Mark,Well,Hand Pump,Lusaka,False,0,Rufunsa,2015,5GPCQV59+WWP
0.0,203.0,73130.40594913151,29238.735327366696,59455.76844918419,24466.32527700137,9809.610246139026,-15.2431667,28.9393333,Borehole/Tubewell,Hand Pump - India Mark,Well,Hand Pump,Lusaka,False,0,Rufunsa,2015,5GPCQW4Q+PPP
5.0,59.0,69857.7091179282,26089.591690215417,56147.97867115636,22183.554046621248,7308.63651265131,-15.2386667,28.90635,Borehole/Tubewell,Hand Pump - India Mark,Well,Hand Pump,Lusaka,False,0,Rufunsa,2020,5GPCQW64+GGQ
0.0,218.0,70490.92843429715,26942.598829732648,56743.86356640385,23670.18193698999,8824.829677701038,-15.220833,28.906833,Borehole/Tubewell,,Well,,Lusaka,False,0,Rufunsa,2016,5GPCQWH4+MP8
0.0,149.0,74043.54226723596,30379.55165686556,60308.05432842322,26451.57734776946,11605.33195574447,-15.217167,28.940333,Borehole/Tubewell,Hand Pump - India Mark,Well,Hand Pump,Lusaka,False,0,Rufunsa,2015,5GPCQWMR+44P
0.0,144.0,73961.86703670588,30422.38595925787,60209.60532297849,26847.409909454174,11971.15154742747,-15.2085,28.936667,Borehole/Tubewell,,Well,,Lusaka,False,0,Rufunsa,2016,5GPCQWRP+JM3
0.0,109.0,74806.52590630103,30945.73693684022,61117.35094723095,26222.79623344095,11571.033521253534,-15.234333,28.953,Borehole/Tubewell,Hand Pump - India Mark,Well,Hand Pump,Lusaka,False,0,Rufunsa,2016,5GPCQX83+766
0.0,158.0,78243.01971677765,34378.21436847055,64551.71284342122,29433.63910300688,14923.91010113123,-15.2255,28.983667,Borehole/Tubewell,Hand Pump - India Mark,Well,Hand Pump,Lusaka,False,0,Rufunsa,2016,5GPCQXFM+RF3
0.0,119.0,76611.6103997584,32859.388390076536,62889.81954943935,28463.079565451837,13723.893078949692,-15.21694,28.96527,Borehole/Tubewell,,Well,,Lusaka,False,0,Rufunsa,2018,5GPCQXM8+64C
0.0,145.0,37506.40496978432,45889.34751001976,26680.023846099608,19628.707379515752,18.226777337090542,-15.199355,28.013946666666666,Borehole/Tubewell,Hand Pump - India Mark,Well,Hand Pump,Central,False,0,Chibombo,2014,5GPCR227+7H4
2.0,30.0,39504.97684009215,46267.01298966359,28579.77870985728,21619.3210060078,1368.552538156402,-15.185667,28.0015,Borehole/Tubewell,,Well,,Central,False,0,Chibombo,2018,5GPCR272+PJJ
4.0,22.0,40229.95675173999,42312.96239086639,28539.53925845621,23776.646458033727,5259.076163455187,-15.152258333333334,28.024831666666667,Borehole/Tubewell,Hand Pump - India Mark,Well,Hand Pump,Central,False,0,Chibombo,2014,5GPCR2XF+3WW
2.0,584.0,24852.5486952762,25724.427809053617,12446.69373890503,12834.00640522616,8394.882866443435,-15.191883333333331,28.278,Borehole/Tubewell,Hand Pump - India Mark,Well,Hand Pump,Central,False,0,Chibombo,2014,5GPCR75H+66R
6.0,594.0,24964.64077134808,25630.516945857955,12557.725825933918,12947.037503129666,8470.656394137455,-15.190873333333332,28.27782,Borehole/Tubewell,Hand Pump - India Mark,Well,Hand Pump,Central,False,0,Chibombo,2014,5GPCR75H+M44
7.0,795.0,25330.739568604567,25534.203892338926,12902.278232524037,13291.06781578866,8434.468317359659,-15.1877,28.272946666666662,Borehole/Tubewell,Hand Pump - India Mark,Well,Hand Pump,Central,False,0,Chibombo,2014,5GPCR76F+W5G
17.0,264.0,43365.45984245062,15798.198601277414,30014.772913615616,16296.953631938948,3901.9531202286553,-15.19868,28.61786833333333,Borehole/Tubewell,Hand Pump - India Mark,Well,Hand Pump,Lusaka,False,0,Chongwe,2014,5GPCRJ29+G4H
6.0,144.0,47996.84079050235,15218.164694101615,34475.66075229059,16222.805803964766,871.3277762424327,-15.190983333333334,28.663943333333336,Borehole/Tubewell,Hand Pump - India Mark,Well,Hand Pump,Lusaka,False,0,Chongwe,2014,5GPCRM57+JH4
5.0,74.0,52769.7125201263,15938.67003634783,39121.92047168994,17354.197436763945,4228.362697577116,-15.186688333333333,28.71271166666667,Borehole/Tubewell,Hand Pump - India Mark,Well,Hand Pump,Lusaka,False,0,Chongwe,2014,5GPCRP77+83G
0.0,236.0,58254.188530175554,17935.650965293913,44500.26768337101,19630.76642395016,802.0263774422278,-15.191808333333332,28.772708333333338,Borehole/Tubewell,Hand Pump - India Mark,Well,Hand Pump,Lusaka,False,0,Chongwe,2014,5GPCRQ5F+73G
5.0,134.0,58771.10485657037,18593.70184721452,45025.21678564961,20286.20710950067,1288.2258960547902,-15.186401666666663,28.77538,Borehole/Tubewell,Hand Pump - India Mark,Well,Hand Pump,Lusaka,False,0,Chongwe,2014,5GPCRQ7G+C5J
4.0,129.0,80301.01937119446,38510.86549908841,66544.93427246147,37092.10899121493,21893.202858720106,-15.106,28.957833,Borehole/Tubewell,,Well,,Lusaka,False,0,Rufunsa,2020,5GPCVXV5+J44
0.0,139.0,83075.28464389069,40877.68244513032,69303.49245953003,38824.405194453735,24034.05832149642,-15.1075,28.987,Borehole/Tubewell,,Well,,Lusaka,False,0,Rufunsa,2016,5GPCVXVP+2R2
1.0,39.0,82323.83827955661,40966.40711319594,68597.12118224158,39836.80675336823,23713.224489918968,-15.081817,28.966583,Borehole/Tubewell,,Well,,Lusaka,False,0,Rufunsa,2018,5GPCWX98+7JG
1.0,1517.0,48290.42884219173,25633.295073167203,35550.459962278306,15934.307016733292,5632.148547227554,-15.002775000000002,28.138943333333334,Borehole/Tubewell,Hand Pump - India Mark,Well,Hand Pump,Central,False,0,Chibombo,2014,5GPCX4WQ+VHW
11.0,1435.0,48441.53493931801,25486.36561779744,35706.63354743168,15831.483011210048,5546.50847494901,-15.000948333333334,28.140136666666663,Borehole/Tubewell,Hand Pump - India Mark,Well,Hand Pump,Central,False,0,Chibombo,2014,5GPCX4XR+J3C
3.0,0.0,72674.08527461307,38373.4913656684,59640.58086776052,39913.771391816495,16050.233204705544,-15.003167,28.807833,Borehole/Tubewell,Hand Pump - India Mark,Well,Hand Pump,Central,False,0,Chisamba,2018,5GPCXRW5+P4P
21.0,242.0,97101.03843390806,23483.126760286494,38283.8832443589,40466.52028239697,46.74484951035862,-15.909998333333332,29.030986666666664,Borehole/Tubewell,Hand Pump - India Mark,Well,Hand Pump,Lusaka,False,0,Kafue,2014,5GPF32RJ+295
20.0,255.0,97359.73016027467,24433.644204221346,39179.93726518749,41408.43771531808,173.72445443626697,-15.904405,29.037771666666664,Borehole/Tubewell,Hand Pump - India Mark,Well,Hand Pump,Lusaka,False,0,Kafue,2014,5GPF32WQ+64J
3.0,576.0,97121.3400601651,25582.39241840568,40112.99527306429,42477.76618584554,146.71231140797383,-15.8932588,29.0426466,Borehole/Tubewell,,Well,,Lusaka,False,0,Kafue,2021,5GPF424V+M3R
3.0,712.0,96917.5641704954,25787.21043490093,40234.88701346742,42188.86036788917,82.85094014299881,-15.89004,29.04252166666667,Borehole/Tubewell,Hand Pump - India Mark,Well,Hand Pump,Lusaka,False,0,Kafue,2014,5GPF425V+X2J
4.0,742.0,96912.0733733561,25991.86929115006,40411.63777492501,42111.67254839305,272.8596577422547,-15.888341666666667,29.043581666666668,Borehole/Tubewell,Hand Pump - India Mark,Well,Hand Pump,Lusaka,False,0,Kafue,2014,5GPF426V+MC8
4.0,712.0,96543.1294951749,25782.545051995985,40125.85401753647,41793.47793118492,351.0321408967189,-15.887249999999998,29.040215,Borehole/Tubewell,Hand Pump - India Mark,Well,Hand Pump,Lusaka,False,0,Kafue,2014,5GPF427R+434
21.0,676.0,96787.1903270404,26113.9118547404,40483.21975754548,41936.81546930414,443.5493657544864,-15.886408333333334,29.043470000000003,Borehole/Tubewell,Hand Pump - India Mark,Well,Hand Pump,Lusaka,False,0,Kafue,2014,5GPF427V+C9Q
3.0,643.0,96710.37258060373,26393.32523632374,40705.395793625896,41759.37325945783,774.877428086916,-15.883568333333336,29.044476666666664,Borehole/Tubewell,Hand Pump - India Mark,Well,Hand Pump,Lusaka,False,0,Kafue,2014,5GPF428V+HQH
14.0,162.0,96603.69925181053,27819.125706114788,41920.9995298627,41172.9377353906,2321.8413070358256,-15.871181666666669,29.051223333333336,Borehole/Tubewell,Hand Pump - India Mark,Well,Hand Pump,Lusaka,False,0,Kafue,2014,5GPF43H2+GFH
3.0,172.0,96496.6872016752,28219.749246752144,42241.79681840116,40931.58454963459,2790.077521330468,-15.867126666666666,29.052588333333333,Borehole/Tubewell,Hand Pump - India Mark,Well,Hand Pump,Lusaka,False,0,Kafue,2014,5GPF43M3+42W
21.0,109.0,97547.5559732437,31855.94321563175,45713.75627168107,40980.65669265395,6312.652514852742,-15.844586666666665,29.077345,Borehole/Tubewell,Hand Pump - India Mark,Well,Hand Pump,Lusaka,False,0,Kafue,2014,5GPF534G+5W9
21.0,852.0,100329.28917609376,35369.88283265963,49490.39594698997,43087.03713709721,9650.668509894977,-15.835341666666666,29.111915,Borehole/Tubewell,Hand Pump - India Mark,Well,Hand Pump,Lusaka,False,0,Kafue,2014,5GPF5476+VQ7
1.0,474.0,99329.09611244994,34623.14594190936,48594.3459913757,42186.94573333205,8940.065388797124,-15.834165,29.102021666666666,Borehole/Tubewell,Hand Pump - India Mark,Well,Hand Pump,Lusaka,False,0,Kafue,2014,5GPF5482+8RJ
12.0,885.0,99879.73056913885,35282.559455011105,49306.81790481291,42625.14614973064,9578.05321058877,-15.832616666666668,29.108646666666665,Borehole/Tubewell,Hand Pump - India Mark,Well,Hand Pump,Lusaka,False,0,Kafue,2014,5GPF5485+XF2
1.0,1064.0,100284.02757218272,36070.681059830255,50095.55031764245,42885.10611451652,10361.41541726729,-15.828796666666666,29.114911666666664,Borehole/Tubewell,Hand Pump - India Mark,Well,Hand Pump,Lusaka,False,0,Kafue,2014,5GPF54C7+FXM
0.0,384.0,101247.24348320947,37611.46768632151,51673.88122904283,43600.68731175781,11892.549215668312,-15.8225877,29.1281755,Borehole/Tubewell,Hand Pump - India Mark,Well,Hand Pump,Lusaka,False,0,Kafue,2018,5GPF54HH+28R
0.0,89.0,101341.64590246035,38772.29425509747,52716.81244666041,43486.46595204142,13064.74115520254,-15.8128555,29.1340333,Borehole/Tubewell,Hand Pump - India Mark,Well,Hand Pump,Lusaka,False,0,Kafue,2018,5GPF54PM+VJ4
0.0,0.0,172943.68872570334,55968.7337965176,101163.56154579064,47986.920913947455,48913.94587284941,-15.52,29.89,Borehole/Tubewell,Motorized Pump,Well,Motorized Pump,Lusaka,False,0,Luangwa,2014,5GPFFVJR+222
0.0,0.0,79946.11797839006,40264.40354770091,67868.20117322235,22268.86206319074,9404.162603022573,-15.474,29.024667,Borehole/Tubewell,Hand Pump - India Mark,Well,Hand Pump,Lusaka,False,0,Rufunsa,2016,5GPFG2GF+CV3
0.0,14.0,92268.18774356657,51239.36220577133,79682.78895797762,34953.40215609585,21069.909396038343,-15.452167,29.141,Borehole/Tubewell,Hand Pump - India Mark,Well,Hand Pump,Lusaka,False,0,Rufunsa,2015,5GPFG4XR+4CJ
0.0,39.0,84390.51323557699,42739.33752109082,71783.65776668489,28594.30962875737,13340.27011969964,-15.418,29.068333,Borehole/Tubewell,Hand Pump - India Mark,Well,Hand Pump,Lusaka,False,0,Rufunsa,2016,5GPFH3J9+R84
3.0,79.0,90581.01064978007,48772.33454641994,77956.90572935862,34479.48193833398,19508.361103268635,-15.417667,29.126,Borehole/Tubewell,Hand Pump - India Mark,Well,Hand Pump,Lusaka,False,0,Rufunsa,2019,5GPFH4JG+WCJ
4.0,109.0,91493.37991786496,49673.33161495902,78869.7460739213,35343.84769807031,20414.910682197897,-15.418,29.1345,Borehole/Tubewell,Hand Pump - India Mark,Well,Hand Pump,Lusaka,False,0,Rufunsa,2020,5GPFH4JM+RR2
5.0,153.0,79372.63108180661,36676.50270416267,66408.88771164381,26399.753441891757,9930.010287316152,-15.370667,29.02,Borehole/Tubewell,Hand Pump - India Mark,Well,Hand Pump,Lusaka,False,0,Rufunsa,2021,5GPFJ2HC+P2J
2.0,168.0,80409.077554094,37725.59781031889,67453.88051422089,27208.273214297315,10843.463805037967,-15.371567,29.029733,Borehole/Tubewell,,Well,,Lusaka,False,0,Rufunsa,2019,5GPFJ2HH+9VH
3.0,139.0,80113.14847019143,37375.67701700098,67138.6356975354,27109.529436109948,10672.154953864008,-15.368922,29.026792,Borehole/Tubewell,,Well,,Lusaka,False,0,Rufunsa,2021,5GPFJ2JG+CPM
5.0,49.0,79174.77794742872,36255.57277057691,66134.63057983287,26875.298677074472,10249.751401741709,-15.359833,29.017333,Borehole/Tubewell,Hand Pump - India Mark,Well,Hand Pump,Lusaka,False,0,Rufunsa,2021,5GPFJ2R8+3W8
0.0,19.0,87478.46288156515,45327.20084841632,74729.1318682363,32179.01394642384,16688.2632768727,-15.39975,29.096883,Borehole/Tubewell,,Well,,Lusaka,False,0,Rufunsa,2017,5GPFJ32W+4Q2
1.0,19.0,92317.98293921568,49512.62385014416,79358.94094668927,37890.96567601962,22160.48035966533,-15.36754,29.1406,Borehole/Tubewell,,Well,,Lusaka,False,0,Rufunsa,2019,5GPFJ4JR+X6Q
0.0,24.0,89757.76327547898,46744.6764124235,76714.49770619898,36124.78421020579,20175.50701284306,-15.354533,29.115767,Borehole/Tubewell,,Well,,Lusaka,False,0,Rufunsa,2017,5GPFJ4W8+58J
0.0,24.0,90337.48649084436,47321.93643422814,77294.63552786646,36648.378551954695,20735.61614516348,-15.354333,29.121167,Borehole/Tubewell,Hand Pump - India Mark,Well,Hand Pump,Lusaka,False,0,Rufunsa,2016,5GPFJ4WC+7F7
0.0,29.0,95314.25703138056,52839.498858585,82483.07501176241,39952.971338067786,24597.19403894897,-15.3876667,29.1695333,Borehole/Tubewell,Hand Pump - India Mark,Well,Hand Pump,Lusaka,False,0,Rufunsa,2015,5GPFJ569+WRM
0.0,64.0,81320.52172834973,38081.02771784986,68170.02199888793,29439.497884129218,12925.45119944378,-15.341667,29.035667,Borehole/Tubewell,Hand Pump - India Mark,Well,Hand Pump,Lusaka,False,0,Rufunsa,2016,5GPFM25P+87M
0.0,89.0,78500.13529897461,35179.67418697801,65311.24782623073,26834.800519754688,10742.094700287871,-15.337517,29.008783,Borehole/Tubewell,,Well,,Lusaka,False,0,Rufunsa,2017,5GPFM265+XGV
0.0,124.0,78428.17871789768,35049.61675169162,65216.1771289859,26845.427303389315,10792.024523615491,-15.333833,29.007667,Borehole/Tubewell,Hand Pump - India Mark,Well,Hand Pump,Lusaka,False,0,Rufunsa,2015,5GPFM285+F37
0.0,84.0,78191.08746014167,34653.512853737695,64912.26161763809,26739.658690066048,10988.228933639177,-15.3228333,29.004,Borehole/Tubewell,Hand Pump - India Mark,Well,Hand Pump,Lusaka,False,0,Rufunsa,2015,5GPFM2G3+VJ6
3.0,134.0,81702.81555112076,37972.514374916616,68335.52863838039,30448.37077938444,14883.768959398318,-15.302667,29.034,Borehole/Tubewell,Hand Pump - India Mark,Well,Hand Pump,Lusaka,False,0,Rufunsa,2019,5GPFM2WM+WJJ
0.0,163.0,78250.98850713456,34480.46514061097,64858.58761177806,27138.71250971021,11956.195028226435,-15.302,29.0013333,Borehole/Tubewell,Hand Pump - India Mark,Well,Hand Pump,Lusaka,False,0,Rufunsa,2015,5GPFM2X2+6G4
0.0,54.0,84226.40717386648,40543.49161144175,70886.52783305675,32864.08463350152,17048.992078388674,-15.3051667,29.0581667,Borehole/Tubewell,Hand Pump - India Mark,Well,Hand Pump,Lusaka,False,0,Rufunsa,2015,5GPFM3V5+W7M
0.0,59.0,87902.21246559604,44267.91291348751,74590.73225441492,36442.42081528019,20185.060752849942,-15.3068333,29.093,Borehole/Tubewell,Hand Pump - India Mark,Well,Hand Pump,Lusaka,False,0,Rufunsa,2015,5GPFM3VV+766
0.0,89.0,90582.11335375567,47083.63214952041,77339.00799532642,38544.54679100398,22116.58303389443,-15.3178333,29.1196667,Borehole/Tubewell,Hand Pump - India Mark,Well,Hand Pump,Lusaka,False,0,Rufunsa,2015,5GPFM4J9+VV7
0.0,178.0,81961.82923789509,38132.1921658508,68536.16019859536,30910.573101105547,15616.2129493874,-15.2903333,29.0343333,Borehole/Tubewell,Hand Pump - India Mark,Well,Hand Pump,Lusaka,False,0,Rufunsa,2015,5GPFP25M+VP8
3.0,158.0,82331.02923967878,38511.98739977393,68912.38017426657,31245.84926897062,15889.941330104108,-15.291333,29.038,Borehole/Tubewell,Hand Pump - India Mark,Well,Hand Pump,Lusaka,False,0,Rufunsa,2019,5GPFP25Q+F66
0.0,129.0,80405.73372900377,36557.25980479774,66966.83688617886,29439.309961317256,14300.44942123566,-15.289667,29.0195,Borehole/Tubewell,,Well,,Lusaka,False,0,Rufunsa,2016,5GPFP269+4RJ
1.0,218.0,78464.05581727868,34569.55138041907,64990.7224903038,27707.166642068496,12658.6480152665,-15.2851,29.00025,Borehole/Tubewell,,Well,,Lusaka,False,0,Rufunsa,2018,5GPFP272+X46
4.0,372.0,82242.5531839919,38323.781828202606,68748.7303565728,31496.86079272801,16409.546490309367,-15.2746667,29.034,Borehole/Tubewell,Hand Pump - India Mark,Well,Hand Pump,Lusaka,False,0,Rufunsa,2019,5GPFP2GM+4JJ
0.0,1107.0,78827.5114203599,34874.72447768029,65296.02719637095,28399.476010382536,13490.166645793965,-15.271267,29.00085,Borehole/Tubewell,,Well,,Lusaka,False,0,Rufunsa,2017,5GPFP2H2+F8X
3.0,600.0,82298.5997597476,38365.882035661496,68790.82871144755,31626.437881528,16563.509423892967,-15.27125,29.0338333,Borehole/Tubewell,Hand Pump - India Mark,Well,Hand Pump,Lusaka,False,0,Rufunsa,2018,5GPFP2HM+GG4
4.0,745.0,82119.63464141304,38164.18588572836,68583.95440953516,31616.183134286784,16620.456414780914,-15.26465,29.030733,Borehole/Tubewell,,Well,,Lusaka,False,0,Rufunsa,2021,5GPFP2PJ+47X
4.0,715.0,82749.2527342981,38785.09231340288,69199.09843112809,32320.595766733164,17345.481221995087,-15.2598333,29.0356667,Borehole/Tubewell,Hand Pump - India Mark,Well,Hand Pump,Lusaka,False,0,Rufunsa,2019,5GPFP2RP+366
0.0,610.0,82747.73227789995,38779.63184558736,69189.38513574372,32374.036017423816,17421.250127843745,-15.257667,29.035167,Borehole/Tubewell,Hand Pump - India Mark,Well,Hand Pump,Lusaka,False,0,Rufunsa,2016,5GPFP2RP+W3M
5.0,864.0,83046.77486697394,39083.72547684592,69498.6091457554,32596.74513070048,17609.190543457822,-15.259833,29.0385,Borehole/Tubewell,Hand Pump - India Mark,Well,Hand Pump,Lusaka,False,0,Rufunsa,2021,5GPFP2RQ+3C6
0.0,625.0,79430.9926505685,35455.907969153675,65846.99022485288,29365.439513395635,14612.703200402384,-15.2568333,29.0033333,Borehole/Tubewell,Hand Pump - India Mark,Well,Hand Pump,Lusaka,False,0,Rufunsa,2015,5GPFP2V3+788
4.0,566.0,82934.45649399218,38966.1139850296,69375.4894702635,32559.4995276966,17603.2778142598,-15.2571667,29.0368333,Borehole/Tubewell,Hand Pump - India Mark,Well,Hand Pump,Lusaka,False,0,Rufunsa,2019,5GPFP2VP+4Q3
5.0,69.0,84050.10130839667,40204.55919514947,70614.68551554033,33002.498707131934,17626.599063474237,-15.285333,29.053167,Borehole/Tubewell,Hand Pump - India Mark,Well,Hand Pump,Lusaka,False,0,Rufunsa,2021,5GPFP373+V77
4.0,213.0,87607.6906427225,43674.03944420783,74098.91590702192,36828.15440998034,21630.842596595485,-15.262433,29.082417,Borehole/Tubewell,,Well,,Lusaka,False,0,Rufunsa,2021,5GPFP3QJ+2XF
3.0,268.0,84524.66042279979,40560.26775110243,70973.70303815411,34052.83874431026,19038.690117817365,-15.2565,29.051833,Borehole/Tubewell,,Well,,Lusaka,False,0,Rufunsa,2019,5GPFP3V2+CP4
0.0,198.0,88009.60455136033,44061.78026668406,74483.9602783463,37310.56997638481,22184.023581445235,-15.2573333,29.0851667,Borehole/Tubewell,Hand Pump - India Mark,Well,Hand Pump,Lusaka,False,0,Rufunsa,2015,5GPFP3VP+337
0.0,268.0,85174.38718636772,41207.85129457215,71619.04772164389,34713.910960620895,19696.38708588068,-15.254167,29.0575,Borehole/Tubewell,,Well,,Lusaka,False,0,Rufunsa,2016,5GPFP3W5+82J
0.0,119.0,99118.621202431,55234.27959917372,85657.27640469608,47990.34201054907,31993.794269698014,-15.257333,29.1905,Borehole/Tubewell,Hand Pump - India Mark,Well,Hand Pump,Lusaka,False,0,Rufunsa,2016,5GPFP5VR+366
0.0,99.0,98603.66650336124,54696.01178231868,85121.58470535428,47557.46360577348,31729.96787206389,-15.252333,29.184667,Borehole/Tubewell,Hand Pump - India Mark,Well,Hand Pump,Lusaka,False,0,Rufunsa,2016,5GPFP5XM+3V7
0.0,238.0,79541.26586629347,35574.53632328003,65918.91463119538,29814.291375339955,15216.91738712672,-15.245733,29.001667,Borehole/Tubewell,,Well,,Lusaka,False,0,Rufunsa,2017,5GPFQ232+PM3
5.0,317.0,80280.92459068204,36322.828819608105,66645.3605878751,30652.556972181566,16067.952259143683,-15.240167,29.007333,Borehole/Tubewell,Hand Pump - India Mark,Well,Hand Pump,Lusaka,False,0,Rufunsa,2021,5GPFQ254+WWP
3.0,149.0,80605.06158884756,36755.47961684011,66905.98140480428,31765.31995922567,17303.057310926422,-15.216833,29.003983,Borehole/Tubewell,,Well,,Lusaka,False,0,Rufunsa,2020,5GPFQ2M3+7H9
0.0,69.0,93609.670007012,49650.461081899135,80066.9581762848,42905.53105227218,27610.08936907016,-15.243,29.135333,Borehole/Tubewell,,Well,,Lusaka,False,0,Rufunsa,2016,5GPFQ44P+R44
0.0,54.0,92336.89680657876,48371.706875452845,78783.34778029508,41714.47183088604,26526.8258562851,-15.242,29.123,Borehole/Tubewell,,Well,,Lusaka,False,0,Rufunsa,2016,5GPFQ45F+662
3.0,283.0,95597.84886990988,51640.372123311245,82057.72267704051,44850.500137448136,29470.01064745418,-15.2403333,29.1536667,Borehole/Tubewell,Hand Pump - India Mark,Well,Hand Pump,Lusaka,False,0,Rufunsa,2018,5GPFQ553+VF7
0.0,312.0,95712.08431342496,51752.65960572227,82168.75562477727,44979.92789224183,29610.69833237847,-15.2391667,29.1545,Borehole/Tubewell,Hand Pump - India Mark,Well,Hand Pump,Lusaka,False,0,Rufunsa,2015,5GPFQ563+8RJ
0.0,243.0,95583.43013442957,51622.59528365765,82037.7179734109,44865.74398100399,29512.28815666584,-15.2386667,29.1531667,Borehole/Tubewell,Hand Pump - India Mark,Well,Hand Pump,Lusaka,False,0,Rufunsa,2015,5GPFQ563+G7M
3.0,362.0,96011.57523454682,52051.489938721286,82467.19192757999,45280.52105275833,29906.126825956875,-15.2383333,29.1571667,Borehole/Tubewell,Hand Pump - India Mark,Well,Hand Pump,Lusaka,False,0,Rufunsa,2018,5GPFQ564+MV7
0.0,149.0,103366.4046804709,59389.31561031687,89765.8295869053,52860.15129271235,37538.78736784905,-15.2058333,29.2198333,Borehole/Tubewell,Hand Pump - India Mark,Well,Hand Pump,Lusaka,False,0,Rufunsa,2015,5GPFQ6V9+MW8
0.0,49.0,107287.16228247176,63310.42276010427,93697.24364550294,56667.07088341704,41190.98774039521,-15.2023222,29.2564444,Borehole/Tubewell,,Well,,Lusaka,False,0,Rufunsa,2018,5GPFQ7X4+3HG
3.0,79.0,82100.65762444542,38692.39206569621,68329.62740938683,34880.186431009504,20061.265219330315,-15.1715,29.0037,Borehole/Tubewell,,Well,,Lusaka,False,0,Rufunsa,2020,5GPFR2H3+CF4
0.0,4.0,96078.90240003951,52168.28976754327,82395.2798430795,46419.053831805366,31552.01716795981,-15.187222,29.14499,Borehole/Tubewell,,Well,,Lusaka,False,0,Rufunsa,2018,5GPFR47V+4X9
3.0,94.0,105017.17413563648,61045.55079894439,91388.69698264272,54679.6371489208,39459.694577591385,-15.1915888,29.2321111,Borehole/Tubewell,,Well,,Lusaka,False,0,Rufunsa,2021,5GPFR65J+9R9
2.0,64.0,104723.74188285971,60763.37064346873,91075.9256573472,54541.09058877256,39439.71708801979,-15.18402,29.22734,Borehole/Tubewell,,Well,,Lusaka,False,0,Rufunsa,2020,5GPFR68G+9WW
4.0,402.0,115473.9508061601,71500.16058028919,101845.17411252733,65011.57139471671,34239.82571305725,-15.169983,29.326833,Borehole/Tubewell,,Well,,Lusaka,False,0,Rufunsa,2021,5GPFR8JG+2P4
2.0,4.0,131605.9253223505,87675.20280695726,125435.51403921277,76744.13556643251,19959.96370595629,-15.193,29.485667,Borehole/Tubewell,Hand Pump - India Mark,Well,Hand Pump,Lusaka,False,0,Rufunsa,2018,5GPFRF4P+R73
3.0,94.0,123563.213768742,79596.28397019925,123498.10642446972,73150.56188257836,26127.06128314913,-15.14425,29.397783,Borehole/Tubewell,,Well,,Lusaka,False,0,Rufunsa,2020,5GPFV94X+843
5.0,139.0,128085.68474108935,84119.02243003657,127140.22107983012,77651.91681895283,21604.466738443283,-15.133333,29.438333,Borehole/Tubewell,Hand Pump - India Mark,Well,Hand Pump,Lusaka,False,0,Rufunsa,2021,5GPFVC8Q+M88
2.0,79.0,129686.17553503644,85716.01729269914,128212.71243645858,79202.06908912493,20013.29290933242,-15.13285,29.453567,Borehole/Tubewell,,Well,,Lusaka,False,0,Rufunsa,2019,5GPFVF83+VC8
3.0,119.0,129526.41940293934,85560.14456715964,128328.69851893291,79089.58836007859,20163.326006278843,-15.129612,29.451187,Borehole/Tubewell,,Well,,Lusaka,False,0,Rufunsa,2021,5GPFVFC2+5F3
3.0,44.0,132596.6906127817,88622.98156634264,130325.26274833638,76640.9094437074,17127.799894719767,-15.129967,29.480733,Borehole/Tubewell,,Well,,Lusaka,False,0,Rufunsa,2020,5GPFVFCJ+279
3.0,44.0,133250.12092351427,89275.67205962673,130802.89961141134,75982.3631673775,16482.86359042235,-15.129333,29.486833,Borehole/Tubewell,,Well,,Lusaka,False,0,Rufunsa,2020,5GPFVFCP+7P8
3.0,99.0,138842.52446699736,94861.93501182372,134205.1435756325,70118.47521481708,11366.990734382432,-15.13553,29.54187,Borehole/Tubewell,,Well,,Lusaka,False,0,Rufunsa,2021,5GPFVG7R+QPQ
1.0,74.0,144030.2919044451,100054.1607803509,130392.85437385712,65417.93863139506,5807.913534589488,-15.106267,29.58425,Borehole/Tubewell,,Well,,Lusaka,False,0,Rufunsa,2018,5GPFVHVM+FPR
0.0,39.0,146095.35270512695,102117.52003849644,132461.63436618168,63343.70831377021,3928.7733846530105,-15.104167,29.6035,Borehole/Tubewell,,Well,,Lusaka,False,0,Rufunsa,2016,5GPFVJW3+8CJ
0.0,64.0,146173.81966929903,102196.074055544,132539.81506106054,63271.2367641724,3849.469082282888,-15.103833,29.604167,Borehole/Tubewell,,Well,,Lusaka,False,0,Rufunsa,2016,5GPFVJW3+FM7
0.0,54.0,146391.66079213665,102413.69721162973,132757.81717794944,63055.469389524485,3658.6678101816433,-15.1035,29.606167,Borehole/Tubewell,,Well,,Lusaka,False,0,Rufunsa,2016,5GPFVJW4+JF3
0.0,54.0,148279.94415628866,101176.69856497344,134654.42996438086,61087.5273253043,2578.847199134727,-15.1045,29.6245,Borehole/Tubewell,,Well,,Lusaka,False,0,Rufunsa,2016,5GPFVJWF+6R2
0.0,54.0,153280.1361095353,97337.47583101696,139664.97491137756,56044.80825527343,726.4084954391916,-15.1005,29.671333,Borehole/Tubewell,Hand Pump - India Mark,Well,Hand Pump,Lusaka,False,0,Rufunsa,2015,5GPFVMXC+RG4
4.0,74.0,159541.50362445766,89945.65112685454,141276.37817638856,49122.171606119286,2457.60161797948,-15.126833,29.737033,Borehole/Tubewell,,Well,,Lusaka,False,0,Rufunsa,2021,5GPFVPFP+7R7
3.0,139.0,157702.3376261592,91897.43631331436,141096.24885059346,51083.80896749771,1641.6283561980065,-15.121483,29.718383,Borehole/Tubewell,,Well,,Lusaka,False,0,Rufunsa,2020,5GPFVPH9+C92
3.0,551.0,158602.03007987377,91797.43425698447,142116.15755195968,50294.55871779682,684.5982991658111,-15.1142,29.725317,Borehole/Tubewell,,Well,,Lusaka,False,0,Rufunsa,2020,5GPFVPPG+84G
2.0,0.0,91872.87547631764,49845.00323012709,78117.67763789045,47530.6139588909,32664.76769147171,-15.059667,29.054333,Borehole/Tubewell,Hand Pump - India Mark,Well,Hand Pump,Lusaka,False,0,Rufunsa,2018,5GPFW3R3+4PP
0.0,94.0,140473.741806113,96553.77603014073,126777.75030626694,69980.11159239389,9613.35471782674,-15.076167,29.541833,Borehole/Tubewell,Hand Pump - India Mark,Well,Hand Pump,Lusaka,False,0,Rufunsa,2016,5GPFWGFR+GPP
0.0,178.0,138468.72976394376,94568.35683704584,124762.66383480855,72155.42812864357,11780.227045355026,-15.0735,29.521667,Borehole/Tubewell,Hand Pump - India Mark,Well,Hand Pump,Lusaka,False,0,Rufunsa,2016,5GPFWGGC+JM3
0.0,178.0,138660.1188372234,94757.10864269629,124955.33840032831,71938.91852042267,11564.784457236732,-15.074,29.523667,Borehole/Tubewell,,Well,,Lusaka,False,0,Rufunsa,2016,5GPFWGGF+CF3
0.0,69.0,137333.84934314282,93448.30856023727,123621.22213111496,73416.682128289,13039.0319408393,-15.071233,29.51,Borehole/Tubewell,,Well,,Lusaka,False,0,Rufunsa,2017,5GPFWGH6+G22
0.0,183.0,138774.82752230915,94874.9969828174,125068.43254956912,71872.06684137539,11495.15438275886,-15.0725,29.524333,Borehole/Tubewell,,Well,,Lusaka,False,0,Rufunsa,2016,5GPFWGHF+2P4
1.0,109.0,143453.97451565502,99486.99443114374,129798.9201324873,66259.03172060195,6237.8870654013535,-15.09685,29.576267,Borehole/Tubewell,,Well,,Lusaka,False,0,Rufunsa,2018,5GPFWH3G+7G6
1.0,417.0,142578.06520568035,98622.7913929572,128908.821281188,67368.21250329887,7184.59149740899,-15.089733,29.565933,Borehole/Tubewell,,Well,,Lusaka,False,0,Rufunsa,2018,5GPFWH68+493
4.0,685.0,143437.49184625875,99481.32495459956,129769.04991318542,66521.39531101234,6324.906889399751,-15.088317,29.573817,Borehole/Tubewell,,Well,,Lusaka,False,0,Rufunsa,2021,5GPFWH6F+MGG
0.0,735.0,143091.35097303076,99140.89470914577,129417.2078500308,66970.23383979993,6725.298929702387,-15.085333,29.569667,Borehole/Tubewell,Hand Pump - India Mark,Well,Hand Pump,Lusaka,False,0,Rufunsa,2016,5GPFWH79+VV7
0.0,769.0,143512.85510123338,99559.31521378356,129841.65828243773,66503.3306259378,6285.417503608624,-15.086333,29.574,Borehole/Tubewell,Hand Pump - India Mark,Well,Hand Pump,Lusaka,False,0,Rufunsa,2016,5GPFWH7F+FJ6
4.0,451.0,143539.85598877489,99604.09852615774,129853.40102504112,66810.29916028988,6441.703570092652,-15.075833,29.571333,Borehole/Tubewell,Hand Pump - India Mark,Well,Hand Pump,Lusaka,False,0,Rufunsa,2020,5GPFWHFC+MG8
5.0,442.0,143705.12022682326,99769.21834642735,130018.7423600604,66650.06058214066,6279.701777959802,-15.0755,29.572833,Borehole/Tubewell,Hand Pump - India Mark,Well,Hand Pump,Lusaka,False,0,Rufunsa,2021,5GPFWHFF+R44
0.0,34.0,141891.09122406377,98008.32592350176,128175.96450151374,69163.45595819008,8901.770567128744,-15.058,29.550167,Borehole/Tubewell,,Well,,Lusaka,False,0,Rufunsa,2016,5GPFWHR2+R33
0.0,49.0,142889.83409134118,99020.20050018768,129169.1132171162,68405.9744206207,8324.660459083787,-15.050833,29.557667,Borehole/Tubewell,Hand Pump - India Mark,Well,Hand Pump,Lusaka,False,0,Rufunsa,2016,5GPFWHX5+M37
1.0,561.0,150629.58501262398,100709.7954874527,136983.4824929877,59131.10759241492,504.91396395397993,-15.087067,29.642567,Borehole/Tubewell,,Well,,Lusaka,False,0,Rufunsa,2018,5GPFWJ7V+52G
0.0,163.0,148358.185932155,102865.08712941472,134699.96299057882,61560.61433962029,1340.8893958893905,-15.084167,29.62,Borehole/Tubewell,Hand Pump - India Mark,Well,Hand Pump,Lusaka,False,0,Rufunsa,2015,5GPFWJ8C+82J
0.0,814.0,149769.19869229576,102202.118771973,136106.75178102934,60284.62772920713,10.391951882928204,-15.078283,29.631983,Borehole/Tubewell,,Well,,Lusaka,False,0,Rufunsa,2017,5GPFWJCJ+MQQ
0.0,158.0,147038.27192342698,103087.69224291068,133363.0353948371,63192.315761461046,2823.4369758379835,-15.075667,29.605,Borehole/Tubewell,Hand Pump - India Mark,Well,Hand Pump,Lusaka,False,0,Rufunsa,2016,5GPFWJF4+P2J
0.0,809.0,150185.23949794425,102014.1905595053,136521.46786810033,59911.69466454795,401.8990977875133,-15.0765,29.6355,Borehole/Tubewell,,Well,,Lusaka,False,0,Rufunsa,2016,5GPFWJFP+C62
0.0,273.0,147506.5301960237,103556.90209779602,133830.14730205236,62768.37341880986,2391.2399887899523,-15.073833,29.609,Borehole/Tubewell,Hand Pump - India Mark,Well,Hand Pump,Lusaka,False,0,Rufunsa,2016,5GPFWJG5+FJ6
0.0,551.0,149280.56282503478,102975.73539269152,135610.41573450185,60922.37670780474,545.553302219024,-15.074167,29.626167,Borehole/Tubewell,Hand Pump - India Mark,Well,Hand Pump,Lusaka,False,0,Rufunsa,2016,5GPFWJGG+8FM
2.0,372.0,148485.20006132938,103967.57289031222,134807.22046448034,61867.65422793247,1535.4244794845288,-15.0705,29.6175,Borehole/Tubewell,,Well,,Lusaka,False,0,Rufunsa,2018,5GPFWJH9+R22
0.0,362.0,148489.1795165522,104083.43576858893,134809.33035755428,61909.1403675194,1613.4604169068757,-15.069167,29.617167,Borehole/Tubewell,,Well,,Lusaka,False,0,Rufunsa,2016,5GPFWJJ8+8VM
0.0,352.0,149040.77219587984,103562.8503767906,135363.65936640653,61315.356068077126,1035.9322074164204,-15.069833,29.622667,Borehole/Tubewell,,Well,,Lusaka,False,0,Rufunsa,2016,5GPFWJJF+337
0.0,119.0,146983.90669181154,103048.64195570382,133296.0418613664,63549.2472722468,3250.224115295501,-15.066833,29.602,Borehole/Tubewell,Hand Pump - India Mark,Well,Hand Pump,Lusaka,False,0,Rufunsa,2016,5GPFWJM2+7R6
1.0,44.0,155646.9090518123,95701.8558125504,142033.81039145938,53699.487572039485,22.808131688221724,-15.097,29.6931,Borehole/Tubewell,,Well,,Lusaka,False,0,Rufunsa,2018,5GPFWM3V+665
1.0,39.0,155376.27584381905,96405.87482415486,141753.17740445826,54118.99311765104,563.9981878489784,-15.091533,29.689167,Borehole/Tubewell,,Well,,Lusaka,False,0,Rufunsa,2018,5GPFWM5Q+9MM
3.0,173.0,153564.5340552177,98526.14673019348,139923.87412379167,56185.21538777596,980.1347203217,-15.084333,29.67,Borehole/Tubewell,Hand Pump - India Mark,Well,Hand Pump,Lusaka,False,0,Rufunsa,2018,5GPFWM8C+726
3.0,158.0,153829.4725586095,99296.56571291423,140172.85352356912,56251.01452210351,2078.0140227055567,-15.073333,29.669667,Borehole/Tubewell,Hand Pump - India Mark,Well,Hand Pump,Lusaka,False,0,Rufunsa,2018,5GPFWMG9+MV7
3.0,79.0,157030.9435589889,96845.81967977258,143382.36640881476,52998.33623428538,2765.5754690134527,-15.071833,29.7,Borehole/Tubewell,Hand Pump - India Mark,Well,Hand Pump,Lusaka,False,0,Rufunsa,2018,5GPFWPH2+726
3.0,188.0,159342.6637511031,95007.65780195846,145701.4620742233,50617.04746480239,507.0786409652865,-15.071833,29.722167,Borehole/Tubewell,Hand Pump - India Mark,Well,Hand Pump,Lusaka,False,0,Rufunsa,2018,5GPFWPHC+7V7
1.0,59.0,157217.82394113266,96904.1719016216,143566.47467031868,52880.2292831825,2690.4075424936764,-15.069567,29.7012,Borehole/Tubewell,,Well,,Lusaka,False,0,Rufunsa,2018,5GPFWPJ2+5FG
2.0,193.0,159142.4199202124,95551.13453990004,145494.3395177342,50960.82759142922,1013.938560147388,-15.067667,29.719167,Borehole/Tubewell,Hand Pump - India Mark,Well,Hand Pump,Lusaka,False,0,Rufunsa,2018,5GPFWPJ9+WMM
2.0,24.0,158161.93218311932,97116.640876583,144498.50130404226,52269.14816358785,2302.423308596228,-15.059167,29.7075,Borehole/Tubewell,Hand Pump - India Mark,Well,Hand Pump,Lusaka,False,0,Rufunsa,2018,5GPFWPR5+82J
2.0,0.0,163390.5954033382,93301.63397267267,149302.10535646972,46983.25189354289,3059.3137972894724,-15.0565,29.757,Borehole/Tubewell,Hand Pump - India Mark,Well,Hand Pump,Lusaka,False,0,Rufunsa,2018,5GPFWQV4+CR2
0.0,59.0,171769.84466289502,86691.86753634425,144825.97173677708,38231.44770674745,11759.561905784029,-15.060717,29.838317,Borehole/Tubewell,,Well,,Lusaka,False,0,Rufunsa,2017,5GPFWRQQ+P88
0.0,213.0,177069.27274312123,82525.84122352835,144020.39643732115,33518.75035443104,16851.118659402615,-15.042467,29.884467,Borehole/Tubewell,,Well,,Lusaka,False,0,Rufunsa,2017,5GPFXV5M+2Q8
0.0,168.0,175512.03622295757,83945.72748711442,145347.58718472903,35310.31865751642,15210.145404715784,-15.037667,29.868333,Borehole/Tubewell,Hand Pump - India Mark,Well,Hand Pump,Lusaka,False,0,Rufunsa,2016,5GPFXV69+W8P
0.0,223.0,176150.99468170342,83334.08453983649,144998.93017359302,34651.39617228119,15861.313289307209,-15.037833,29.8745,Borehole/Tubewell,Hand Pump - India Mark,Well,Hand Pump,Lusaka,False,0,Rufunsa,2016,5GPFXV6F+VR6
0.0,526.0,178735.7817655997,80882.74450220352,143532.38029894038,31959.05864661444,18510.231468452297,-15.039233,29.8996,Borehole/Tubewell,,Well,,Lusaka,False,0,Rufunsa,2017,5GPFXV6X+8R5
0.0,168.0,181244.78765768287,78501.90919127232,142264.98712362692,29398.704229533178,21075.99486616558,-15.0395,29.923667,Borehole/Tubewell,Hand Pump - India Mark,Well,Hand Pump,Lusaka,False,0,Rufunsa,2016,5GPFXW6F+6F3
0.0,193.0,182878.34994961813,76827.3082622137,142242.46413731886,28066.871048795758,22654.586571274845,-15.032583,29.937567,Borehole/Tubewell,,Well,,Lusaka,False,0,Rufunsa,2017,5GPFXW8Q+X28
0.0,0.0,188684.7265437928,71193.805377878,140444.69920856782,22668.803563379144,28481.758150858204,-15.024833,29.991167,Borehole/Tubewell,Hand Pump - India Mark,Well,Hand Pump,Lusaka,False,0,Rufunsa,2016,5GPFXXGR+3F7
3.0,202.0,,40267.35692949047,38416.770017163246,93737.85228807606,48.49947123347326,-14.993974,22.300156,Borehole/Tubewell,Hand Pump,Well,Hand Pump,Western,False,0,Sikongo,2015,5GQ42842+C36
1.0,920.0,,22591.29786260429,20987.33053959561,77197.62265946381,8.688789781434947,-14.995092,22.464499,Borehole/Tubewell,Hand Pump - India Mark,Well,Hand Pump,Western,False,0,Kalabo,2016,5GQ42F37+XQ9
1.0,876.0,,22144.005731285808,20540.403499296677,76798.83669404563,53.52112621693352,-14.994817,22.468658,Borehole/Tubewell,Hand Pump - India Mark,Well,Hand Pump,Western,False,0,Kalabo,2016,5GQ42F49+3FF
1.0,344.0,,19477.450440351706,17949.794553363674,75597.71290159333,2988.4290756537,-14.962386,22.496607,Borehole/Tubewell,Hand Pump - India Mark,Well,Hand Pump,Western,False,0,Sikongo,2016,5GQ42FQW+2JX
1.0,326.0,,14766.499467146768,13190.747065800835,70574.09978114725,96.8071375557947,-14.983938,22.537731,Borehole/Tubewell,Hand Pump - India Mark,Well,Hand Pump,Western,False,0,Kalabo,2016,5GQ42G8Q+C3H
2.0,441.0,,4572.73036747202,2981.5988827041174,61088.2975291823,62.56356880843158,-14.99445,22.632035,Borehole/Tubewell,Hand Pump - India Mark,Well,Hand Pump,Western,False,0,Kalabo,2017,5GQ42J4J+6RF
1.0,362.0,,14188.04601537318,13327.284737562566,45725.19749985962,12337.034283762248,-14.995393,22.806463,Borehole/Tubewell,Hand Pump - India Mark,Well,Hand Pump,Western,False,0,Kalabo,2016,5GQ42R34+RHW
1.0,304.0,,12608.870314978964,11313.400572049646,69697.70433569571,4083.135009873975,-14.943966,22.569759,Borehole/Tubewell,Hand Pump - India Mark,Well,Hand Pump,Western,False,0,Sikongo,2016,5GQ43H49+CW6
1.0,304.0,,13374.473491724975,12105.912400259453,70486.17645881453,4779.729393396524,-14.937844,22.565011,Borehole/Tubewell,Hand Pump - India Mark,Well,Hand Pump,Western,False,0,Sikongo,2016,5GQ43H68+V26
2.0,215.0,,8674.799310422486,8388.82856779256,64489.511349640285,388.6416390390162,-14.923163,22.64234,Borehole/Tubewell,Hand Pump - India Mark,Well,Hand Pump,Western,False,0,Kalabo,2017,5GQ43JGR+PWP
1.0,328.0,,19749.57759569173,18698.825370405564,47262.771728194886,15515.202172655234,-14.935983,22.847807,Borehole/Tubewell,Hand Pump - India Mark,Well,Hand Pump,Western,False,0,Kalabo,2016,5GQ43R7X+J43
1.0,135.0,,35794.94228104822,34696.987247027086,50106.02596980835,30310.079795473543,-14.836333,22.964449,Borehole/Tubewell,Hand Pump - India Mark,Well,Hand Pump,Western,False,0,Kalabo,2016,5GQ45X77+FQ8
2.0,237.0,,29861.299084281367,29129.877530164205,85616.5174018616,21564.626588055973,-14.777419,22.510427,Borehole/Tubewell,Hand Pump - India Mark,Well,Hand Pump,Western,False,0,Kalabo,2017,5GQ46GF6+25M
3.0,294.0,,27865.69338229032,26829.4853337559,63507.60841577047,21025.623526600437,-14.780156,22.809596,Borehole/Tubewell,Hand Pump - India Mark,Well,Hand Pump,Western,False,0,Kalabo,2018,5GQ46R95+WRQ
1.0,158.0,,35857.1192522995,34857.37318574501,57284.412579781325,28991.21041537462,-14.705086,22.82334,Borehole/Tubewell,Hand Pump - India Mark,Well,Hand Pump,Western,False,0,Kalabo,2016,5GQ47RVF+X88
2.0,203.0,,74407.11561698638,92312.20418947336,68680.827800064,70099.30386322505,-14.404593,22.056194,Borehole/Tubewell,Hand Pump - India Mark,Well,Hand Pump,Western,False,0,Kalabo,2017,5GQ4H3W4+5F8
2.0,317.0,,72353.9407183088,96389.39290725577,69799.35578531201,73112.65473136978,-14.350948,22.059426,Borehole/Tubewell,Hand Pump - India Mark,Well,Hand Pump,Western,False,0,Kalabo,2017,5GQ4J3X5+JQF
,573.0,,71915.2947536524,85666.71701068309,6101.497514658924,1779.305176986786,-14.53233,24.19061,Protected Well,Hand Pump,Well,Hand Pump,Western,False,0,Kaoma,2019,5GQ6F59R+369
2.0,158.0,,72970.82440442724,101436.31106938478,72945.82527331427,73647.62549743142,-14.264957,22.092959,Borehole/Tubewell,Hand Pump - India Mark,Well,Hand Pump,Western,False,0,Kalabo,2017,5GQ4P3PV+258
4.0,155.0,,70253.17745231859,76998.1097873476,62066.78614559974,8655.49090646754,-14.960253,23.777328,Borehole/Tubewell,Hand Pump,Well,Hand Pump,Western,False,0,Limulunga,2015,5GQ52QQG+VWW
4.0,530.0,,68344.33233690792,75573.83981064674,61600.25924356804,10856.04246483277,-14.95319,23.75677,Borehole/Tubewell,Hand Pump,Well,Hand Pump,Western,False,0,Limulunga,2015,5GQ52QW4+PPC
0.0,195.0,,80366.61545475855,84983.22720483057,63561.671671908334,1357.434224794565,-14.98211,23.87948,Borehole/Tubewell,Hand Pump - India Mark,Well,Hand Pump,Western,False,0,Kaoma,2016,5GQ52V9H+5Q5
2.0,106.0,,67322.3425803801,90856.08374883042,35908.31378154317,30122.27192344983,-14.71609,23.75755,Borehole/Tubewell,Hand Pump,Well,Hand Pump,Western,False,0,Kaoma,2018,5GQ57QM5+H27
2.0,94.0,,82916.253254496,84279.2513502612,21616.68545608258,23189.02117643137,-14.58658,23.97739,Borehole/Tubewell,Hand Pump - India Mark,Well,Hand Pump,Western,False,0,Kaoma,2018,5GQ5CX7G+9X6
9.0,208.0,,5407.398974220863,77015.92316514885,3136.994485849381,7229.06257417404,-14.4256,23.2363,Borehole/Tubewell,Hand Pump,Well,Hand Pump,Western,False,0,Lukulu,2017,5GQ5H6FP+QG7
5.0,125.0,,9779.244717266864,149393.2045737833,7330.931848164316,10272.33039461197,-14.8729883,24.745965,Borehole/Tubewell,Hand Pump - India Mark,Well,Hand Pump,Western,False,0,Luampa,2016,5GQ64PGW+R94
2.0,108.0,,6965.603665162714,152094.64508474362,4260.207099899911,7644.278498965901,-14.86384444,24.79648056,Borehole/Tubewell,Hand Pump,Well,Hand Pump,Western,False,0,Kaoma,2014,5GQ64QPW+FH9
11.0,94.0,,8327.288962152805,155241.91964757265,5645.643148593313,8778.253716295834,-14.8645,24.83996944,Borehole/Tubewell,Hand Pump - India Mark,Well,Hand Pump,Western,False,0,Kaoma,2018,5GQ64RPQ+6X5
4.0,76.0,,17292.727594395354,161903.20176261914,15471.834068532356,17290.682398543668,-14.875466,24.93978056,Borehole/Tubewell,Hand Pump,Well,Hand Pump,Western,False,0,Nkeyema,2016,5GQ64WFQ+RW6
11.0,111.0,,14866.7541148156,160166.45818057013,12985.119675825668,14901.60270708948,-14.86933,24.91745,Borehole/Tubewell,Hand Pump,Well,Hand Pump,Western,False,0,Nkeyema,2018,5GQ64WJ8+7X8
8.0,0.0,,14391.35674421432,159109.83461156485,12714.3484336942,14353.936799161822,-14.8578,24.91880972,Borehole/Tubewell,Hand Pump,Well,Hand Pump,Western,False,0,Nkeyema,2017,5GQ64WR9+VGM
1.0,48.0,,19609.956120334504,163571.0318684268,17832.287728438463,19581.545928454598,-14.88132,24.96094,Borehole/Tubewell,Hand Pump,Well,Hand Pump,Western,False,0,Nkeyema,2015,5GQ64X96+F9G
10.0,65.0,,11154.544363725548,139754.67582423176,5468.485327871425,11280.288025423142,-14.8011,24.69494722,Borehole/Tubewell,Hand Pump - India Mark,Well,Hand Pump,Western,False,0,Luampa,2018,5GQ65MXV+HX8
5.0,80.0,,8494.565767999342,145131.26327176514,5592.834256302122,8724.868553568806,-14.83689722,24.72885,Borehole/Tubewell,Hand Pump,Well,Hand Pump,Western,False,0,Kaoma,2016,5GQ65P7H+6GX
7.0,262.0,,5445.1113572063205,151883.72020762146,4257.623736330597,5436.4263065200375,-14.8215916,24.8444733,Borehole/Tubewell,Hand Pump,Well,Hand Pump,Western,False,0,Kaoma,2016,5GQ65RHV+9Q9
4.0,800.0,,3412.6582730436103,149842.2645464618,2879.035853145966,3274.829216605655,-14.80825,24.82936111,Borehole/Tubewell,Hand Pump - India Mark,Well,Hand Pump,Western,False,0,Kaoma,2017,5GQ65RRH+PP5
8.0,300.0,,10960.23775916412,155878.83521702545,9533.767855866916,10870.641390528574,-14.83809722,24.89294722,Borehole/Tubewell,Hand Pump,Well,Hand Pump,Western,False,0,Kaoma,2016,5GQ65V6V+Q58
4.0,779.0,,9693.45776535106,154310.03709255467,8563.904913609076,9527.09209242768,-14.82626,24.88477,Borehole/Tubewell,Hand Pump - India Mark,Well,Hand Pump,Western,False,0,Kaoma,2018,5GQ65VFM+FWR
5.0,174.0,,20472.512291419967,159671.54777277785,19570.73505220756,17910.453593555914,-14.8258,24.98702778,Borehole/Tubewell,Hand Pump - India Mark,Well,Hand Pump,Western,False,0,Nkeyema,2016,5GQ65XFP+MRJ
1.0,29.0,,16917.56333238338,134193.090711646,3242.186690655961,7200.71637089222,-14.776825,24.643385,Borehole/Tubewell,Hand Pump - India Mark,Well,Hand Pump,Western,False,0,Kaoma,2014,5GQ66JFV+79C
2.0,106.0,,15204.674221533363,136442.0381703566,3237.8342365369417,9029.753500988796,-14.791777,24.65764,Borehole/Tubewell,Hand Pump,Well,Hand Pump,Western,False,0,Kaoma,2014,5GQ66M55+73J
3.0,3448.0,,887.9929123762856,146301.87634708494,192.43194690884167,178.0898938304675,-14.79298889,24.79733056,Borehole/Tubewell,Hand Pump - India Mark,Well,Hand Pump,Western,True,0,Kaoma,2016,5GQ66Q4W+RW4
10.0,2353.0,,3253.4030005288587,144510.27951694198,2561.573414631915,76.61284857845715,-14.7715883,24.7965116,Borehole/Tubewell,Hand Pump,Well,Hand Pump,Western,False,0,Kaoma,2018,5GQ66QHW+9J6
8.0,2630.0,,3920.810254087652,143967.14654645493,3227.320400285582,242.37295761791003,-14.7656,24.79567778,Borehole/Tubewell,Hand Pump - India Mark,Well,Hand Pump,Western,False,0,Kaoma,2016,5GQ66QMW+Q77
3.0,209.0,,15167.960132041666,152243.6852431249,15008.079173581214,14597.87124130636,-14.77655,24.9372149,Borehole/Tubewell,Hand Pump - India Mark,Well,Hand Pump,Western,False,0,Nkeyema,2017,5GQ66WFP+9VP
0.0,258.0,,15690.528584817668,151991.5504782413,15577.77500514436,15098.588529533868,-14.7716283,24.9411683,Borehole/Tubewell,Hand Pump - Afridev,Well,Hand Pump,Western,False,0,Nkeyema,2017,5GQ66WHR+8FV
2.0,53.0,,83889.24882591033,98232.98619902854,31880.423539950498,19353.98668160338,-14.7046,24.02579,Borehole/Tubewell,Hand Pump - India Mark,Well,Hand Pump,Western,False,0,Kaoma,2018,5GQ672WG+587
8.0,283.0,,8168.871296990294,141446.83427601136,7544.587025624255,3596.365780782435,-14.729365,24.8172349,Borehole/Tubewell,Hand Pump,Well,Hand Pump,Western,False,0,Kaoma,2016,5GQ67RC8+7V5
8.0,83.0,,11137.536870865852,143342.7759355627,10713.26557643367,8544.128290023024,-14.7239416,24.8652133,Borehole/Tubewell,Hand Pump - India Mark,Well,Hand Pump,Western,False,0,Kaoma,2018,5GQ67VG8+C3G
1.0,17.0,,24357.08132976162,123368.72962909887,7764.728834769035,11208.148423678898,-14.67471,24.61324,Borehole/Tubewell,Hand Pump - India Mark,Well,Hand Pump,Western,False,0,Kaoma,2017,5GQ68JG7+479
,195.0,,70569.72232744344,89037.63059381033,9230.98662166599,347.5550107121823,-14.56581,24.18952,Protected Well,Hand Pump,Well,Hand Pump,Western,False,0,Kaoma,2021,5GQ6C5MQ+MRC
,537.0,,70731.30305289853,88636.3680477996,8872.343775721358,172.9868283465173,-14.56189,24.18952,Protected Well,Hand Pump,Well,Hand Pump,Western,False,0,Kaoma,2021,5GQ6C5QQ+6RR
,1465.0,,71201.02195839859,88015.08963874701,8569.621828370435,579.3400775286201,-14.55686,24.18692,Protected Well,Hand Pump,Well,Hand Pump,Western,False,0,Kaoma,2019,5GQ6C5VP+7Q3
,1767.0,,71045.42123255129,87981.69548126763,8340.185593490232,485.7284048118285,-14.55571,24.18897,Protected Well,Hand Pump,Well,Hand Pump,Western,False,0,Kaoma,2021,5GQ6C5VQ+PH9
,1696.0,,70781.91157633401,88179.92017645313,8302.966721648914,247.3155275540548,-14.55676,24.19117,Protected Well,Hand Pump,Well,Hand Pump,Western,False,0,Kaoma,2019,5GQ6C5VR+7FV
,2021.0,,70643.7409106605,88140.60623697448,8083.832486154069,103.24207713237188,-14.55561,24.19305,Protected Well,Hand Pump,Well,Hand Pump,Western,False,0,Kaoma,2021,5GQ6C5VV+Q63
,1808.0,,71447.48120411867,87624.9438598173,8320.926552229146,894.3582336586081,-14.55347,24.18588,Protected Well,Hand Pump,Well,Hand Pump,Western,False,0,Kaoma,2021,5GQ6C5WP+J96
,2352.0,,71173.57115534767,87666.55046038458,8054.106291557063,612.0061472047788,-14.55261,24.18901,Protected Well,Hand Pump,Well,Hand Pump,Western,False,0,Kaoma,2021,5GQ6C5WQ+XJ2
,2216.0,,70706.81411936884,88011.5417998698,7978.863621431203,146.38232009276567,-14.55439,24.19294,Protected Well,Hand Pump,Well,Hand Pump,Western,False,0,Kaoma,2021,5GQ6C5WV+65W
,2387.0,,70807.95777693612,87817.908166592,7828.699760388571,261.5360144558454,-14.55259,24.1927,Protected Well,Hand Pump,Well,Hand Pump,Western,False,0,Kaoma,2021,5GQ6C5WV+X38
,2328.0,,70514.91555611888,87970.9992143514,7691.077691437934,30.24210711747989,-14.55294,24.1955,Protected Well,Hand Pump,Well,Hand Pump,Western,False,0,Kaoma,2021,5GQ6C5WW+R6C
,1684.0,,71678.96293361855,87419.40567172435,8309.223896455842,1126.8556821277484,-14.55216,24.18412,Protected Well,Hand Pump,Well,Hand Pump,Western,False,0,Kaoma,2021,5GQ6C5XM+4JX
,1684.0,,71664.18693472026,87433.11462787479,8310.793764517239,1112.6071273369184,-14.55225,24.18423,Protected Well,Hand Pump,Well,Hand Pump,Western,False,0,Kaoma,2019,5GQ6C5XM+4M5
,1861.0,,71604.35089714035,87420.44107118949,8222.665112986346,1046.3475050534007,-14.55181,24.18502,Protected Well,Hand Pump,Well,Hand Pump,Western,False,0,Kaoma,2021,5GQ6C5XP+72C
,2648.0,,71195.19031740852,87490.872664232,7834.15446253477,654.9906031467726,-14.55063,24.18965,Protected Well,Hand Pump,Well,Hand Pump,Western,False,0,Kaoma,2019,5GQ6C5XQ+PVR
,2677.0,,70992.07833423404,87579.47251104728,7714.81596171422,477.4205904584872,-14.55067,24.19168,Protected Well,Hand Pump,Well,Hand Pump,Western,False,0,Kaoma,2019,5GQ6C5XR+PMM
,2488.0,,70548.50842412785,87849.89865628838,7560.623684294786,130.8149742714274,-14.55166,24.19572,Protected Well,Hand Pump,Well,Hand Pump,Western,False,0,Kaoma,2021,5GQ6C5XW+87Q
,2488.0,,70495.22327347304,87875.90680961763,7532.7780215758385,75.79092370518931,-14.5517,24.19624,Protected Well,Hand Pump,Well,Hand Pump,Western,False,0,Kaoma,2019,5GQ6C5XW+8FH
,2523.0,,70442.05110223501,87869.44148819036,7458.946010441361,18.87088314177828,-14.55135,24.19693,Protected Well,Hand Pump,Well,Hand Pump,Western,False,0,Kaoma,2021,5GQ6C5XW+FQ7
,2523.0,,70481.179614797,87804.49694128928,7414.356029306924,65.7024116222885,-14.55077,24.19679,Protected Well,Hand Pump,Well,Hand Pump,Western,False,0,Kaoma,2019,5GQ6C5XW+MPV
,1584.0,,69925.8753932682,88179.88080384953,7269.559873174535,409.2081603024031,-14.55241,24.20166,Protected Well,Hand Pump,Well,Hand Pump,Western,False,0,Kaoma,2021,5GQ6C6X2+2MM
8.0,384.0,,24890.18348987184,134185.72173168373,24297.93468152321,986.4960134619084,-14.58989722,24.87861944,Borehole/Tubewell,Hand Pump,Well,Hand Pump,Western,False,0,Kaoma,2017,5GQ6CV6H+2CX
8.0,132.0,,28536.92219600157,139112.60481224625,28055.65986143721,6040.089731945423,-14.58915,24.9498,Borehole/Tubewell,Hand Pump,Well,Hand Pump,Western,False,0,Kaoma,2018,5GQ6CW6X+8WV
2.0,118.0,,27894.711657247117,136804.65043567237,27433.4388679301,7090.583243306718,-14.59964,24.95452,Borehole/Tubewell,Hand Pump - India Mark,Well,Hand Pump,Western,False,0,Kaoma,2018,5GQ6CX23+4RR
8.0,220.0,,32323.229505925323,138024.62210560322,31837.38058067979,6713.708778349826,-14.5597,24.96783972,Borehole/Tubewell,Hand Pump,Well,Hand Pump,Western,False,0,Kaoma,2017,5GQ6CXR9+44G
,1655.0,,71833.05175472314,87001.26192023979,7910.082496505949,1293.4055143125502,-14.54799,24.18436,Protected Well,Hand Pump,Well,Hand Pump,Western,False,0,Kaoma,2021,5GQ6F52M+RQ6
,2849.0,,71060.0273005742,87360.95622923276,7488.32212194749,643.2849202842202,-14.5484,24.19199,Protected Well,Hand Pump,Well,Hand Pump,Western,False,0,Kaoma,2021,5GQ6F52R+JQX
,3203.0,,70659.94775966581,87492.25805259307,7187.808806705585,341.5645239453667,-14.54793,24.19624,Protected Well,Hand Pump,Well,Hand Pump,Western,False,0,Kaoma,2021,5GQ6F52W+RFH
,2949.0,,70466.42726236841,87639.95252268686,7161.63426727032,171.9213495668128,-14.54871,24.19785,Protected Well,Hand Pump,Well,Hand Pump,Western,False,0,Kaoma,2021,5GQ6F52X+G43
,987.0,,72052.11377719062,86714.0392998762,7768.993679294732,1540.6745424313478,-14.54564,24.18319,Protected Well,Hand Pump,Well,Hand Pump,Western,False,0,Kaoma,2021,5GQ6F53M+P7W
,1986.0,,71672.25797974151,86985.63126789565,7696.19499911084,1172.3043575464335,-14.54699,24.18643,Protected Well,Hand Pump,Well,Hand Pump,Western,False,0,Kaoma,2021,5GQ6F53P+6H3
,2559.0,,71242.78023990826,87105.0942989425,7347.038716594081,856.9922846317886,-14.54626,24.19109,Protected Well,Hand Pump,Well,Hand Pump,Western,False,0,Kaoma,2021,5GQ6F53R+FCW
,2967.0,,71039.41798545969,87159.09556172314,7176.234557779558,711.9065598333533,-14.54587,24.19332,Protected Well,Hand Pump,Well,Hand Pump,Western,False,0,Kaoma,2021,5GQ6F53V+M84
,1755.0,,71708.16758380485,86736.7824736988,7388.190498743201,1320.487464117557,-14.5442,24.1873,Protected Well,Hand Pump,Well,Hand Pump,Western,False,0,Kaoma,2019,5GQ6F54P+8WF
,2163.0,,71339.29482807488,86905.98648898846,7181.061228841195,1007.004466515036,-14.54436,24.19096,Protected Well,Hand Pump,Well,Hand Pump,Western,False,0,Kaoma,2021,5GQ6F54R+794
,3274.0,,70762.62608359262,87162.15203208159,6840.305026726944,442.1801366576356,-14.54447,24.19675,Protected Well,Hand Pump,Well,Hand Pump,Western,False,0,Kaoma,2019,5GQ6F54W+6P6
,1696.0,,71565.46857851984,86641.20146434296,7078.92972629006,1249.469787187689,-14.54233,24.18958,Protected Well,Hand Pump,Well,Hand Pump,Western,False,0,Kaoma,2019,5GQ6F55Q+3R8
,1725.0,,71554.10950146467,86527.40636064182,6902.031043925888,1230.604544382847,-14.5409,24.19034,Protected Well,Hand Pump,Well,Hand Pump,Western,False,0,Kaoma,2021,5GQ6F55R+J4W
,1915.0,,71310.50476819322,86611.92969501467,6723.74115386119,990.7408886949344,-14.54066,24.19292,Protected Well,Hand Pump,Well,Hand Pump,Western,False,0,Kaoma,2021,5GQ6F55V+P5M
,2086.0,,70730.18344074754,86698.32651725686,6124.150263856991,647.9923447859451,-14.53863,24.19975,Protected Well,Hand Pump,Well,Hand Pump,Western,False,0,Kaoma,2019,5GQ6F56X+GWR
,1755.0,,70961.48602370589,86529.13668080483,6167.565274172898,833.6598847594644,-14.5378,24.19778,Protected Well,Hand Pump,Well,Hand Pump,Western,False,0,Kaoma,2021,5GQ6F56X+V4J
,1465.0,,70967.85971637529,86410.03829412188,6000.359552503066,938.3126574140592,-14.53637,24.19838,Protected Well,Hand Pump,Well,Hand Pump,Western,False,0,Kaoma,2021,5GQ6F57X+C8W
,2033.0,,70069.83015681844,87915.27680679153,7067.840710351039,220.9030502824841,-14.55002,24.20129,Protected Well,Hand Pump,Well,Hand Pump,Western,False,0,Kaoma,2021,5GQ6F622+2G7
,1643.0,,69839.81482272704,87950.46702753313,6833.127735465811,464.46621457513487,-14.54918,24.20398,Protected Well,Hand Pump,Well,Hand Pump,Western,False,0,Kaoma,2019,5GQ6F623+8HH
,1980.0,,69992.50225569935,87853.42497471733,6882.920032886535,310.46833113364687,-14.54882,24.2026,Protected Well,Hand Pump,Well,Hand Pump,Western,False,0,Kaoma,2021,5GQ6F623+F2H
,2559.0,,70101.12728528786,87652.5791342234,6727.5962951549045,216.17030763448497,-14.54694,24.20234,Protected Well,Hand Pump,Well,Hand Pump,Western,False,0,Kaoma,2019,5GQ6F632+6WG
,2559.0,,70169.176504511,87613.8408766464,6756.324250994913,147.05159615064872,-14.54683,24.2017,Protected Well,Hand Pump,Well,Hand Pump,Western,False,0,Kaoma,2021,5GQ6F632+7M8
,2931.0,,70197.54221055473,87503.94327971355,6632.300608170364,126.06699492006082,-14.54564,24.20195,Protected Well,Hand Pump,Well,Hand Pump,Western,False,0,Kaoma,2021,5GQ6F632+PQW
,2358.0,,70011.7875643443,87690.8613481855,6671.524851069021,309.0748381483811,-14.54693,24.20325,Protected Well,Hand Pump,Well,Hand Pump,Western,False,0,Kaoma,2021,5GQ6F633+68C
,2429.0,,69969.12872574941,87636.04742590363,6538.271721330497,294.689772401691,-14.54603,24.20409,Protected Well,Hand Pump,Well,Hand Pump,Western,False,0,Kaoma,2021,5GQ6F633+HJH
,2937.0,,70207.9706322677,87402.91284913287,6498.275804808656,52.785739494732056,-14.54446,24.20238,Protected Well,Hand Pump,Well,Hand Pump,Western,False,0,Kaoma,2021,5GQ6F642+6X6
,2866.0,,70242.0798992057,87277.82764076481,6358.3847906374685,63.264843991467295,-14.54311,24.20265,Protected Well,Hand Pump,Well,Hand Pump,Western,False,0,Kaoma,2019,5GQ6F643+Q32
,2665.0,,69984.5512742065,87428.21972571328,6253.5014348197055,106.0757870276016,-14.54356,24.20506,Protected Well,Hand Pump,Well,Hand Pump,Western,False,0,Kaoma,2019,5GQ6F644+H2F
,2612.0,,69909.39637487876,87412.9547940623,6135.572104438962,99.87069340611149,-14.54296,24.2061,Protected Well,Hand Pump,Well,Hand Pump,Western,False,0,Kaoma,2021,5GQ6F644+RCF
,2405.0,,70390.13659966992,86999.46927755028,6136.817076872722,331.5907690789681,-14.54049,24.20235,Protected Well,Hand Pump,Well,Hand Pump,Western,False,0,Kaoma,2019,5GQ6F652+RW5
,2588.0,,70582.03597997042,86877.40931766479,6200.149685683521,467.6169837435361,-14.54003,24.20061,Protected Well,Hand Pump,Well,Hand Pump,Western,False,0,Kaoma,2019,5GQ6F652+X6Q
,2116.0,,70470.72446715075,86830.83628846101,5990.383637813771,494.32275457373,-14.53885,24.20229,Protected Well,Hand Pump,Well,Hand Pump,Western,False,0,Kaoma,2019,5GQ6F662+FW7
,1991.0,,70695.2359066803,86630.95837657474,5980.5255878193575,702.7018507994546,-14.53761,24.20058,Protected Well,Hand Pump,Well,Hand Pump,Western,False,0,Kaoma,2021,5GQ6F662+X64
,2263.0,,70027.25266234342,87042.4448304603,5736.919591994238,98.02056209153083,-14.53902,24.20673,Protected Well,Hand Pump,Well,Hand Pump,Western,False,0,Kaoma,2021,5GQ6F664+9MX
,2263.0,,69993.85930379151,87030.1425201384,5675.507156309065,90.95507355727784,-14.53868,24.20723,Protected Well,Hand Pump,Well,Hand Pump,Western,False,0,Kaoma,2019,5GQ6F664+GVH
,2263.0,,70002.32082147813,87016.70449814227,5666.346804866313,103.709970008378,-14.53856,24.2072,Protected Well,Hand Pump,Well,Hand Pump,Western,False,0,Kaoma,2019,5GQ6F664+HVG
,2181.0,,70061.60429271997,86909.00978177978,5581.813256321833,207.93676372905003,-14.53755,24.20707,Protected Well,Hand Pump,Well,Hand Pump,Western,False,0,Kaoma,2019,5GQ6F664+XRP
,2204.0,,69908.781276345,87138.2619026988,5727.221423055957,15.754668898996176,-14.53955,24.20769,Protected Well,Hand Pump,Well,Hand Pump,Western,False,0,Kaoma,2019,5GQ6F665+53P
,2045.0,,69787.76175188512,87181.56517926832,5635.617945697032,71.59483526182248,-14.53941,24.20899,Protected Well,Hand Pump,Well,Hand Pump,Western,False,0,Kaoma,2019,5GQ6F665+6HQ
,2204.0,,69919.77110853087,87100.4019100312,5684.861808644604,17.039084841630245,-14.53914,24.20777,Protected Well,Hand Pump,Well,Hand Pump,Western,False,0,Kaoma,2019,5GQ6F665+84R
,1991.0,,69824.03858801519,87098.72344093389,5558.469191929606,5.467104337747755,-14.53858,24.20901,Protected Well,Hand Pump,Well,Hand Pump,Western,False,0,Kaoma,2019,5GQ6F665+HJ6
,596.0,,68850.51652053901,87538.63441571152,4945.539079717482,38.25479559433505,-14.5385,24.219,Protected Well,Hand Pump,Well,Hand Pump,Western,False,0,Kaoma,2019,5GQ6F669+JJ2
,2104.0,,70060.46556846298,86862.27154528009,5510.253909772895,250.86369296934276,-14.53696,24.20736,Protected Well,Hand Pump,Well,Hand Pump,Western,False,0,Kaoma,2021,5GQ6F674+6W9
,1832.0,,69971.74011383287,86898.38178537681,5449.321938958609,203.19940289623324,-14.53691,24.20829,Protected Well,Hand Pump,Well,Hand Pump,Western,False,0,Kaoma,2019,5GQ6F675+68M
,1324.0,,69602.4855733812,87083.88114594908,5247.005703586383,116.17766551631084,-14.53713,24.21196,Protected Well,Hand Pump,Well,Hand Pump,Western,False,0,Kaoma,2021,5GQ6F676+4QW
,1282.0,,69695.67795336792,86914.31651571764,5112.136905513336,5.767137266998018,-14.53553,24.21177,Protected Well,Hand Pump,Well,Hand Pump,Western,False,0,Kaoma,2019,5GQ6F676+QPJ
,1040.0,,69276.92655297095,87231.7491938584,5042.738152326282,85.57656459796782,-14.53711,24.2153,Protected Well,Hand Pump,Well,Hand Pump,Western,False,0,Kaoma,2019,5GQ6F678+543
,1040.0,,69267.6816150658,87218.64847641937,5010.488136185116,54.78396232777976,-14.53689,24.2155,Protected Well,Hand Pump,Well,Hand Pump,Western,False,0,Kaoma,2021,5GQ6F678+66R
,1684.0,,70135.9110473933,86642.85000760459,5277.964281803076,409.6518597566658,-14.53464,24.20769,Protected Well,Hand Pump,Well,Hand Pump,Western,False,0,Kaoma,2019,5GQ6F685+43W
8.0,0.0,,32155.842563948147,127391.25503557143,31522.664990232846,4309.229091387746,-14.51826,24.86794,Borehole/Tubewell,Hand Pump,Well,Hand Pump,Western,False,0,Kaoma,2017,5GQ6FVJ9+M5W
9.0,136.0,,33141.183399030204,135136.938019301,32614.796797939616,4325.4681900735,-14.5402,24.95002,Borehole/Tubewell,Hand Pump,Well,Hand Pump,Western,False,0,Kaoma,2018,5GQ6FX52+W2C
11.0,48.0,,35035.46873704659,134406.6989302233,34507.86426556611,4061.3449021653714,-14.524936,24.958013,Borehole/Tubewell,Hand Pump,Well,Hand Pump,Western,False,0,Kaoma,2018,5GQ6FXG5+26C
2.0,160.0,,68705.47048410882,196369.88689796667,67492.45164011823,19840.180236126587,-14.92464,25.42417,Borehole/Tubewell,Hand Pump - India Mark,Well,Hand Pump,Western,False,0,Nkeyema,2018,5GQ73CGF+4MV
5.0,122.0,,33035.769414145245,171645.65856302157,31614.40260287057,8676.248322852824,-14.8896,25.09166,Borehole/Tubewell,Hand Pump,Well,Hand Pump,Western,False,0,Nkeyema,2016,5GQ7436R+5M7
5.0,248.0,,37902.749084008894,171642.2664578831,36863.52138449982,1522.7008192566846,-14.85305,25.1466,Borehole/Tubewell,Hand Pump,Well,Hand Pump,Western,False,0,Nkeyema,2014,5GQ744WW+QJQ
2.0,122.0,,46184.94812397713,179709.45145460058,44937.06080322727,1862.6137056872217,-14.89349,25.217,Borehole/Tubewell,Hand Pump,Well,Hand Pump,Western,False,0,Nkeyema,2014,5GQ74648+JR2
2.0,118.0,,49048.84184865039,180948.47753571108,47874.369106607,923.9874619634104,-14.88652,25.24571,Borehole/Tubewell,Hand Pump,Well,Hand Pump,Western,False,0,Nkeyema,2014,5GQ7467W+97W
4.0,272.0,,27276.743107932933,164418.8763054689,26274.21335046838,11188.616430329264,-14.83869444,25.04898056,Borehole/Tubewell,Hand Pump - India Mark,Well,Hand Pump,Western,False,0,Nkeyema,2016,5GQ7526X+GHH
2.0,83.0,,23467.92366838064,161821.55400135956,22502.186918808056,14949.451185370275,-14.832392,25.014172,Borehole/Tubewell,Hand Pump - India Mark,Well,Hand Pump,Western,False,0,Nkeyema,2016,5GQ75297+2MV
10.0,80.0,,22623.30412333181,159188.41005525747,21991.17367568612,15899.048009237093,-14.80769722,25.00861111,Borehole/Tubewell,Hand Pump - India Mark,Well,Hand Pump,Western,False,0,Nkeyema,2017,5GQ752R5+WCH
10.0,66.0,,22923.267595422847,159376.4576593569,22285.801852902183,15599.793870830608,-14.808,25.01138889,Borehole/Tubewell,Hand Pump - India Mark,Well,Hand Pump,Western,False,0,Nkeyema,2017,5GQ752R6+RH2
5.0,38.0,,23706.74896631464,159399.51059707673,23124.18812450355,14940.451265084756,-14.80367,25.018771,Borehole/Tubewell,Hand Pump - India Mark,Well,Hand Pump,Western,False,0,Nkeyema,2016,5GQ752W9+GGJ
4.0,164.0,,28239.646958924182,165489.09514338442,27175.773928751143,10359.47697795476,-14.84519722,25.05694444,Borehole/Tubewell,Hand Pump,Well,Hand Pump,Western,False,0,Nkeyema,2015,5GQ75334+WQG
8.0,153.0,,29028.709240023418,164940.5075476207,28100.315168162768,9353.821670278516,-14.83337,25.0661749,Borehole/Tubewell,Hand Pump - India Mark,Well,Hand Pump,Western,False,0,Nkeyema,2018,5GQ75388+MF3
0.0,220.0,,27597.152196935232,163934.3623247439,26685.943145710327,10777.693141703676,-14.83087,25.05309,Borehole/Tubewell,Hand Pump - India Mark,Well,Hand Pump,Western,False,0,Nkeyema,2016,5GQ75393+M64
5.0,101.0,,28051.99335144593,164037.97303600365,27163.13382113522,10316.163135004284,-14.82914,25.05755,Borehole/Tubewell,Hand Pump - India Mark,Well,Hand Pump,Western,False,0,Nkeyema,2015,5GQ753C5+82V
5.0,115.0,,28617.06719054709,164351.45790792117,27731.588297439677,9750.57733771243,-14.829141,25.0628316,Borehole/Tubewell,Hand Pump - India Mark,Well,Hand Pump,Western,False,0,Nkeyema,2015,5GQ753C7+84W
7.0,223.0,,33665.05557615211,168358.32716465223,32678.16393613017,4827.333121160438,-14.84289722,25.10833333,Borehole/Tubewell,Hand Pump - India Mark,Well,Hand Pump,Western,False,0,Nkeyema,2016,5GQ75445+R8W
5.0,251.0,,33047.104860289226,167863.89280949085,32071.05474537198,5407.857215620199,-14.84119722,25.10277778,Borehole/Tubewell,Hand Pump - India Mark,Well,Hand Pump,Western,False,0,Nkeyema,2016,5GQ75453+G4C
7.0,304.0,,36178.20380270869,167751.9544106806,35419.468216508365,2978.7618616302902,-14.81849972,25.13416667,Borehole/Tubewell,Hand Pump,Well,Hand Pump,Western,False,0,Nkeyema,2018,5GQ754JM+JM3
0.0,34.0,,47607.47069854359,176392.90151041013,46721.47266534576,4240.023065558348,-14.8394366,25.2390716,Borehole/Tubewell,Hand Pump - India Mark,Well,Hand Pump,Western,False,0,Nkeyema,2016,5GQ7566Q+6JG
2.0,66.0,,63199.49176762316,183971.9739080951,62510.01357553135,16916.8281902645,-14.80777,25.38561,Borehole/Tubewell,Hand Pump - India Mark,Well,Hand Pump,Western,False,0,Nkeyema,2018,5GQ759RP+V6X
4.0,0.0,,84536.9807527245,192385.22014333063,83772.17892754686,36769.37546300372,-14.82586111,25.58346944,Borehole/Tubewell,Hand Pump - India Mark,Well,Hand Pump,Central,False,0,Mumbwa,2016,5GQ75HFM+M95
0.0,118.0,,26230.850646298048,160291.9756184217,25696.93488459025,12707.410377089524,-14.79842,25.04222,Borehole/Tubewell,Hand Pump - India Mark,Well,Hand Pump,Western,False,0,Nkeyema,2016,5GQ7622R+JVQ
5.0,146.0,,25937.208354374117,159875.7986664191,25434.026429844937,13093.464993875818,-14.79569722,25.03944444,Borehole/Tubewell,Hand Pump - India Mark,Well,Hand Pump,Western,False,0,Nkeyema,2016,5GQ7623Q+PQG
0.0,66.0,,42551.35182630964,167518.90979363848,42121.97180049402,8415.298328392302,-14.77284,25.19276,Borehole/Tubewell,Hand Pump - India Mark,Well,Hand Pump,Western,False,0,Nkeyema,2016,5GQ765GV+V46
0.0,125.0,,58508.45451126999,177946.68817789917,58006.51869595498,15468.66658280783,-14.77345,25.3413,Borehole/Tubewell,Hand Pump - India Mark,Well,Hand Pump,Western,False,0,Nkeyema,2016,5GQ768GR+JGF
9.0,10.0,,33313.370465546366,158571.85803776767,33147.308114058746,12297.93514872296,-14.73909722,25.10138889,Borehole/Tubewell,Hand Pump,Well,Hand Pump,Western,False,0,Nkeyema,2018,5GQ77462+9H6
0.0,48.0,,51307.2992992097,163378.54900897268,51242.90966611319,21578.60325295508,-14.671,25.25595,Borehole/Tubewell,Hand Pump - India Mark,Well,Hand Pump,Western,False,0,Nkeyema,2016,5GQ787H4+J94
7.0,34.0,,44065.13168398874,155350.53438048044,43919.91617647087,21581.850335766616,-14.6444,25.17482778,Borehole/Tubewell,Hand Pump,Well,Hand Pump,Western,False,0,Nkeyema,2018,5GQ7954F+6WW
5.0,0.0,,92921.84271530747,165663.21466442203,92819.71036186937,52791.73906465765,-14.58392,25.632,Borehole/Tubewell,Hand Pump,Well,Hand Pump,Central,False,0,Mumbwa,2018,5GQ7CJ8J+CRJ
0.0,21.0,171267.62986493262,40681.7889693569,161230.64271078695,41278.82181516237,11105.045158595,-14.6544,26.896,Borehole/Tubewell,Motorized Pump,Well,Motorized Pump,Central,False,0,Mumbwa,2013,5GQ88VWW+6CR
0.0,86.0,167625.5111689055,35604.497836746,157768.0982635823,36193.288301324304,6239.717524989413,-14.69939,26.909,Borehole/Tubewell,Motorized Pump,Well,Motorized Pump,Central,False,0,Mumbwa,2013,5GQ88W25+6JR
10.0,219.0,69059.59745560704,60595.51165370181,57552.0670929373,9278.715089072704,56.17650744286725,-14.990041666666665,27.81283,Borehole/Tubewell,Hand Pump - India Mark,Well,Hand Pump,Central,False,0,Chibombo,2014,5GQ92R57+X4P
31.0,146.0,72056.77958415808,61452.70422784225,60379.598792705605,5897.547309068668,38.49431667255269,-14.958688333333336,27.80521833333333,Borehole/Tubewell,Hand Pump - India Mark,Well,Hand Pump,Central,False,0,Chibombo,2014,5GQ92RR4+G3G
9.0,382.0,60345.19925086442,49084.09441650564,48240.0454982149,9640.642456694568,9892.955616549008,-14.999455,27.92019,Borehole/Tubewell,Hand Pump - India Mark,Well,Hand Pump,Central,False,0,Chibombo,2014,5GQ92W2C+638
22.0,284.0,62717.93883337414,46140.86214845927,50258.331313947965,4320.581436958345,4509.801841533652,-14.951636666666666,27.948136666666663,Protected Well,Hand Pump - India Mark,Well,Hand Pump,Central,False,0,Chibombo,2014,5GQ92WXX+87R
0.0,320.0,145555.44153613978,8116.736397955676,136366.0769754549,8718.756671253392,2023.07720359788,-14.91903,27.02839,Borehole/Tubewell,Motorized Pump,Well,Motorized Pump,Central,False,0,Mumbwa,2013,5GQ932JH+99J
0.0,533.0,141447.68837797907,5866.982346198062,132257.4779794908,6543.990478292125,5015.202167633602,-14.93205,27.06416,Borehole/Tubewell,Motorized Pump,Well,Motorized Pump,Central,False,0,Mumbwa,2013,5GQ93397+5MM
0.0,73.0,80159.41497675455,69028.37862663652,68620.27518763176,2477.2818724495637,2698.7617155104263,-14.921783333333334,27.73721833333333,Borehole/Tubewell,Hand Pump - India Mark,Well,Hand Pump,Central,False,0,Chibombo,2014,5GQ93PHP+7VP
27.0,101.0,80975.65513167415,69080.82670303245,69364.09694925204,1205.1672768593592,1591.3756747452878,-14.910305,27.73795833333333,Protected Well,Hand Pump - Rope,Well,,Central,False,0,Chibombo,2014,5GQ93PQQ+V5G
14.0,459.0,81968.86716734334,70072.44289530082,70378.11271593059,841.2503617130265,843.910828538098,-14.906261666666667,27.729163333333336,Borehole/Tubewell,Hand Pump - India Mark,Well,Hand Pump,Central,False,0,Chibombo,2014,5GQ93PVH+FMV
5.0,569.0,82051.61854158419,69828.33405816967,70424.58288399904,386.8878767194866,500.1224427970183,-14.902366666666667,27.73193666666667,Borehole/Tubewell,Hand Pump - India Mark,Well,Hand Pump,Central,False,0,Chibombo,2014,5GQ93PXJ+3Q3
3.0,215.0,76388.70253287435,62729.34516414456,64485.56536782222,797.5561802071929,1763.5195596397723,-14.9117044,27.7972255,Borehole/Tubewell,,Well,,Central,False,0,Chibombo,2021,5GQ93QQW+8V9
10.0,870.0,78453.63041837547,64933.48522012595,66608.95920998244,145.15634750165478,317.2811574996836,-14.904073333333336,27.777573333333333,Borehole/Tubewell,Hand Pump - India Mark,Well,Hand Pump,Central,False,0,Chibombo,2014,5GQ93QWH+92G
,837.0,78356.29999222409,64719.63777823099,66497.4363523637,44.77336824389584,534.4238948460618,-14.90334,27.779678,Borehole/Tubewell,,Well,,Central,False,0,Chibombo,2022,5GQ93QWH+MV7
,272.0,77698.54095712745,63755.26859295136,65794.4538182836,55.59348158023147,1480.0392365443608,-14.903215,27.788738,Borehole/Tubewell,,Well,,Central,False,0,Chibombo,2022,5GQ93QWQ+PF9
3.0,288.0,76924.31256399049,62706.552998325584,64976.53127548499,62.68036684325292,2323.963813455955,-14.904007,27.798463,Borehole/Tubewell,,Well,,Central,False,0,Chibombo,2022,5GQ93QWX+99W
2.0,162.0,71843.94941926621,58429.31713512869,59861.23193178942,2902.8884818704178,3978.305815982229,-14.93376,27.835013,Borehole/Tubewell,,Well,,Central,False,0,Chibombo,2022,5GQ93R8P+F2R
3.0,508.0,74113.56033252137,59226.75341367131,62042.51535282056,369.2736353362008,4860.93190039617,-14.91055,27.83019,Borehole/Tubewell,,Well,,Central,False,0,Chibombo,2022,5GQ93RQJ+Q3P
9.0,528.0,74875.66885671695,59965.18245866812,62818.54622763612,1.7771707318808638,4601.373916515561,-14.906843333333333,27.823778333333333,Borehole/Tubewell,Hand Pump - India Mark,Well,Hand Pump,Central,False,0,Chibombo,2014,5GQ93RVF+7G6
18.0,520.0,74913.92885890674,59869.03893379087,62845.20248529274,161.7031027881801,4764.366675018373,-14.905454999999998,27.82487833333333,Borehole/Tubewell,Hand Pump - India Mark,Well,Hand Pump,Central,False,0,Chibombo,2014,5GQ93RVF+RX6
3.0,508.0,74942.47418891623,59897.32223995236,62874.31772224368,174.8988411234984,4744.691000517807,-14.9053211,27.8246322,Borehole/Tubewell,Hand Pump - India Mark,Well,Hand Pump,Central,False,0,Chibombo,2021,5GQ93RVF+WVG
4.0,288.0,76794.1295805305,62462.57051714151,64832.40291564601,140.6649791096775,2569.0101021974865,-14.903507,27.8008222,Borehole/Tubewell,,Well,,Central,False,0,Chibombo,2022,5GQ93RW2+H8W
3.0,162.0,70878.69484381701,55911.20219976333,58729.53379395823,1757.35083804399,6785.322804878436,-14.92473,27.85946,Borehole/Tubewell,,Well,,Central,False,0,Chibombo,2021,5GQ93VG5+4Q4
2.0,146.0,70405.0874064751,54757.167969149305,58187.70653674373,1313.3982872198656,8021.25021456705,-14.92134,27.87066,Borehole/Tubewell,,Well,,Central,False,0,Chibombo,2021,5GQ93VHC+F77
4.0,292.0,71137.45354291932,55354.70097144032,58924.71870777258,839.6972911928732,7755.427755057777,-14.9167677,27.8656477,Borehole/Tubewell,,Well,,Central,False,0,Chibombo,2022,5GQ93VM8+77R
3.0,362.0,71337.0646371564,55174.93283485564,59097.56864374059,377.1424010815725,7821.3448546244035,-14.912707,27.867887,Borehole/Tubewell,,Well,,Central,False,0,Chibombo,2022,5GQ93VP9+W56
1.0,390.0,70027.67365236452,52850.32777920911,57683.95726019515,60.84596509030266,5662.072416230951,-14.911058,27.889948,Borehole/Tubewell,,Well,,Central,False,0,Chibombo,2021,5GQ93VQQ+HXG
2.0,386.0,72283.93250575817,56237.28371428495,60073.37667983409,38.59280058319565,7432.973512290678,-14.909116,27.858433,Borehole/Tubewell,,Well,,Central,False,0,Chibombo,2021,5GQ93VR5+993
3.0,321.0,71095.51469854378,54124.50786443843,58788.13549625685,279.98062107881526,6532.658133452888,-14.90737,27.87854,Borehole/Tubewell,,Well,,Central,False,0,Chibombo,2022,5GQ93VVH+3C3
1.0,349.0,70880.7099442509,53650.5300071452,58549.88980620989,413.848727178541,6048.473967775372,-14.90639,27.88315,Borehole/Tubewell,,Well,,Central,False,0,Chibombo,2020,5GQ93VVM+C7R
3.0,199.0,70224.03098103707,52325.36244147928,57832.126204964,696.2100980283028,4747.980016126229,-14.90454,27.89592,Borehole/Tubewell,,Well,,Central,False,0,Chibombo,2021,5GQ93VWW+59M
1.0,223.0,67809.78789208288,49789.25285537227,55363.41969235568,434.86420602751326,3510.6086424198043,-14.91601,27.917956,Borehole/Tubewell,,Well,,Central,False,0,Chibombo,2020,5GQ93WM9+H5W
1.0,122.0,68775.55429262233,50964.70441748232,56361.92012963975,125.00765739842328,4115.101050931395,-14.91259,27.90743,Borehole/Tubewell,,Well,,Central,False,0,Chibombo,2020,5GQ93WP4+XX7
4.0,504.0,67406.6523844369,48706.06800222049,54909.95403560896,71.52035676300112,2303.657737118383,-14.9133,27.92855,Borehole/Tubewell,,Well,,Central,False,0,Chibombo,2022,5GQ93WPH+MCM
2.0,516.0,67198.47597284596,48232.51455064655,54682.27752265627,39.48691879304236,1806.353696861007,-14.912564,27.933122,Borehole/Tubewell,,Well,,Central,False,0,Chibombo,2021,5GQ93WPM+X6H
3.0,187.0,69331.6029957596,51609.93002249382,56934.932449090826,80.17342214946679,4525.00027054919,-14.910422,27.901701,Borehole/Tubewell,,Well,,Central,False,0,Chibombo,2022,5GQ93WQ2+RMP
4.0,573.0,67003.36730282394,47592.83234150361,54458.5586897566,295.83467577748974,1090.797355305482,-14.9105799,27.9394711,Borehole/Tubewell,,Well,,Central,False,0,Chibombo,2022,5GQ93WQQ+QQ9
8.0,1810.0,66353.4670867637,46514.61863139571,53775.09145540134,20.04071721260532,64.97194476955553,-14.911253333333333,27.949513333333336,Borehole/Tubewell,Hand Pump - India Mark,Well,Hand Pump,Central,False,0,Chibombo,2014,5GQ93WQX+FRR
3.0,101.0,68632.98772064743,49241.15891379634,56116.80799543686,1161.847039547468,1850.73776430018,-14.901958,27.925449,Borehole/Tubewell,,Well,,Central,False,0,Chibombo,2022,5GQ93WXG+658
0.0,272.0,63922.80395019988,45775.38895336055,51392.71053185389,2677.094829097506,2709.008546348984,-14.935223333333331,27.95305,Borehole/Tubewell,Hand Pump - India Mark,Well,Hand Pump,Central,False,0,Chibombo,2014,5GQ93X73+W67
1.0,492.0,65376.042850673366,45971.55772927633,52803.83532331443,997.7900146403052,1001.087548697323,-14.919379,27.953309,Borehole/Tubewell,Hand Pump - India Mark,Well,Hand Pump,Central,False,0,Chibombo,2021,5GQ93XJ3+789
8.0,1712.0,66107.96294354199,46011.95816469267,53512.766947068485,130.76630368911646,462.3036319750855,-14.910926666666668,27.95430666666667,Borehole/Tubewell,Hand Pump - India Mark,Well,Hand Pump,Central,False,0,Chibombo,2014,5GQ93XQ3+JPF
,1887.0,66578.0664852549,46433.201012523874,53987.83003548723,282.6671087753164,165.3631184156228,-14.908025,27.950847,Borehole/Tubewell,,Well,,Central,False,0,Chibombo,2022,5GQ93XR2+Q8X
2.0,1826.0,66425.20633786973,46191.4782918314,53828.21562449893,186.7125437470752,391.83967785587606,-14.90829,27.95308,Borehole/Tubewell,,Well,,Central,False,0,Chibombo,2021,5GQ93XR3+M6P
1.0,1488.0,66139.27941657537,45706.53623861976,53528.39587068706,18.191334705163897,855.0067555611615,-14.908593,27.957601,Borehole/Tubewell,,Well,,Central,False,0,Chibombo,2020,5GQ93XR5+H29
33.0,541.0,82679.20200835695,70414.16398781161,71060.19605749818,98.831880367034,270.6575199762127,-14.899331666666669,27.726845000000004,Borehole/Tubewell,Hand Pump - India Mark,Well,Hand Pump,Central,False,0,Chibombo,2014,5GQ94P2G+7P9
3.0,288.0,81331.16475622899,68411.54200811265,69610.65307560997,232.65666316906675,3157.576922437768,-14.89791,27.74581,Borehole/Tubewell,,Well,,Central,False,0,Chibombo,2022,5GQ94P2W+R8M
1.0,244.0,86568.04768640087,71412.28486309822,74705.38027025039,5242.137128968341,427.2660734750644,-14.850767,27.725791,Borehole/Tubewell,,Well,,Central,False,0,Chibombo,2020,5GQ94PXG+M8V
1.0,252.0,79672.66761595602,65519.95346363776,67787.46255620175,1103.6923193788286,1122.0009055770834,-14.89241,27.773762,Borehole/Tubewell,,Well,,Central,False,0,Chibombo,2020,5GQ94Q5F+2GJ
2.0,93.0,80808.36150200624,64576.11438560187,68743.21344469157,4071.786794175293,4189.809042369816,-14.866647,27.787292,Borehole/Tubewell,,Well,,Central,False,0,Chibombo,2021,5GQ94QMP+8WV
2.0,65.0,81634.350725029,64523.90273587305,69504.84112378486,5482.970687279123,4346.5939832990725,-14.85412,27.7905,Borehole/Tubewell,,Well,,Central,False,0,Chibombo,2021,5GQ94QWR+962
2.0,73.0,76458.63581613131,61053.815144567874,64388.26873305174,1216.6937688612063,4391.536253045659,-14.89502,27.81534,Borehole/Tubewell,,Well,,Central,False,0,Chibombo,2021,5GQ94R38+X4W
2.0,195.0,75613.60313653594,59934.7104767018,63501.77272640498,1156.642201208506,5252.645214927987,-14.89649,27.82563,Borehole/Tubewell,,Well,,Central,False,0,Chibombo,2021,5GQ94R3G+C72
4.0,93.0,78494.97425509283,62817.06897173516,66438.7922462089,2406.776381894196,3538.7388460745547,-14.88294,27.80079,Borehole/Tubewell,,Well,,Central,False,0,Chibombo,2022,5GQ94R82+R8F
1.0,122.0,79495.41415635117,62952.7365559359,67379.44952099655,3845.228789204722,4638.560336713939,-14.869992,27.801988,Borehole/Tubewell,,Well,,Central,False,0,Chibombo,2020,5GQ94RJ2+2Q5
2.0,77.0,80500.1073411701,62354.34579169242,68266.11083121228,6144.348432599357,5938.474165835059,-14.850023,27.812153,Borehole/Tubewell,,Well,,Central,False,0,Chibombo,2021,5GQ94RX6+XVR
3.0,191.0,72492.18022757098,54210.1058736506,60114.90373123971,2220.398006861228,5383.063500888371,-14.88993,27.88077,Borehole/Tubewell,,Well,,Central,False,0,Chibombo,2022,5GQ94V6J+28C
,162.0,73915.56395594389,54140.01025780272,61461.17929527484,4370.957358851426,3948.2298994698153,-14.870703,27.885563,Borehole/Tubewell,,Well,,Central,False,0,Chibombo,2021,5GQ94VHP+P68
0.0,138.0,73146.21416889619,53060.85791970971,60660.75377759195,4234.7793006954735,3068.75023159214,-14.87249,27.89543,Borehole/Tubewell,,Well,,Central,False,0,Chibombo,2020,5GQ94VHW+253
2.0,187.0,73944.03334335674,53955.12245684388,61476.58069385337,4583.913625284168,3657.419947417688,-14.86889,27.88776,Borehole/Tubewell,,Well,,Central,False,0,Chibombo,2020,5GQ94VJQ+C4R
3.0,69.0,76193.10431006618,57131.16712147548,63822.63771379113,4911.920308194403,6588.508397589658,-14.864311,27.8585555,Borehole/Tubewell,,Well,,Central,False,0,Chibombo,2021,5GQ94VP5+7CF
9.0,89.0,121258.15334168912,35048.67962144922,110794.06542173434,15722.671474551393,20729.464407135216,-14.817265,27.337686666666663,Borehole/Tubewell,Hand Pump - India Mark,Well,Hand Pump,Central,False,0,Chibombo,2014,5GQ958MQ+33V
22.0,183.0,100642.19062978373,57806.36565941988,89309.17645210114,6767.164139702536,7418.675689387658,-14.823415,27.572268333333334,Borehole/Tubewell,Hand Pump - India Mark,Well,Hand Pump,Central,False,0,Chibombo,2014,5GQ95HGC+JWJ
9.0,187.0,100664.77874489708,57868.36301079888,89326.40715733447,6833.544487229469,7345.911793087016,-14.822693333333332,27.572631666666663,Borehole/Tubewell,Hand Pump - India Mark,Well,Hand Pump,Central,False,0,Chibombo,2014,5GQ95HGF+W3C
1.0,69.0,102446.4626392723,56413.09548791685,91143.89420314314,7965.794537074426,8566.316447808265,-14.816571,27.556219,Borehole/Tubewell,Hand Pump,Well,Hand Pump,Central,False,0,Chibombo,2022,5GQ95HM4+9F2
9.0,130.0,99482.82568670512,60369.19446624122,88012.6422573836,7040.682203530593,4870.680482366971,-14.814825,27.594428333333333,Borehole/Tubewell,Hand Pump - India Mark,Well,Hand Pump,Central,False,0,Chibombo,2014,5GQ95HPV+3QF
9.0,150.0,102554.9712573368,57750.60166212443,91156.07431282048,8931.476118010441,7108.114153567825,-14.805041666666666,27.565158333333336,Borehole/Tubewell,Hand Pump - India Mark,Well,Hand Pump,Central,False,0,Chibombo,2014,5GQ95HV8+X3M
21.0,321.0,96980.39859590126,65217.63574140801,85273.93519802162,7173.192951375022,203.72549716116748,-14.802978333333332,27.637833333333333,Borehole/Tubewell,Hand Pump - India Mark,Well,Hand Pump,Central,False,0,Chibombo,2014,5GQ95JWQ+R44
4.0,321.0,96846.912398121,65788.16730487748,85108.8644738455,7454.731103054584,384.1851947749473,-14.800145000000002,27.642456666666664,Borehole/Tubewell,Hand Pump - India Mark,Well,Hand Pump,Central,False,0,Chibombo,2014,5GQ95JXR+WXW
21.0,325.0,96646.04763218178,66025.35672202821,84899.27422545067,7425.117786394586,598.0285573088033,-14.800376666666669,27.644853333333337,Borehole/Tubewell,Hand Pump - India Mark,Well,Hand Pump,Central,False,0,Chibombo,2014,5GQ95JXV+RWX
0.0,325.0,96726.5794198014,65925.6191995984,84983.58939252558,7432.326619595443,507.3149524285798,-14.800316666666667,27.64385833333333,Borehole/Tubewell,Hand Pump - Rope,Well,,Central,False,0,Chibombo,2014,5GQ95JXV+VGH
1.0,44.0,78102.05386953655,54502.465269453256,65489.2670077081,10338.257940534426,2061.033897969228,-14.817373333333334,27.89792333333333,Borehole/Tubewell,Hand Pump - India Mark,Well,Hand Pump,Central,False,0,Chibombo,2014,5GQ95VMX+353
0.0,69.0,79178.21538227145,56028.27703439931,66597.97276208756,12509.109818791456,3530.1944395772525,-14.81445,27.88396,Borehole/Tubewell,,Well,,Central,False,0,Chibombo,2020,5GQ95VPM+6HG
1.0,101.0,77890.97851541809,53821.42571260211,65254.570904553344,10633.247826362,1229.5512838636698,-14.8151,27.90547,Borehole/Tubewell,Hand Pump - India Mark,Well,Hand Pump,Central,False,0,Chibombo,2021,5GQ95WM4+X3W
0.0,284.0,77070.58911061514,52431.05047563351,64402.63603316698,10624.983939983127,203.2553514604786,-14.81593,27.91891,Borehole/Tubewell,,Well,,Central,False,0,Chibombo,2020,5GQ95WM9+JHF
0.0,252.0,77408.3003291599,52692.047878954,64740.21079578078,11360.250894411964,59.87838231200089,-14.813292,27.917332,Borehole/Tubewell,Hand Pump - India Mark,Well,Hand Pump,Central,False,0,Chibombo,2020,5GQ95WP8+MXQ
0.0,244.0,77208.91597836076,52553.129927366106,64541.51776988425,11160.182196470085,122.74495728039258,-14.81496,27.91807,Borehole/Tubewell,,Well,,Central,False,0,Chibombo,2020,5GQ95WP9+268
1.0,337.0,78486.90464150392,52996.86144090641,65797.95694450106,12608.153423741736,380.37500398605226,-14.800961,27.919225,Borehole/Tubewell,,Well,,Central,False,0,Chibombo,2021,5GQ95WX9+JM9
9.0,117.0,113989.02076575384,49449.441360865865,102793.29622282543,16504.938319608274,14755.217474463729,-14.764611666666667,27.46112333333333,Borehole/Tubewell,Hand Pump - India Mark,Well,Hand Pump,Central,False,0,Chibombo,2014,5GQ96FP6+5C5
0.0,28.0,102177.83293151348,60345.28624001922,90622.18172979778,10064.290323215162,4410.8501512597,-14.789074,27.584725,Borehole/Tubewell,,Well,,Central,False,0,Chibombo,2020,5GQ96H6M+9VH
1.0,341.0,96919.75324216404,65738.34657385692,85182.63421655561,7495.095103674966,347.9231565708943,-14.799801666666667,27.641853333333334,Borehole/Tubewell,Hand Pump - India Mark,Well,Hand Pump,Central,False,0,Chibombo,2014,5GQ96J2R+3PH
8.0,150.0,98304.5553008997,65196.62771939689,86560.91225642576,8607.08842644427,92.55553858122538,-14.790453333333335,27.63326833333333,Borehole/Tubewell,Hand Pump - India Mark,Well,Hand Pump,Central,False,0,Chibombo,2014,5GQ96J5M+R86
8.0,105.0,92433.47020122089,73847.99219065995,80328.39593741542,12060.148977838977,6286.050614454282,-14.784413333333337,27.719928333333336,Borehole/Tubewell,Hand Pump - India Mark,Well,Hand Pump,Central,False,0,Chibombo,2014,5GQ96P89+6XM
1.0,77.0,87364.27610042773,63652.51910569341,74832.88128664145,16119.972718774645,48.02657200503564,-14.760988333333334,27.829095,Borehole/Tubewell,Hand Pump - India Mark,Well,Hand Pump,Central,False,0,Chibombo,2014,5GQ96RQH+JJ5
9.0,73.0,87001.2353459568,63028.19153500816,74452.22616018432,16200.899127371802,28.458353607187465,-14.760816666666663,27.835446666666662,Borehole/Tubewell,Hand Pump - India Mark,Well,Hand Pump,Central,False,0,Chibombo,2014,5GQ96RQP+M5G
7.0,211.0,82962.90947159065,59583.53948873134,70408.64375232987,13102.105540279528,3344.3086887400937,-14.790135,27.85789,Borehole/Tubewell,Hand Pump - India Mark,Well,Hand Pump,Central,False,0,Chibombo,2014,5GQ96V55+W5R
17.0,207.0,83167.21229406058,59889.06152654175,70620.38780367242,13122.879096775692,3287.425432540031,-14.78978,27.854995,Borehole/Tubewell,Hand Pump - India Mark,Well,Hand Pump,Central,False,0,Chibombo,2014,5GQ96V63+3XQ
1.0,89.0,81510.22250873008,56928.46042141732,68883.46118788508,13386.524183875024,2765.16770750919,-14.789068333333336,27.88477833333333,Borehole/Tubewell,Hand Pump - India Mark,Well,Hand Pump,Central,False,0,Chibombo,2014,5GQ96V6M+9WC
3.0,235.0,85743.6630418532,60831.84076915573,73136.5902470446,16398.014385003247,47.74406561494429,-14.760295,27.857858333333336,Borehole/Tubewell,Hand Pump - India Mark,Well,Hand Pump,Central,False,0,Chibombo,2014,5GQ96VQ5+V4Q
2.0,195.0,84796.27671840228,59266.997644601135,72153.44885850718,16412.282762111103,222.52017697335936,-14.761025,27.873421,Borehole/Tubewell,Hand Pump - India Mark,Well,Hand Pump,Central,False,0,Chibombo,2021,5GQ96VQF+J7H
15.0,199.0,83771.63299646262,57498.99513816167,71091.05789413486,16465.88444293827,16.531472456311874,-14.761528,27.891235,Borehole/Tubewell,Hand Pump - India Mark,Well,Hand Pump,Central,False,0,Chibombo,2021,5GQ96VQR+9GJ
1.0,325.0,83219.79740836154,56616.49598535824,70523.47924527469,16411.99962194842,17.529992817000647,-14.76249,27.89982,Borehole/Tubewell,,Well,,Central,False,0,Chibombo,2021,5GQ96VQX+2W4
3.0,329.0,85541.17041491794,60302.67648387865,72917.15236651583,16601.81722333953,82.26843563054996,-14.758786666666667,27.863913333333336,Borehole/Tubewell,Hand Pump - India Mark,Well,Hand Pump,Central,False,0,Chibombo,2014,5GQ96VR7+FHM
2.0,231.0,85169.53119856489,59660.39624891386,72530.38730936656,16634.063305030046,35.59217555937842,-14.75885,27.87042,Borehole/Tubewell,,Well,,Central,False,0,Chibombo,2022,5GQ96VRC+F57
3.0,134.0,84889.94141391593,59179.03065868521,72239.93449337868,16653.687312142898,3.781753068264795,-14.758945,27.875283,Borehole/Tubewell,,Well,,Central,False,0,Chibombo,2022,5GQ96VRG+C4F
1.0,325.0,85839.53439626761,60556.32502444015,73215.74343485218,16839.316476909193,338.61052982302346,-14.7565511,27.8623594,Borehole/Tubewell,Hand Pump,Well,Hand Pump,Central,False,0,Chibombo,2022,5GQ96VV6+9WH
2.0,341.0,85739.9372772237,60404.60313500631,73112.96757835403,16828.116052320103,309.70529657498764,-14.756733,27.86382,Borehole/Tubewell,,Well,,Central,False,0,Chibombo,2021,5GQ96VV7+8G4
0.0,305.0,84172.42987585174,57167.5624281838,71467.93929038224,17429.59330406881,927.5197321083448,-14.75321,27.89872,Borehole/Tubewell,,Well,,Central,False,0,Chibombo,2020,5GQ96VWX+PF9
1.0,215.0,86334.83808060901,60704.82016889747,73698.90482653407,17513.08831429023,996.617963285546,-14.7505237,27.8636616,Borehole/Tubewell,Hand Pump,Well,Hand Pump,Central,False,0,Chibombo,2022,5GQ96VX7+QFV
2.0,231.0,84419.2329456326,57277.782278706174,71711.55882744833,17725.849782448513,1222.7007435741875,-14.75054,27.89893,Borehole/Tubewell,,Well,,Central,False,0,Chibombo,2022,5GQ96VXX+QHM
1.0,581.0,79350.22346762528,53756.716540889465,66663.96254892497,12931.695658498516,97.88703092851716,-14.79477,27.9142,Borehole/Tubewell,,Well,,Central,False,0,Chibombo,2021,5GQ96W47+3MW
1.0,406.0,79040.71461807884,52907.49788657604,66333.28635655319,13208.782922316444,927.8578257104454,-14.79281,27.9236,Borehole/Tubewell,,Well,,Central,False,0,Chibombo,2021,5GQ96W4F+VCH
10.0,480.0,79162.02293794657,53005.41424721223,66454.63550684068,13309.265635120631,874.040110493464,-14.791866666666666,27.923025,Borehole/Tubewell,Hand Pump - India Mark,Well,Hand Pump,Central,False,0,Chibombo,2014,5GQ96W5F+762
8.0,593.0,79868.07320236762,53801.43225474653,67168.55500824582,13693.934326509803,311.5353450100525,-14.788013333333334,27.916678333333333,Borehole/Tubewell,Hand Pump - India Mark,Well,Hand Pump,Central,False,0,Chibombo,2014,5GQ96W68+QMV
1.0,504.0,80355.67840140813,54355.72384108235,67661.88051132523,13955.043010558484,60.24225251071704,-14.7854,27.91223,Borehole/Tubewell,,Well,,Central,False,0,Chibombo,2021,5GQ96W76+RVX
8.0,504.0,80401.70450119572,54383.94785116764,67707.59069156137,14001.419466462125,56.41873923113697,-14.784975,27.912133333333333,Borehole/Tubewell,Hand Pump - India Mark,Well,Hand Pump,Central,False,0,Chibombo,2014,5GQ96W86+2V6
8.0,508.0,80157.36568806843,53777.07547733179,67449.1328323866,14165.31669536968,664.8535260576341,-14.783868333333333,27.918783333333334,Protected Well,Hand Pump - India Mark,Well,Hand Pump,Central,False,0,Chibombo,2014,5GQ96W89+FG3
1.0,150.0,81265.41645512638,55060.28403665183,68570.53155975301,14742.200084813934,25.266543328493917,-14.778067,27.908389,Borehole/Tubewell,,Well,,Central,False,0,Chibombo,2021,5GQ96WC5+Q9C
23.0,199.0,82341.73711665282,55855.627556554304,69643.97546809226,15716.496007203345,136.5828421039576,-14.769042,27.90448,Borehole/Tubewell,Hand Pump - India Mark,Well,Hand Pump,Central,False,0,Chibombo,2021,5GQ96WJ3+9QH
1.0,268.0,82753.72568374891,56148.49774949556,70054.40760321164,16102.564989140044,189.35006866899232,-14.76548,27.90318,Borehole/Tubewell,,Well,,Central,False,0,Chibombo,2021,5GQ96WM3+R73
8.0,329.0,83184.00394942904,56534.56625526308,70485.83276970705,16431.762122676104,109.02270580449306,-14.762365,27.900721666666666,Borehole/Tubewell,Hand Pump - India Mark,Well,Hand Pump,Central,False,0,Chibombo,2014,5GQ96WQ2+375
1.0,321.0,83088.94927726069,56103.83338808016,70378.79375973303,16680.03446351667,723.0027900192699,-14.76041,27.90611,Borehole/Tubewell,,Well,,Central,False,0,Chibombo,2021,5GQ96WQ4+RCQ
9.0,219.0,82671.04529289147,55312.38661108514,69946.7806637219,16737.54240306737,1517.3526405516186,-14.760326666666666,27.91432333333333,Borehole/Tubewell,Hand Pump - India Mark,Well,Hand Pump,Central,False,0,Chibombo,2014,5GQ96WQ7+VP8
2.0,362.0,82469.04229551714,54388.08933907052,69723.85108884759,17148.009054700626,2835.046243638789,-14.75635,27.92597,Borehole/Tubewell,,Well,,Central,False,0,Chibombo,2022,5GQ96WVG+F99
7.0,341.0,77522.19486597876,47544.62519233943,64732.24159483385,12747.573695656964,7854.229562285322,-14.777508333333332,27.986325000000004,Borehole/Tubewell,Hand Pump - India Mark,Well,Hand Pump,Central,False,0,Chibombo,2014,5GQ96XCP+XGW
9.0,333.0,77588.64418518965,47564.97489511063,64798.49556778255,12820.235456210045,7891.306695813842,-14.776765,27.98652,Borehole/Tubewell,Hand Pump - India Mark,Well,Hand Pump,Central,False,0,Chibombo,2014,5GQ96XFP+7JR
0.0,61.0,117585.02484654372,66505.96930901404,105525.93306866706,28621.663401071717,1007.5230567292324,-14.62314,27.55467,Borehole/Tubewell,,Well,,Central,False,0,Chibombo,2020,5GQ99HG3+PVV
0.0,164.0,154098.66367081058,29797.077184592606,143984.61066453045,30470.64979905993,14793.704610540592,-14.71628,27.04332,Borehole/Tubewell,Motorized Pump,Well,Motorized Pump,Central,False,0,Mumbwa,2013,5GQ972MV+F8P
9.0,81.0,116709.89931205036,49300.5870530994,105466.14499757664,19307.94749347881,15664.891050987815,-14.743446666666667,27.446314999999995,Borehole/Tubewell,Hand Pump - India Mark,Well,Hand Pump,Central,False,0,Chibombo,2014,5GQ97C4W+JGG
9.0,109.0,110016.69798759453,56876.03773427043,98475.35498271168,16496.158837317005,7199.09322837534,-14.744146666666666,27.52826166666667,Borehole/Tubewell,Hand Pump - India Mark,Well,Hand Pump,Central,False,0,Chibombo,2014,5GQ97G4H+88R
1.0,134.0,108760.91255454835,63959.619991371794,96877.8718369864,18907.20622167451,629.3466942911339,-14.70679,27.58228,Borehole/Tubewell,,Well,,Central,False,0,Chibombo,2021,5GQ97HVJ+7WJ
22.0,105.0,109335.54909276353,63854.26666421179,97450.08465423768,19433.192548966275,947.9577855542736,-14.70278,27.578868333333336,Protected Well,Rope and Bucket,Well,Rope and Bucket,Central,False,0,Chibombo,2014,5GQ97HWH+VGQ
1.0,126.0,108782.82270461644,64835.07925886727,96859.00561229284,19351.1684501948,81.89536076882288,-14.70099,27.588273,Borehole/Tubewell,Hand Pump - India Mark,Well,Hand Pump,Central,False,0,Chibombo,2021,5GQ97HXQ+H9P
1.0,77.0,103379.30084667166,69362.43959448989,91319.93949393956,16601.731804220188,5043.605650226752,-14.717441,27.644198,Borehole/Tubewell,Hand Pump - India Mark,Well,Hand Pump,Central,False,0,Chibombo,2021,5GQ97JMV+3P2
0.0,36.0,103807.42914421944,71053.64402495378,91669.79093439956,18180.420652021203,6883.720503632615,-14.70344,27.6547,Borehole/Tubewell,,Well,,Central,False,0,Chibombo,2020,5GQ97MW3+JVG
9.0,73.0,97790.77026480148,75029.54152763638,85411.71969560749,20051.69510209733,9740.416882266452,-14.709021666666668,27.737,Borehole/Tubewell,Hand Pump - India Mark,Well,Hand Pump,Central,False,0,Chibombo,2014,5GQ97PRP+9RR
13.0,32.0,98558.26224538455,75971.80377517031,86198.2793250655,19885.812757468528,10585.068050880323,-14.706500000000002,27.728585,Protected Well,Rope and Bucket,Well,Rope and Bucket,Central,False,0,Chibombo,2014,5GQ97PVH+CC4
18.0,117.0,100406.61433481328,75754.47809955991,88117.86140659665,19077.98170326956,11296.835593137086,-14.704346666666668,27.70336166666667,Protected Well,Rope and Bucket,Well,Rope and Bucket,Central,False,0,Chibombo,2014,5GQ97PW3+789
20.0,117.0,95439.44372638366,72827.23388048395,83050.1351791972,19437.381342905344,7365.562771718135,-14.724266666666663,27.752523333333336,Protected Well,Rope and Bucket,Well,Rope and Bucket,Central,False,0,Chibombo,2014,5GQ97QG3+72R
1.0,146.0,94830.43425117664,70146.5767792448,82304.8989003711,21723.629384258114,6966.665733770055,-14.706554,27.788024,Borehole/Tubewell,Hand Pump - India Mark,Well,Hand Pump,Central,False,0,Chibombo,2021,5GQ97QVQ+98R
9.0,199.0,87711.30258352017,62703.98219335079,75114.89832282688,17753.31293774458,1466.7621803668314,-14.747308333333336,27.844761666666667,Borehole/Tubewell,Hand Pump - India Mark,Well,Hand Pump,Central,False,0,Chibombo,2014,5GQ97R3V+3WC
9.0,203.0,88173.07953145276,62787.18308495217,75562.04468187586,18451.19225010293,2138.8777704215927,-14.74111,27.84683,Borehole/Tubewell,Hand Pump - India Mark,Well,Hand Pump,Central,False,0,Chibombo,2014,5GQ97R5W+HP4
1.0,178.0,88917.05660055693,63266.46160318147,76298.85878299849,19213.49119336583,2920.521489696541,-14.734119,27.845295,Borehole/Tubewell,Hand Pump,Well,Hand Pump,Central,False,0,Chibombo,2022,5GQ97R8W+849
8.0,134.0,89549.85596654877,63727.28900122273,76928.00084380862,19808.79568564101,3541.24159733183,-14.728611666666666,27.84327166666667,Borehole/Tubewell,Hand Pump - India Mark,Well,Hand Pump,Central,False,0,Chibombo,2014,5GQ97RCV+H82
3.0,113.0,90760.2674473012,63969.58224313447,78103.10896724985,21648.059275404383,5306.537823416329,-14.712304,27.849208,Borehole/Tubewell,Hand Pump - India Mark,Well,Hand Pump,Central,False,0,Chibombo,2022,5GQ97RQX+4JJ
3.0,178.0,91319.64921639142,63933.31791340713,78641.51671939058,22659.15524797257,6255.701722256395,-14.703421,27.854471,Borehole/Tubewell,,Well,,Central,False,0,Chibombo,2022,5GQ97VW3+JQQ
2.0,154.0,90905.58132866771,63000.51862167646,78206.05916548046,22923.25761068108,6385.58064650152,-14.701644,27.865382,Borehole/Tubewell,,Well,,Central,False,0,Chibombo,2021,5GQ97VX8+85R
21.0,427.0,83151.167760845,53195.14499985908,70371.879068957,18211.08944713419,5940.496334758206,-14.738423333333332,27.94865333333333,Protected Well,Hand Pump - India Mark,Well,Hand Pump,Central,False,0,Chibombo,2014,5GQ97W6X+JFJ
9.0,398.0,83299.66900118742,53330.60413762386,70520.54975604873,18357.82184147511,5938.458438356702,-14.7373,27.94787,Borehole/Tubewell,Hand Pump - India Mark,Well,Hand Pump,Central,False,0,Chibombo,2014,5GQ97W7X+34Q
7.0,406.0,84655.17646333553,54256.32921838026,71873.40129393221,19734.07929472656,6461.586129213066,-14.724831666666669,27.945505000000004,Borehole/Tubewell,Hand Pump - India Mark,Well,Hand Pump,Central,False,0,Chibombo,2014,5GQ97WGW+366
16.0,126.0,87016.85529209925,57486.0644112241,74255.66353762902,21785.92315837881,5771.335143677596,-14.71476,27.916728,Borehole/Tubewell,Hand Pump - India Mark,Well,Hand Pump,Central,False,0,Chibombo,2021,5GQ97WP8+4MF
7.0,77.0,88176.98955530845,58101.80403322991,75408.53571824457,23103.336345306227,6871.9458385309,-14.702590000000002,27.917646666666663,Borehole/Tubewell,Hand Pump - India Mark,Well,Hand Pump,Central,False,0,Chibombo,2014,5GQ97WW9+X36
13.0,231.0,83729.95489786458,52631.926567502094,70940.16719335341,18913.8739142502,7816.416403253394,-14.726575,27.962143333333334,Borehole/Tubewell,Hand Pump - India Mark,Well,Hand Pump,Central,False,0,Chibombo,2014,5GQ97XF6+9VC
2.0,475.0,84642.06414315554,51524.49324008103,71852.7173083688,20323.665157354157,11366.87699799317,-14.706778,27.988317,Borehole/Tubewell,,Well,,Central,False,0,Chibombo,2022,5GQ97XVQ+78P
10.0,532.0,84778.14329625005,51342.90885340646,71991.23035895596,20577.303084147217,11942.083318810575,-14.703766666666668,27.992676666666664,Borehole/Tubewell,Hand Pump - India Mark,Well,Hand Pump,Central,False,0,Chibombo,2014,5GQ97XWV+F3V
9.0,516.0,84843.77026301007,51374.96389285387,72057.07930184151,20651.324053010267,11999.123646587324,-14.703066666666668,27.99284,Borehole/Tubewell,Hand Pump - India Mark,Well,Hand Pump,Central,False,0,Chibombo,2014,5GQ97XWV+Q4G
0.0,207.0,85905.01213460705,53282.84896732473,73112.5338691825,21334.814292276897,10426.530058198345,-14.700671,27.97272,Borehole/Tubewell,Hand Pump - India Mark,Well,Hand Pump,Central,False,0,Chibombo,2020,5GQ97XXF+P3W
1.0,394.0,85480.14951362842,52317.33754406088,72690.23338861986,21113.905386976963,11405.413181166832,-14.700273,27.984081,Borehole/Tubewell,Hand Pump - India Mark,Well,Hand Pump,Central,False,0,Chibombo,2021,5GQ97XXM+XJ9
0.0,60.0,148446.28552147222,34971.38332919328,137900.00096261402,35417.337679788616,20267.266122647285,-14.67625,27.13084,Borehole/Tubewell,Motorized Pump,Well,Motorized Pump,Central,False,0,Mumbwa,2013,5GQ984FJ+G84
0.0,39.0,150073.09008631017,34769.32417778023,139568.8176220381,35366.136873250274,21743.31137087305,-14.67491,27.11365,Borehole/Tubewell,Motorized Pump,Well,Motorized Pump,Central,False,0,Mumbwa,2013,5GQ984G7+2FJ
0.0,101.0,123142.73992020838,52897.10181570914,111635.48512429858,27265.24275462329,11631.87188420299,-14.670948,27.4319,Borehole/Tubewell,,Well,,Central,False,0,Chibombo,2020,5GQ98CHJ+JQC
1.0,89.0,115691.16490836068,58422.13864671881,103986.93612237164,22990.11888105918,8049.25836160871,-14.688112,27.51023,Borehole/Tubewell,Hand Pump - India Mark,Well,Hand Pump,Central,False,0,Chibombo,2021,5GQ98G66+Q3W
1.0,69.0,114060.17793635697,62198.75792150201,102198.82021876836,23285.326824220603,4434.307337890632,-14.676051,27.544135,Borehole/Tubewell,,Well,,Central,False,0,Chibombo,2021,5GQ98GFV+HMC
9.0,48.0,116972.97163388794,62420.0537095116,105079.60653598646,26177.96001055272,4882.260812751201,-14.652753333333331,27.53002,Borehole/Tubewell,Hand Pump - India Mark,Well,Hand Pump,Central,False,0,Chibombo,2014,5GQ98GWJ+V2R
0.0,370.0,109688.42492721471,64985.75249525008,97747.30050338693,20327.51074390871,101.04884683246117,-14.692701666666668,27.585065,Borehole/Tubewell,Hand Pump - India Mark,Well,Hand Pump,Central,False,0,Chibombo,2014,5GQ98H4P+W28
9.0,134.0,111280.27471903314,63290.68642113324,99397.86392641356,21095.36563607202,2138.5251941223232,-14.690773333333334,27.56564166666667,Borehole/Tubewell,Hand Pump - India Mark,Well,Hand Pump,Central,False,0,Chibombo,2014,5GQ98H58+M7R
3.0,353.0,110010.24034341352,65311.8682677153,98051.21555129824,20800.39634815492,53.39597780669717,-14.688063,27.585803,Borehole/Tubewell,Hand Pump - India Mark,Well,Hand Pump,Central,False,0,Chibombo,2022,5GQ98H6P+R7M
1.0,105.0,111212.92105776272,64255.64039836686,99288.00082020962,21491.532973428664,1320.9723294730902,-14.685164,27.572629,Borehole/Tubewell,Hand Pump - India Mark,Well,Hand Pump,Central,False,0,Chibombo,2020,5GQ98H7F+W2X
4.0,353.0,110264.68700279947,65327.10377030659,98302.3494367246,21059.286630160925,35.59480966402675,-14.685936666666665,27.584686666666663,Borehole/Tubewell,Hand Pump - India Mark,Well,Hand Pump,Central,False,0,Chibombo,2014,5GQ98H7M+JVF
3.0,134.0,110901.90517865302,65752.37735504766,98915.026228793,21884.93231551987,103.14539132701128,-14.678226,27.584558,Borehole/Tubewell,,Well,,Central,False,0,Chibombo,2022,5GQ98HCM+PR3
7.0,109.0,110918.4149369078,65876.24631828396,98926.13353920856,21958.348652846,38.47626946812621,-14.677325,27.585341666666668,Borehole/Tubewell,Hand Pump - India Mark,Well,Hand Pump,Central,False,0,Chibombo,2014,5GQ98HFP+34G
18.0,122.0,112083.9695870733,66033.59567983342,100075.0994796156,23169.22192075425,761.4091603259278,-14.667235000000002,27.580655,Protected Well,Rope and Bucket,Well,Rope and Bucket,Central,False,0,Chibombo,2014,5GQ98HMJ+472
0.0,207.0,112381.43346767416,67649.65358894052,100305.2159847035,24197.585330953018,229.49280062737705,-14.655076,27.590488,Borehole/Tubewell,,Well,,Central,False,0,Chibombo,2020,5GQ98HVR+X59
0.0,109.0,114559.45501503794,65310.22130010759,102562.25903934304,25228.801798834123,2748.450572092588,-14.652752,27.56286,Borehole/Tubewell,Hand Pump - India Mark,Well,Hand Pump,Central,False,0,Chibombo,2020,5GQ98HW7+W5Q
2.0,219.0,112763.48695477413,67766.4366063909,100680.23119474037,24616.957426532284,38.89016814473428,-14.651441,27.589364,Borehole/Tubewell,Hand Pump - India Mark,Well,Hand Pump,Central,False,0,Chibombo,2022,5GQ98HXQ+CM9
2.0,36.0,107241.74358606532,68791.98123862968,95161.99763908677,19898.72248537838,4040.250728929895,-14.688822,27.623323,Borehole/Tubewell,Hand Pump - India Mark,Well,Hand Pump,Central,False,0,Chibombo,2021,5GQ98J6F+C7X
0.0,36.0,110099.9205188654,71275.56235544394,97900.72603250416,23995.830061298548,4042.598584200267,-14.651236,27.62771,Borehole/Tubewell,,Well,,Central,False,0,Chibombo,2020,5GQ98JXH+G34
0.0,81.0,103601.97614842116,72415.06067444346,91411.0296474426,18989.75362458261,8238.70675560062,-14.696994,27.66553,Borehole/Tubewell,,Well,,Central,False,0,Chibombo,2019,5GQ98M38+662
9.0,81.0,103630.18036516306,72398.57542803804,91439.60713824116,19001.965972652342,8227.954038156817,-14.696856666666667,27.665289999999995,Borehole/Tubewell,Hand Pump - India Mark,Well,Hand Pump,Central,False,0,Chibombo,2014,5GQ98M38+743
1.0,77.0,102843.0299277538,74019.85939750829,90596.8270681349,19575.179453043467,9746.354044823698,-14.693887,27.680553,Borehole/Tubewell,,Well,,Central,False,0,Chibombo,2021,5GQ98M4J+C6V
0.0,69.0,105546.31268045216,71751.15781529775,93363.02186126422,20221.89948830719,7190.687596348507,-14.68486,27.65229,Borehole/Tubewell,,Well,,Central,False,0,Chibombo,2020,5GQ98M82+3W3
2.0,77.0,100092.45496905004,76248.40529944717,87658.09325905069,22545.70321537839,11938.456061146542,-14.683555,27.736526,Borehole/Tubewell,,Well,,Central,False,0,Chibombo,2021,5GQ98P8P+HJC
0.0,134.0,100979.44270047251,76186.64662483147,88491.17337592795,24523.10338367775,12854.071405354556,-14.667766,27.745177,Borehole/Tubewell,,Well,,Central,False,0,Chibombo,2020,5GQ98PJW+V3V
21.0,390.0,96665.7386502243,71424.28289782228,84121.94063342697,23542.03672169436,8886.939743268811,-14.689631666666664,27.78335833333333,Borehole/Tubewell,Hand Pump - India Mark,Well,Hand Pump,Central,False,0,Chibombo,2014,5GQ98Q6M+48X
7.0,305.0,97407.86879993368,72173.0759218442,84869.48734560933,23988.931630969248,9576.969738910091,-14.685096666666668,27.777925,Borehole/Tubewell,Hand Pump - India Mark,Well,Hand Pump,Central,False,0,Chibombo,2014,5GQ98Q7H+X57
9.0,219.0,100845.33030849192,75665.70085440438,88332.97850097931,25199.809639785868,12799.440588867565,-14.664386666666667,27.75241,Borehole/Tubewell,Hand Pump - India Mark,Well,Hand Pump,Central,False,0,Chibombo,2014,5GQ98QP2+6XV
2.0,134.0,93214.23619188536,66642.39269954625,80581.52378540546,23002.15798579746,6954.7663945949,-14.698494,27.828632,Borehole/Tubewell,,Well,,Central,False,0,Chibombo,2021,5GQ98R2H+JF2
2.0,142.0,92537.98203446229,65582.38155157646,79884.27689847865,23013.424872709773,6799.385537133817,-14.699333,27.83933,Borehole/Tubewell,,Well,,Central,False,0,Chibombo,2021,5GQ98R2Q+7P8
2.0,109.0,91847.21124648412,64197.97483274275,79161.77971288086,23299.608673350765,6890.576588910896,-14.697648,27.854939,Borehole/Tubewell,,Well,,Central,False,0,Chibombo,2021,5GQ98V23+WXW
1.0,276.0,89968.66177891135,60907.70495740559,77229.0505836736,23448.55926074686,6784.71421490739,-14.698262,27.889845,Borehole/Tubewell,Hand Pump - India Mark,Well,Hand Pump,Central,False,0,Chibombo,2020,5GQ98V2Q+MXR
22.0,235.0,89903.37878850714,60517.22609668023,77155.13573723142,23722.397589149507,7139.486904591319,-14.696071666666668,27.895433333333337,Protected Well,Hand Pump - India Mark,Well,Hand Pump,Central,False,0,Chibombo,2014,5GQ98V3W+H5F
9.0,484.0,85433.48461632161,51989.92781619541,72645.75589865462,21179.46629168706,11923.26771098803,-14.698825,27.98896666666667,Borehole/Tubewell,Hand Pump - India Mark,Well,Hand Pump,Central,False,0,Chibombo,2014,5GQ98X2Q+FHG
16.0,97.0,126371.97901363389,59891.17556171412,114549.4719742996,33523.63599349827,3826.647112570919,-14.603901666666664,27.456441666666667,Borehole/Tubewell,Hand Pump - India Mark,Well,Hand Pump,Central,False,0,Chibombo,2014,5GQ99FW4+CHP
2.0,166.0,120299.44803028458,62709.30174474852,108377.62003462348,29412.558423981776,2692.330730337956,-14.627032,27.513005,Borehole/Tubewell,Hand Pump - India Mark,Well,Hand Pump,Central,False,0,Chibombo,2021,5GQ99GF7+46W
0.0,170.0,120296.76599803106,62793.62183359511,108371.5803017392,29449.25303857505,2612.769162463653,-14.626526666666669,27.51359166666667,Borehole/Tubewell,Hand Pump - Rope,Well,,Central,False,0,Chibombo,2014,5GQ99GF7+9CP
0.0,109.0,119877.39538797532,64983.73236490916,107868.27833087622,30064.74730391089,858.268074329051,-14.616,27.531,Borehole/Tubewell,,Well,,Central,False,0,Chibombo,2020,5GQ99GMJ+JC2
1.0,1134.0,113572.2718351267,68700.99636302123,101448.74097617238,25824.195049189384,31.47991389237373,-14.639701,27.591793,Borehole/Tubewell,,Well,,Central,False,0,Chibombo,2021,5GQ99H6R+4P7
1.0,1126.0,113688.8535803418,68654.40537348029,101566.46546166192,25911.21871997272,148.66615417032793,-14.639097,27.590855,Borehole/Tubewell,,Well,,Central,False,0,Chibombo,2020,5GQ99H6R+989
1.0,1139.0,113697.58916363296,68668.61062686481,101574.62569480724,25926.172483989158,148.4124665881629,-14.638946666666667,27.59091,Borehole/Tubewell,Hand Pump - India Mark,Well,Hand Pump,Central,False,0,Chibombo,2014,5GQ99H6R+C9F
1.0,1139.0,113710.44125768132,68853.614638695,101580.5220132718,26026.679858107625,52.16764037855513,-14.637752,27.592154,Borehole/Tubewell,Hand Pump - India Mark,Well,Hand Pump,Central,False,0,Chibombo,2020,5GQ99H6R+VVG
1.0,1114.0,113509.17625442652,68857.36717194018,101380.13401445503,25840.356175598678,101.09126463755672,-14.63925,27.59323,Borehole/Tubewell,,Well,,Central,False,0,Chibombo,2021,5GQ99H6V+875
20.0,1143.0,113593.597359895,68906.89714957711,101462.28421622507,25943.172536591745,64.72467916406848,-14.638318333333332,27.593141666666664,Protected Well,Hand Pump,Well,Hand Pump,Central,False,0,Chibombo,2014,5GQ99H6V+M7C
21.0,724.0,114364.0347994812,68073.01001735195,102260.0229657251,26276.122759994683,567.6735657029086,-14.637478333333336,27.5832,Borehole/Tubewell,Hand Pump - India Mark,Well,Hand Pump,Central,False,0,Chibombo,2014,5GQ99H7M+274
3.0,1167.0,114018.41507795914,68739.29395496176,101891.22548937712,26260.17902969529,8.799309032334364,-14.63611,27.58973,Borehole/Tubewell,,Well,,Central,False,0,Chibombo,2022,5GQ99H7Q+HV5
2.0,1167.0,114054.30185623064,68713.69325960032,101927.88836734496,26281.660326586527,6.649395140794332,-14.635992,27.58936,Borehole/Tubewell,,Well,,Central,False,0,Chibombo,2022,5GQ99H7Q+JP5
6.0,1167.0,114037.37909230209,68735.48467487971,101910.2390059046,26276.1211848106,15.722651955136811,-14.63599,27.589603333333336,Borehole/Tubewell,Hand Pump - India Mark,Well,Hand Pump,Central,False,0,Chibombo,2014,5GQ99H7Q+JR5
22.0,1147.0,113711.601306224,69081.96053537146,101573.22390857885,26137.967250831985,175.57881374665118,-14.636391666666668,27.593768333333333,Borehole/Tubewell,Hand Pump - India Mark,Well,Hand Pump,Central,False,0,Chibombo,2014,5GQ99H7V+CGR
3.0,1106.0,113705.89145470962,69318.98389200776,101558.84829600486,26248.313219517528,413.4817761041451,-14.635035,27.595481666666668,Protected Well,Rope and Bucket,Well,Rope and Bucket,Central,False,0,Chibombo,2014,5GQ99H7W+X5Q
0.0,1159.0,114040.33078929684,69188.30020965518,101896.49348376656,26495.205237765607,422.0380331984819,-14.63329,27.5928,Borehole/Tubewell,,Well,,Central,False,0,Chibombo,2020,5GQ99H8V+M4M
0.0,894.0,113594.57554762332,69685.10489980507,101434.70335983728,26326.487961154893,778.4202172198371,-14.63372,27.59867,Borehole/Tubewell,,Well,,Central,False,0,Chibombo,2020,5GQ99H8X+GF7
1.0,402.0,114998.70863025667,68440.6922367675,102878.02907588666,27040.16436038597,387.6812604209711,-14.63055,27.582418,Borehole/Tubewell,,Well,,Central,False,0,Chibombo,2021,5GQ99H9J+QXM
1.0,40.0,117973.10465683472,67449.49310799367,105877.78949140816,29394.80961442233,27.06742690300802,-14.61469,27.55907,Borehole/Tubewell,,Well,,Central,False,0,Chibombo,2021,5GQ99HP5+4JG
17.0,170.0,115297.31403785058,70735.86730248628,103093.84134552078,28404.71973118831,1947.8247157417272,-14.614896666666668,27.59714333333333,Protected Well,Rope and Bucket,Well,Rope and Bucket,Central,False,0,Chibombo,2014,5GQ99HPW+2VR
0.0,48.0,111877.7417158388,70229.35407026396,99706.6425829654,25027.03012347677,2112.597393776045,-14.643589,27.611369,Borehole/Tubewell,Hand Pump - India Mark,Well,Hand Pump,Central,False,0,Chibombo,2020,5GQ99J46+GHV
3.0,36.0,110291.49292669284,73200.59353111543,98023.42922703688,25321.452878415388,5182.661477662073,-14.638665,27.64075833333333,Borehole/Tubewell,Hand Pump - India Mark,Well,Hand Pump,Central,False,0,Chibombo,2014,5GQ99J6R+G8J
1.0,85.0,112052.73207678938,72021.22346283522,99817.09333452606,26170.6856830273,3374.297548347693,-14.631854,27.623391,Borehole/Tubewell,,Well,,Central,False,0,Chibombo,2021,5GQ99J9F+792
9.0,85.0,112176.27022014896,72122.4705138758,99936.62432778427,26337.544120723647,3421.3212126339936,-14.630331666666669,27.623496666666664,Borehole/Tubewell,Hand Pump - India Mark,Well,Hand Pump,Central,False,0,Chibombo,2014,5GQ99J9F+V99
1.0,97.0,113250.44202650191,71113.12940951795,101041.25877904167,26746.160659693025,2217.430437943535,-14.627995,27.610688,Borehole/Tubewell,,Well,,Central,False,0,Chibombo,2021,5GQ99JC6+R74
1.0,134.0,112205.41736482992,72874.57639512794,99940.2009257332,26793.385214616,4110.380235240505,-14.625821,27.62881,Borehole/Tubewell,,Well,,Central,False,0,Chibombo,2021,5GQ99JFH+MGF
1.0,32.0,111734.78648813232,74305.19311860435,99424.2738811678,27235.671692067262,5580.329313797007,-14.62135,27.6416601,Borehole/Tubewell,,Well,,Central,False,0,Chibombo,2021,5GQ99JHR+FM7
9.0,117.0,112795.01516758755,73307.83263265439,100513.39623856492,27556.679131888013,4426.621895420951,-14.618901666666666,27.628945,Borehole/Tubewell,Hand Pump - India Mark,Well,Hand Pump,Central,False,0,Chibombo,2014,5GQ99JJH+CHP
1.0,187.0,115175.89592689136,71139.62133096253,102959.0067015548,28495.841440815948,2320.7136873864374,-14.613465,27.600696,Borehole/Tubewell,,Well,,Central,False,0,Chibombo,2021,5GQ99JP2+J78
6.0,24.0,108672.46616339736,75441.7032316587,96336.86532702744,25405.57795488837,7801.990259226092,-14.638695,27.665075,Borehole/Tubewell,Hand Pump - India Mark,Well,Hand Pump,Central,False,0,Chibombo,2014,5GQ99M68+G2G
1.0,32.0,109011.8731581623,75865.5183129827,96660.97200954286,25970.569886727902,7978.110901176765,-14.633696666666667,27.666598333333333,Borehole/Tubewell,Hand Pump - India Mark,Well,Hand Pump,Central,False,0,Chibombo,2014,5GQ99M88+GJH
2.0,81.0,108198.84590638908,76929.06043898003,95817.39202182268,26052.908197580247,9244.65883874501,-14.63423,27.678396,Borehole/Tubewell,Hand Pump - India Mark,Well,Hand Pump,Central,False,0,Chibombo,2021,5GQ99M8H+995
2.0,81.0,108604.26649675492,76938.9796382797,96220.92482082597,26381.13659364522,9068.127568341257,-14.631001,27.676547,Borehole/Tubewell,Hand Pump - India Mark,Well,Hand Pump,Central,False,0,Chibombo,2021,5GQ99M9G+MM2
2.0,81.0,108359.64399841896,77268.55540118807,95966.99287432476,26419.61897859946,9456.805541502832,-14.631125,27.680176666666664,Borehole/Tubewell,Hand Pump - India Mark,Well,Hand Pump,Central,False,0,Chibombo,2014,5GQ99M9J+H33
10.0,52.0,110665.09763071232,75716.54473956778,98312.77817634972,27226.02314162576,7199.163795636033,-14.621714999999998,27.65743,Protected Well,Rope and Bucket,Well,Rope and Bucket,Central,False,0,Chibombo,2014,5GQ99MH4+8X7
0.0,40.0,110834.24019306862,76518.64785551447,98456.4064782362,27885.765302571068,7902.28873265045,-14.61603,27.66255,Borehole/Tubewell,,Well,,Central,False,0,Chibombo,2020,5GQ99MM7+H2M
2.0,223.0,112424.59627753704,76767.10623040826,100035.31426222908,29334.890387337862,7883.714477573573,-14.60259,27.65636,Borehole/Tubewell,Hand Pump - India Mark,Well,Hand Pump,Central,False,0,Chibombo,2021,5GQ99MW4+XGQ
0.0,154.0,104435.20657811472,79783.2810882796,91978.95997157156,25470.777674601384,13548.100234903632,-14.648221,27.717962,Borehole/Tubewell,,Well,,Central,False,0,Chibombo,2020,5GQ99P29+P58
7.0,69.0,100580.27573322656,73865.44197710101,87983.34794071534,27895.733313677705,13134.472970646111,-14.649796666666669,27.779625000000003,Borehole/Tubewell,Hand Pump - India Mark,Well,Hand Pump,Central,False,0,Chibombo,2014,5GQ99Q2H+3VJ
0.0,81.0,103558.36047138931,77157.40622022892,90993.86267384696,28293.767926820656,15794.13899033416,-14.63408,27.753656,Borehole/Tubewell,Hand Pump - India Mark,Well,Hand Pump,Central,False,0,Chibombo,2020,5GQ99Q83+9CQ
0.0,43.0,164471.59123000604,47685.90711832085,153667.8560325387,48360.01633292464,26614.82072435829,-14.55472,27.03631,Borehole/Tubewell,Motorized Pump,Well,Motorized Pump,Central,False,0,Mumbwa,2013,5GQ9C2WP+4G7
0.0,56.0,159672.2545177698,47335.25704587053,148744.3647522048,48012.107085568765,21307.687487337946,-14.55804,27.08894,Borehole/Tubewell,Motorized Pump,Well,Motorized Pump,Central,False,0,Mumbwa,2013,5GQ9C3RQ+QHP
10.0,252.0,128155.84143385864,63244.52232139909,116205.6700376069,36654.16504139323,78.37654936478215,-14.57163,27.467081666666665,Borehole/Tubewell,Hand Pump - India Mark,Well,Hand Pump,Central,False,0,Chibombo,2014,5GQ9CFH8+8RW
0.0,260.0,127663.91600753774,63611.15926693632,115699.62994289478,36398.36305221179,33.59694152385759,-14.572453333333332,27.472871666666663,Borehole/Tubewell,Hand Pump - India Mark,Well,Hand Pump,Central,False,0,Chibombo,2014,5GQ9CFHF+249
21.0,264.0,128222.41208932675,63597.60457128318,116259.41410424176,36873.97517308755,204.82626194386137,-14.569035,27.469035,Borehole/Tubewell,Hand Pump - India Mark,Well,Hand Pump,Central,False,0,Chibombo,2014,5GQ9CFJ9+9JM
15.0,12.0,119282.49096003748,69757.3819385265,107103.3895712596,31584.64608920229,2706.2971518441395,-14.591785,27.567855,Borehole/Tubewell,Hand Pump - India Mark,Well,Hand Pump,Central,False,0,Chibombo,2014,5GQ9CH59+74Q
1.0,109.0,115599.9718158102,73336.52332215697,103310.20445216756,30009.110018826617,4583.620247866047,-14.59786,27.6143,Borehole/Tubewell,,Well,,Central,False,0,Chibombo,2021,5GQ9CJ27+VP3
0.0,26.0,163812.1232413541,50273.84116285707,152851.63156577895,50950.471168987504,24593.922185142947,-14.53064,27.06202,Borehole/Tubewell,Motorized Pump,Well,Motorized Pump,Central,False,0,Mumbwa,2013,5GQ9F396+JR2
1.0,0.0,132218.87358755656,81080.58813017291,119752.87274830436,47610.70391302285,17449.88851110966,-14.44353,27.56866,Borehole/Tubewell,,Well,,Central,False,0,Chibombo,2022,5GQ9HH49+HFM
1.0,1358.0,48660.54729172265,25606.43223710565,35923.572338080085,15601.6824821737,5722.424139414314,-14.999273333333331,28.138865000000003,Borehole/Tubewell,Hand Pump - India Mark,Well,Hand Pump,Central,False,0,Chibombo,2014,5GQC242Q+7GX
7.0,1399.0,48550.72447200382,25351.43118409541,35820.50200681207,15767.309424486431,5464.478585539682,-14.999546666666667,28.141268333333333,Borehole/Tubewell,Hand Pump - India Mark,Well,Hand Pump,Central,False,0,Chibombo,2014,5GQC242R+5GJ
1.0,1366.0,48798.09999200914,25298.82213026597,36071.13041480593,15559.098877050965,5507.631763295797,-14.997103333333332,28.141556666666663,Borehole/Tubewell,Hand Pump - India Mark,Well,Hand Pump,Central,False,0,Chibombo,2014,5GQC243R+5J3
1.0,237.0,63889.76589634892,35595.107716533945,51101.53050203965,51.73764364696481,12457.078318667816,-14.880305,28.061479,Borehole/Tubewell,,Well,,Central,False,0,Chibombo,2021,5GQC4396+VHH
14.0,220.0,64034.929692082005,35792.79229731087,51245.92628890088,130.80320549880022,12301.979491864697,-14.879545,28.059801666666665,Borehole/Tubewell,Hand Pump - India Mark,Well,Hand Pump,Central,False,0,Chibombo,2014,5GQC43C5+4XV
1.0,536.0,68669.35693259518,38178.23545883953,55887.468982291306,4854.739539050653,13266.934712081937,-14.837131666666668,28.053040000000003,Borehole/Tubewell,Hand Pump - India Mark,Well,Hand Pump,Central,False,0,Chisamba,2014,5GQC5373+46V
1.0,634.0,68992.17219265453,38448.58139354846,56209.79934205764,5162.434089942939,13266.083947246694,-14.834591666666665,28.05147333333333,Borehole/Tubewell,Hand Pump - India Mark,Well,Hand Pump,Central,False,0,Chisamba,2014,5GQC5382+5H9
8.0,776.0,74172.64708061185,41567.17073532746,61401.026135862456,10463.184117824949,13949.926927997873,-14.787125,28.044515,Borehole/Tubewell,Hand Pump - India Mark,Well,Hand Pump,Central,False,0,Chibombo,2014,5GQC627V+5R2
4.0,252.0,76539.70654693244,45839.96743321362,63746.99397944356,12056.212478027715,9562.75210111662,-14.780163333333332,28.00286,Borehole/Tubewell,Hand Pump - India Mark,Well,Hand Pump,Central,False,0,Chibombo,2014,5GQC6293+W4Q
8.0,77.0,75292.12984760718,43086.62044161401,62510.79187990757,11435.938422256548,12655.859868243542,-14.78092,28.031885000000003,Borehole/Tubewell,Hand Pump - India Mark,Well,Hand Pump,Central,False,0,Chibombo,2014,5GQC629J+JQJ
1.0,260.0,76507.64744379789,45056.85330216536,63717.09107232657,12366.019946457718,12933.49995650737,-14.77615,28.013543333333335,Borehole/Tubewell,Hand Pump - India Mark,Well,Hand Pump,Central,False,0,Chibombo,2014,5GQC62F7+GCV
2.0,211.0,76723.19008112577,44736.64062089616,63936.1843565216,12819.401069803434,11508.863249403772,-14.771637,28.019734,Borehole/Tubewell,,Well,,Central,False,0,Chibombo,2021,5GQC62H9+9XJ
9.0,423.0,77723.55439860022,44624.72107140901,64947.739616874605,13920.663276824313,12895.08054357522,-14.758268333333335,28.029615,Borehole/Tubewell,Hand Pump - India Mark,Well,Hand Pump,Central,False,0,Chibombo,2014,5GQC62RH+MRX
8.0,2981.0,74315.92763484441,40715.56017715453,61562.96117588312,10968.126079071924,15405.76632568074,-14.781248333333334,28.05756666666667,Borehole/Tubewell,Hand Pump - India Mark,Well,Hand Pump,Central,False,0,Chisamba,2014,5GQC6395+G24
8.0,2758.0,74637.54971364632,41065.022287613865,61882.37420837927,11232.333825963937,15177.178360327218,-14.77896,28.05522,Borehole/Tubewell,Hand Pump - India Mark,Well,Hand Pump,Central,False,0,Chisamba,2014,5GQC63C4+C39
10.0,2905.0,74961.31358384296,40993.32911084199,62213.74827000741,11695.58533976523,15628.045625576957,-14.774636666666668,28.05892833333333,Borehole/Tubewell,Hand Pump - India Mark,Well,Hand Pump,Central,False,0,Chisamba,2014,5GQC63G5+4HV
1.0,786.0,77527.05058869957,42107.26709460921,64806.23700161707,14639.883954693722,16945.73280826879,-14.748088333333332,28.065751666666664,Borehole/Tubewell,Hand Pump - India Mark,Well,Hand Pump,Central,False,0,Chibombo,2014,5GQC7328+Q86
22.0,835.0,80662.98220308051,43400.06776009553,67992.28839376078,18425.20424286899,19510.830600772904,-14.714711666666668,28.07891833333333,Protected Well,Hand Pump - India Mark,Well,Hand Pump,Central,False,0,Chisamba,2014,5GQC73PH+4H7
8.0,711.0,80604.86382631639,43168.827733343256,67937.59684679397,18501.581318937595,19846.26594620493,-14.714378333333332,28.082158333333336,Borehole/Tubewell,Hand Pump - India Mark,Well,Hand Pump,Central,False,0,Chisamba,2014,5GQC73PJ+6VV
0.0,452.0,81178.65502388815,43133.25555147483,68503.63943546437,19429.29071757009,20934.55580492637,-14.706983333333335,28.089871666666667,Borehole/Tubewell,Hand Pump - India Mark,Well,Hand Pump,Central,False,0,Chisamba,2014,5GQC73VQ+6W5
2.0,142.0,87320.44613956989,52512.53003187204,74546.93701740583,23505.100871155064,14546.014905340566,-14.67597,28.00134,Borehole/Tubewell,,Well,,Central,False,0,Chibombo,2021,5GQC82F2+JG8
11.0,235.0,87047.29956956122,51774.54178495634,74283.06630385622,23325.49923704285,15397.009957531189,-14.675201666666664,28.010986666666668,Borehole/Tubewell,Hand Pump - India Mark,Well,Hand Pump,Central,False,0,Chibombo,2014,5GQC82F6+W99
7.0,276.0,88599.01140084286,49016.9478314052,75891.7013581288,25535.011792642734,19816.958127780326,-14.650205,28.04299333333333,Borehole/Tubewell,Hand Pump - India Mark,Well,Hand Pump,Central,False,0,Chibombo,2014,5GQC82XV+W59
1.0,4003.0,82896.41405329194,43985.68718223725,70215.10207478008,21517.4420034576,22529.76830442264,-14.6891,28.09739,Borehole/Tubewell,Hand Pump - India Mark,Well,Hand Pump,Central,False,0,Chibombo,2022,5GQC836W+8XG
0.0,333.0,83814.01690520762,45882.50285993359,71145.79818370171,21534.38446438442,20606.79058979508,-14.686181666666668,28.07511833333333,Borehole/Tubewell,Hand Pump - India Mark,Well,Hand Pump,Central,False,0,Chibombo,2014,5GQC837G+G2H
1.0,2835.0,83254.87860339296,44579.21301769319,70575.91175956224,21614.930778538877,22061.106463995093,-14.68722,28.091395,Borehole/Tubewell,Hand Pump - India Mark,Well,Hand Pump,Central,False,0,Chibombo,2022,5GQC837R+4GM
11.0,321.0,84590.06145818077,47145.40740018877,71902.62580677205,21903.557810169023,19649.23887123067,-14.682365,28.0625,Borehole/Tubewell,Hand Pump - India Mark,Well,Hand Pump,Central,False,0,Chibombo,2014,5GQC8397+322
1.0,1362.0,84334.33304351316,45643.17153558717,71656.5636411095,22521.58642970924,22125.982797072716,-14.678316666666667,28.086705,Borehole/Tubewell,Hand Pump - India Mark,Well,Hand Pump,Central,False,0,Chibombo,2014,5GQC83CP+MMG
1.0,1566.0,84424.19878775398,45575.589170489424,71744.94711714676,22718.53614788999,22445.90997903915,-14.676844,28.089262,Borehole/Tubewell,Hand Pump - India Mark,Well,Hand Pump,Central,False,0,Chibombo,2022,5GQC83FQ+7P3
18.0,1492.0,84810.16174871734,46050.33541042105,72132.26594036788,22973.56502097179,22295.9466510757,-14.674098333333331,28.085818333333336,Protected Well,Hand Pump - India Mark,Well,Hand Pump,Central,False,0,Chibombo,2014,5GQC83GP+988
10.0,1875.0,85476.63932884172,46503.37484462804,72800.47798369448,23483.744964070127,22133.27583790518,-14.669003333333334,28.081343333333333,Borehole/Tubewell,Hand Pump - India Mark,Well,Hand Pump,Central,False,0,Chibombo,2014,5GQC83JJ+9GW
13.0,2196.0,85673.59748439761,46474.17655209284,72997.62271404169,23657.72078584533,22147.25839223607,-14.667356666666668,28.080583333333333,Borehole/Tubewell,Hand Pump - India Mark,Well,Hand Pump,Central,False,0,Chibombo,2014,5GQC83MJ+364
16.0,3563.0,86230.7039869327,46643.24580027216,73556.84928369494,24068.06263409094,21947.05767929032,-14.663295000000002,28.076115,Borehole/Tubewell,Hand Pump - India Mark,Well,Hand Pump,Central,False,0,Chibombo,2014,5GQC83PG+MCQ
21.0,2534.0,86669.92185179122,47190.08351543732,74000.9800447961,24270.02173107144,21395.605525652343,-14.661103333333331,28.06880333333333,Protected Well,Hand Pump - India Mark,Well,Hand Pump,Central,False,0,Chibombo,2014,5GQC83Q9+HG3
24.0,2851.0,86884.07169649091,46841.87805484258,74212.88228549647,24564.838402590223,21745.922219216496,-14.65852,28.07098333333333,Protected Well,Hand Pump - India Mark,Well,Hand Pump,Central,False,0,Chibombo,2014,5GQC83RC+H9X
9.0,2937.0,86933.93265135356,46600.73540487245,74261.11271088614,24684.592006969884,21986.676734243643,-14.65753,28.072983333333333,Borehole/Tubewell,Hand Pump - India Mark,Well,Hand Pump,Central,False,0,Chibombo,2014,5GQC83RF+X5Q
18.0,366.0,87328.35492020533,47865.79161223899,74649.3159311325,24655.351756657576,20756.964818400043,-14.657495,28.05935333333333,Protected Well,Hand Pump - India Mark,Well,Hand Pump,Central,False,0,Chibombo,2014,5GQC83V5+2P5
13.0,2867.0,86942.8125778043,46490.59068042027,74269.25944799247,24727.72787587844,22096.3741352429,-14.657191666666666,28.073966666666667,Borehole/Tubewell,Hand Pump - India Mark,Well,Hand Pump,Central,False,0,Chibombo,2014,5GQC83VF+4HG
0.0,455.0,86738.75708385967,45269.342204188426,74058.36466788237,24975.216967945555,23318.00326635268,-14.655961666666666,28.086455,Borehole/Tubewell,Hand Pump - India Mark,Well,Hand Pump,Central,False,0,Chibombo,2014,5GQC83VP+JH8
8.0,276.0,86509.36799603995,44464.68517070588,73826.29828104323,25093.01491825856,24140.04508329217,-14.656,28.09527666666667,Borehole/Tubewell,Hand Pump - India Mark,Well,Hand Pump,Central,False,0,Chibombo,2014,5GQC83VW+J42
9.0,1932.0,87433.16989311141,46739.91987632861,74762.28571197373,25075.42732457937,21868.749040251903,-14.653835,28.069251666666663,Borehole/Tubewell,Hand Pump - India Mark,Well,Hand Pump,Central,False,0,Chibombo,2014,5GQC83W9+FP6
13.0,2131.0,87350.43108153467,46429.4392183598,74677.19839682183,25099.84374487013,22170.227186250693,-14.65374999999999,28.072536666666664,Borehole/Tubewell,Hand Pump - India Mark,Well,Hand Pump,Central,False,0,Chibombo,2014,5GQC83WF+G23
1.0,4346.0,82937.07476577452,43876.03024394993,70254.82190230413,21678.76373401335,22829.806388332137,-14.688101,28.099998,Borehole/Tubewell,Hand Pump - India Mark,Well,Hand Pump,Central,False,0,Chibombo,2022,5GQC8462+Q2J
1.0,1964.0,83702.13854027231,44213.51249720159,71018.4502190344,22667.563315891668,23703.79810278269,-14.67991,28.10467,Borehole/Tubewell,Hand Pump - India Mark,Well,Hand Pump,Central,False,0,Chibombo,2022,5GQC84C3+2VG
13.0,1387.0,84089.22255198429,44683.52895560679,71405.96358957546,22905.20093208466,23551.30626354305,-14.67707,28.10138,Borehole/Tubewell,Hand Pump - India Mark,Well,Hand Pump,Central,False,0,Chibombo,2014,5GQC84F2+5HC
9.0,288.0,88717.86659638924,49007.639800764766,76010.29390934351,25648.072543464757,19848.857323284054,-14.649213333333334,28.04255,Borehole/Tubewell,Hand Pump - India Mark,Well,Hand Pump,Central,False,0,Chibombo,2014,5GQC922V+827
18.0,284.0,88669.36630868413,48851.26282485719,75964.79259053814,25637.457145796747,19986.98069756358,-14.649191666666663,28.044181666666667,Borehole/Tubewell,Hand Pump - India Mark,Well,Hand Pump,Central,False,0,Chibombo,2014,5GQC922V+8MF
11.0,325.0,89223.7165647943,45505.39901013204,76547.64487784958,27027.707173977637,23256.11906273311,-14.636296666666665,28.07231833333333,Borehole/Tubewell,Hand Pump - India Mark,Well,Hand Pump,Central,False,0,Chibombo,2014,5GQC937C+FWP
,716.0,178136.36943519305,14903.140321080336,29848.847040447166,58035.80934035868,671.9557101392332,-12.38669,25.92805,Protected Well,Hand Pump,Well,Hand Pump,North-Western,False,0,Solwezi,2021,5GV7JW7H+86M
0.0,94.0,173476.44534661807,85575.55170794667,154316.5865654434,40706.92013896384,14945.92583615104,-14.966445,29.828457,Borehole/Tubewell,,Well,,Lusaka,False,0,Rufunsa,2018,5GQF2RMH+C9G
0.0,39.0,172961.31833344384,86159.83813985116,155966.55944031518,41754.92521794853,15292.505628473848,-14.95422,29.81957,Borehole/Tubewell,,Well,,Lusaka,False,0,Rufunsa,2018,5GQF2RW9+8R8
,81.0,35505.2769929913,31800.318661903428,36474.11092026575,5336.815240038932,10258.906506501322,-13.960046,32.64509,Borehole/Tubewell,Hand Pump,Well,Hand Pump,Eastern,False,0,Chadiza,2022,5GRJ2JQW+X2P
1.0,1137.0,47139.292163523634,33175.13559596756,46059.00373263021,18400.605390881643,1613.713091088602,-13.90602,32.30605,Borehole/Tubewell,Motorized Pump,Well,Motorized Pump,Eastern,False,0,Kasenengwa,2013,5GRJ38V4+HCV
2.0,111.0,34510.38869583958,22928.041817769645,35503.84227484834,12672.25965173608,8926.296566120145,-13.939191,32.733026,Protected Spring,Hand Pump - Blue,Spring,Hand Pump,Eastern,False,0,Chipata,2022,5GRJ3P6M+86C
1.0,458.0,40947.96518729438,39269.742799059626,39850.082406092624,20109.57363542129,735.6211488101919,-13.867602,32.347969,Borehole/Tubewell,Hand Pump,Well,Hand Pump,Eastern,False,0,Chipata,2022,5GRJ48JX+X7R
1.0,111.0,31799.13694665949,41844.59782584672,31723.45557629542,5157.051279860667,1097.076035530716,-13.895974,32.513867,Borehole/Tubewell,Hand Pump,Well,Hand Pump,Eastern,False,0,Chipata,2022,5GRJ4G37+JG9
1.0,372.0,28220.717711630303,31447.956691732288,28941.23200587818,91.32892118871148,2865.4344047264262,-13.89222,32.613344,Borehole/Tubewell,Hand Pump,Well,Hand Pump,Eastern,False,0,Chipata,2022,5GRJ4J57+489
1.0,85.0,27568.703826043853,30585.361763111592,28342.051306172954,56.15664018957335,2963.1614175248988,-13.887023,32.619941,Borehole/Tubewell,Hand Pump,Well,Hand Pump,Eastern,False,0,Chipata,2022,5GRJ4J79+5XW
1.0,375.0,52745.92822988396,30778.35007665992,50686.04306681464,32657.306111801703,286.3619554643797,-13.82672,32.19751,Borehole/Tubewell,Motorized Pump,Well,Motorized Pump,Eastern,False,0,Kasenengwa,2013,5GRJ55FX+826
7.0,334.0,48313.87647861167,34015.53652843615,46429.75363436951,30324.80806739448,21.640976655781017,-13.82015,32.23934,Borehole/Tubewell,Motorized Pump,Well,Motorized Pump,Eastern,False,0,Kasenengwa,2013,5GRJ56HQ+WPW
13.0,1394.0,41456.92075242438,38707.16521598033,40213.02675055907,22757.18079536093,3047.3433270186056,-13.84929,32.32849,Borehole/Tubewell,Motorized Pump,Well,Motorized Pump,Eastern,False,0,Kasenengwa,2013,5GRJ582H+79Q
1.0,701.0,41960.47458640636,38619.823653916734,40566.36332447755,25788.381441809903,5154.024347184287,-13.82765,32.30921,Borehole/Tubewell,Motorized Pump,Well,Motorized Pump,Eastern,False,0,Kasenengwa,2013,5GRJ58C5+WMW
4.0,860.0,35513.18704489824,44746.66114306088,34242.08638100175,23185.000206067707,6130.727067407773,-13.80929,32.36744,Borehole/Tubewell,Motorized Pump,Well,Motorized Pump,Eastern,False,0,Kasenengwa,2013,5GRJ59R8+7XP
1.0,793.0,35126.47209877498,45218.294323912814,33816.68107478456,23757.660325651537,6889.151881052279,-13.80217,32.36718,Borehole/Tubewell,Motorized Pump,Well,Motorized Pump,Eastern,False,0,Kasenengwa,2013,5GRJ59X8+4VM
1.0,654.0,32735.914898577023,47916.28764626399,31854.253912785432,16125.439850819645,1122.1520930677034,-13.84261,32.426099,Borehole/Tubewell,Hand Pump,Well,Hand Pump,Eastern,False,0,Chipata,2022,5GRJ5C4G+XC5
1.0,667.0,32504.512696847916,48125.547717182206,31618.52989137339,16198.75144857769,1064.8337962489632,-13.840705,32.427202,Borehole/Tubewell,Hand Pump,Well,Hand Pump,Eastern,False,0,Chipata,2022,5GRJ5C5G+PV8
1.0,745.0,32624.64221059893,47908.472694681885,31706.48989168422,16667.800829058673,1528.508582424092,-13.838337,32.423435,Borehole/Tubewell,Hand Pump,Well,Hand Pump,Eastern,False,0,Chipata,2022,5GRJ5C6F+M97
1.0,667.0,32723.59389982301,47731.01040730201,31776.82432688995,17090.443014529676,1938.0784370330173,-13.836111,32.420143,Borehole/Tubewell,Hand Pump,Well,Hand Pump,Eastern,False,0,Chipata,2022,5GRJ5C7C+H32
1.0,549.0,32482.21216676735,47945.380858676144,31527.13458028677,17216.721035395924,1918.209449396241,-13.833773,32.421004,Borehole/Tubewell,Hand Pump,Well,Hand Pump,Eastern,False,0,Chipata,2022,5GRJ5C8C+FCR
1.0,117.0,32530.59118282161,47721.37087575762,31491.904947452364,18465.64487646324,2982.786305984358,-13.825466,32.413182,Borehole/Tubewell,Hand Pump,Well,Hand Pump,Eastern,False,0,Chipata,2022,5GRJ5CF7+R77
1.0,470.0,29063.03679212471,47909.53057527311,28116.996445643665,16957.597299430137,291.1485003832959,-13.81332,32.444712,Borehole/Tubewell,Hand Pump,Well,Hand Pump,Eastern,False,0,Chipata,2022,5GRJ5CPV+MVG
1.0,555.0,24423.3678733151,41503.64370044298,23870.48252713732,12126.485404703437,5348.321139791679,-13.810818,32.503904,Borehole/Tubewell,Hand Pump,Well,Hand Pump,Eastern,False,0,Chipata,2022,5GRJ5GQ3+MHC
1.0,758.0,23679.392806065927,41248.45617445218,23100.49152188888,11813.041403525283,5110.451456995389,-13.803865,32.506077,Borehole/Tubewell,Hand Pump,Well,Hand Pump,Eastern,False,0,Chipata,2022,5GRJ5GW4+FC4
1.0,372.0,23235.685891824203,40675.92345101611,22696.041830596525,11233.02514944188,5516.992535612396,-13.802901,32.511357,Borehole/Tubewell,Hand Pump,Well,Hand Pump,Eastern,False,0,Chipata,2022,5GRJ5GW6+RGQ
,536.0,21445.39386268648,33559.72978431556,21685.60421305036,4098.3183323729545,2087.735432221223,-13.821301,32.578095,Borehole/Tubewell,Hand Pump,Well,Hand Pump,Eastern,False,0,Chipata,2022,5GRJ5HHH+F6H
1.0,523.0,19568.656429917428,32345.49454296545,19881.842139319357,2970.585333164058,3278.1635142743944,-13.80689,32.588516,Borehole/Tubewell,Hand Pump,Well,Hand Pump,Eastern,False,0,Chipata,2022,5GRJ5HVQ+6CR
1.0,209.0,19974.516149996907,22064.431800781687,21403.614109854818,7364.657165592488,50.06329057032852,-13.815712,32.684314,Borehole/Tubewell,Hand Pump,Well,Hand Pump,Eastern,False,0,Chipata,2022,5GRJ5MMM+PP8
1.0,78.0,20045.49434158439,17603.736600413467,21850.215808275407,10720.250686492516,751.437160902899,-13.803048,32.724801,Borehole/Tubewell,Hand Pump,Well,Hand Pump,Eastern,False,0,Chipata,2022,5GRJ5PWF+QWM
1.0,327.0,22694.46582538544,14608.034050330776,24629.784341097584,14098.240845587205,26.789036442958796,-13.815114,32.753645,Borehole/Tubewell,Hand Pump,Well,Hand Pump,Eastern,False,0,Chipata,2022,5GRJ5QM3+XF2
1.0,417.0,39991.61183053715,43339.568727411366,37579.2994005236,32778.57786645223,111.219340123018,-13.75676,32.29627,Borehole/Tubewell,Motorized Pump,Well,Motorized Pump,Eastern,False,0,Kasenengwa,2013,5GRJ67VW+7GR
1.0,150.0,32139.841487529862,48572.54154573884,30686.379292420777,24997.61212980489,7262.832951967855,-13.77173,32.38148,Borehole/Tubewell,Motorized Pump,Well,Motorized Pump,Eastern,False,0,Kasenengwa,2013,5GRJ69HJ+8H5
1.0,224.0,27517.970096854348,48848.41929240534,26312.11502289797,19299.61009868673,2495.8823896338263,-13.779885,32.436099,Borehole/Tubewell,Hand Pump,Well,Hand Pump,Eastern,False,0,Chipata,2022,5GRJ6CCP+2CX
1.0,922.0,14620.413441734589,31650.327736879284,14870.315924059136,3398.9756356689454,2887.8151965309457,-13.762343,32.596985,Borehole/Tubewell,Hand Pump,Well,Hand Pump,Eastern,False,0,Chipata,2022,5GRJ6HQW+3Q9
1.0,225.0,38816.0578917545,45856.51484891807,35966.43496218388,29713.71514513028,821.7891897713897,-13.73017,32.299325,Borehole/Tubewell,Motorized Pump,Well,Motorized Pump,Eastern,False,0,Kasenengwa,2013,5GRJ779X+WPP
1.0,3819.0,23128.122391402616,46207.55931431399,21824.08682190245,16971.156394287933,437.7174162453765,-13.7478,32.4632,Borehole/Tubewell,Motorized Pump,Well,Motorized Pump,Eastern,False,0,Kasenengwa,2013,5GRJ7F27+V7P
1.0,1267.0,17463.802304519664,43355.992310310125,15934.489996233217,15668.378019495016,1176.563521077027,-13.70319,32.49831,Borehole/Tubewell,Motorized Pump,Well,Motorized Pump,Eastern,False,0,Chipata,2013,5GRJ7FWX+P8F
1.0,287.0,15904.981198857471,40649.22930764402,14665.15110063814,12936.493211016845,2371.114396767961,-13.715211,32.5211,Borehole/Tubewell,Hand Pump,Well,Hand Pump,Eastern,False,0,Chipata,2022,5GRJ7GMC+WC9
14.0,901.0,30498.56840086243,54669.89390221024,27092.775454269988,21213.281625893265,2116.7277587707204,-13.68126,32.36726,Borehole/Tubewell,Motorized Pump,Well,Motorized Pump,Eastern,False,0,Kasenengwa,2013,5GRJ8998+FWR
4.0,384.0,29814.579292445396,57568.18703999648,25726.12537258486,17755.600669249343,55.09543447533295,-13.65017,32.37052,Borehole/Tubewell,Motorized Pump,Well,Motorized Pump,Eastern,False,0,Kasenengwa,2013,5GRJ89XC+X67
1.0,0.0,204953.4377569218,99010.4424839105,72250.78760233273,73584.65132774701,1655.4732750509563,-12.48741,24.91296,Borehole/Tubewell,Motorized Pump,Well,Motorized Pump,North-Western,False,0,Kalumbila,2014,5GV6GW77+25P
1.0,35.0,201151.9083910532,100685.39186795698,73943.21717811511,78993.09052432027,14.883408469616672,-12.46797,24.96941,Borehole/Tubewell,Motorized Pump,Well,Motorized Pump,North-Western,False,0,Kalumbila,2013,5GV6GXJ9+RQ7
1.0,50.0,201071.1349059122,100793.99233240214,73959.91387939308,79198.4584169314,22.648784151460625,-12.46776,24.971399,Borehole/Tubewell,Motorized Pump,Well,Motorized Pump,North-Western,False,0,Kalumbila,2014,5GV6GXJC+VHR
1.0,149.0,200509.42188323743,101359.56500051376,74166.1765937291,80380.58455615707,29.706175854784355,-12.46566,24.98304,Borehole/Tubewell,Motorized Pump,Well,Motorized Pump,North-Western,False,0,Kalumbila,2013,5GV6GXMM+P6M
0.0,0.0,198485.1811884548,62929.17170244656,102596.64536322454,32279.01469082049,37870.61111626759,-12.281,24.57538,Borehole/Tubewell,Motorized Pump,Well,Motorized Pump,North-Western,False,0,Mwinilunga,2013,5GV6PH9G+J52
0.0,0.0,198694.39870927815,62661.51261144364,102780.4859065703,31645.583760600923,37310.98896055522,-12.27998,24.56965,Borehole/Tubewell,Motorized Pump,Well,Motorized Pump,North-Western,False,0,Mwinilunga,2013,5GV6PHC9+2V2
,290.0,195628.1658041404,32636.95953568589,22068.77917881152,61686.43839251697,91.97194955317516,-12.54636,25.88914,Protected Well,Hand Pump,Well,Hand Pump,North-Western,False,0,Kalumbila,2021,5GV7FV3Q+FM2
,2856.0,191559.81169336432,27598.54686042524,26376.790450108765,66844.94578271055,673.223360891346,-12.49951,25.88018,Protected Well,Hand Pump,Well,Hand Pump,North-Western,False,0,Kalumbila,2021,5GV7GV2J+53V
,1363.0,191862.1898205701,27452.281689199328,27497.67662024869,67190.46999405441,1849.0032828221688,-12.49632,25.86882,Protected Well,Hand Pump,Well,Hand Pump,North-Western,False,0,Kalumbila,2021,5GV7GV39+FGG
,0.0,189805.4374242058,25668.05430138402,27643.03427047445,67145.99287075675,1312.4112130210349,-12.48208,25.8816,Protected Well,Hand Pump,Well,Hand Pump,North-Western,False,0,Kalumbila,2021,5GV7GV9J+5J9
,62.0,188697.39420864117,24947.64124521388,27226.09782863888,65785.90060690252,283.12456232710394,-12.4769,25.89298,Protected Well,Hand Pump,Well,Hand Pump,North-Western,False,0,Kalumbila,2021,5GV7GVFV+65X
,512.0,186810.5194050989,23479.345550957594,27360.819785061707,63886.47437809356,60.69684522947074,-12.46453,25.90601,Protected Well,Hand Pump,Well,Hand Pump,North-Western,False,0,Kalumbila,2021,5GV7GWP4+5CJ
,191.0,184357.91792881276,21916.97129051496,26348.467896396625,61181.40984243074,534.8964806251873,-12.45035,25.9265,Protected Well,Hand Pump,Well,Hand Pump,North-Western,False,0,Solwezi,2021,5GV7GWXG+VJ6
1.0,260.0,191422.06180009816,94254.6496258794,78456.82356597806,86875.15253162301,442.8112839183228,-12.40087,25.06256,Borehole/Tubewell,Motorized Pump,Well,Motorized Pump,North-Western,False,0,Kalumbila,2013,5GV7H3X7+M23
,515.0,183281.602037372,20914.2092110547,26533.08519729977,60379.20886867094,653.2964996584744,-12.44106,25.929858,Protected Well,Hand Pump,Well,Hand Pump,North-Western,False,0,Solwezi,2021,5GV7HW5H+HWH
,710.0,183063.9587136771,20231.55163666261,27470.530218990956,60719.88949138069,166.08889028427816,-12.435244,25.923323,Protected Well,Hand Pump,Well,Hand Pump,North-Western,False,0,Solwezi,2021,5GV7HW7F+W84
,740.0,182995.9928096061,20345.757999082394,27146.80345205452,60481.07777878775,164.79578970756015,-12.43614,25.92624,Protected Well,Hand Pump,Well,Hand Pump,North-Western,False,0,Solwezi,2021,5GV7HW7G+GFX
,311.0,181499.25079194168,18933.26718054869,27511.550719516723,59414.026087183134,365.0590674856067,-12.42304,25.9306,Protected Well,Hand Pump,Well,Hand Pump,North-Western,False,0,Solwezi,2021,5GV7HWGJ+Q6Q
,56.0,180299.20598060152,18518.47141199281,26694.261553131924,57891.162308079714,1470.8513168425322,-12.41768,25.94352,Protected Well,Hand Pump,Well,Hand Pump,North-Western,False,0,Solwezi,2021,5GV7HWJV+WCC
,101.0,180431.13369375427,17804.679044483746,28044.893866414383,58798.33855292478,245.3414726493261,-12.41268,25.93188,Protected Well,Hand Pump,Well,Hand Pump,North-Western,False,0,Solwezi,2021,5GV7HWPJ+WQC
,128.0,180604.57553713783,17489.89722011591,28848.44885052784,59423.52990317759,592.5624783931877,-12.41038,25.92449,Protected Well,Hand Pump,Well,Hand Pump,North-Western,False,0,Solwezi,2021,5GV7HWQF+RQX
,125.0,180614.59917411013,17444.286236188884,28947.662307700408,59490.99616218505,691.5831701417028,-12.41001,25.92364,Protected Well,Hand Pump,Well,Hand Pump,North-Western,False,0,Solwezi,2021,5GV7HWQF+XFR
,104.0,180967.73096914747,20207.81916846657,24780.806994210456,57392.22494726899,3204.2299127180327,-12.43097,25.95549,Protected Well,Hand Pump,Well,Hand Pump,North-Western,False,0,Solwezi,2021,5GV7HX94+J59
,428.0,178643.360875236,15826.001782815169,28993.06588047614,57900.81319197889,68.92976711034437,-12.3946,25.93274,Protected Well,Hand Pump,Well,Hand Pump,North-Western,False,0,Solwezi,2021,5GV7JW4M+539
,743.0,178259.6888052427,15194.71441979606,29522.965945306587,57929.95136693762,399.14176856710856,-12.389142,25.930122,Protected Well,Hand Pump,Well,Hand Pump,North-Western,False,0,Solwezi,2019,5GV7JW6J+82X
,737.0,178073.36161562867,15060.219058264707,29488.729204612333,57765.60528248079,313.3201620262356,-12.387806,25.931197,Protected Well,Hand Pump,Well,Hand Pump,North-Western,False,0,Solwezi,2019,5GV7JW6J+VFG
,695.0,178270.36580830047,14899.978154815895,30053.723861541348,58264.71440803939,905.5597218187028,-12.386838,25.92584,Protected Well,Hand Pump,Well,Hand Pump,North-Western,False,0,Solwezi,2019,5GV7JW7G+788
,656.0,177848.37966777722,14615.82692974258,29930.52146203382,57865.0444013952,668.0960723236165,-12.384027,25.928651,Protected Well,Hand Pump,Well,Hand Pump,North-Western,False,0,Solwezi,2019,5GV7JW8H+9FJ
,128.0,176427.44905703524,14347.024317912605,28603.49448263099,55925.78871332384,971.2741501595416,-12.37882267,25.94574204,Protected Well,Hand Pump,Well,Hand Pump,North-Western,False,0,Solwezi,2019,5GV7JWCW+F7H
,290.0,176879.76222261542,13757.627500637347,30052.537184018984,57189.95479009954,552.7717149755638,-12.375846,25.932047,Protected Well,Hand Pump,Well,Hand Pump,North-Western,False,0,Solwezi,2019,5GV7JWFJ+MR7
,182.0,176722.41967566463,13996.829216110762,29470.118043087823,56701.23014589623,51.87467672414348,-12.377241,25.937424,Protected Well,Hand Pump,Well,Hand Pump,North-Western,False,0,Solwezi,2019,5GV7JWFP+4X3
,227.0,176711.65983683756,14027.323134785638,29409.282652344587,56654.66688132602,113.66342009633748,-12.37743,25.93796,Protected Well,Hand Pump,Well,Hand Pump,North-Western,False,0,Solwezi,2021,5GV7JWFQ+25G
,563.0,175748.69769905816,13072.52656764734,29778.798672078257,56123.39466122812,41.784358821960105,-12.36834,25.93963,Protected Well,Hand Pump,Well,Hand Pump,North-Western,False,0,Solwezi,2021,5GV7JWJQ+MV6
,0.0,174690.65059390356,41888.20831643946,69659.98676645425,96698.65889445422,12903.526514888725,-12.29486,25.53323,Protected Well,Hand Pump,Well,Hand Pump,North-Western,False,0,Kalumbila,2021,5GV7PG4M+375
,0.0,174574.64147675718,41613.6163511088,69530.01323708899,96717.54623240716,13104.829284527184,-12.29371,25.53564,Protected Well,Hand Pump,Well,Hand Pump,North-Western,False,0,Kalumbila,2021,5GV7PG4P+G76
,0.0,173325.7515115057,40380.4779086804,69466.33135275023,95907.11658687708,12030.958965026608,-12.28194,25.54589,Protected Well,Hand Pump,Well,Hand Pump,North-Western,False,0,Kalumbila,2021,5GV7PG9W+69C
,0.0,172755.41229386153,40681.91494199111,70082.38774731141,96191.31413672848,11451.848599965328,-12.27693,25.54274,Protected Well,Hand Pump,Well,Hand Pump,North-Western,False,0,Kalumbila,2021,5GV7PGFV+63H
1.0,23.0,171924.95990003823,45132.63643277144,74022.3200418629,100491.78320661192,8792.04514636383,-12.27084,25.50143,Borehole/Tubewell,Motorized Pump,Well,Motorized Pump,North-Western,False,0,Kalumbila,2013,5GV7PGH2+MH7
1.0,5.0,170457.87275963093,44920.8150507301,74794.079912956,101775.77313986664,8700.633146212485,-12.25754,25.503,Borehole/Tubewell,Motorized Pump,Well,Motorized Pump,North-Western,False,0,Kalumbila,2013,5GV7PGR3+X6J
,0.0,172559.69259647146,39429.84484320219,69296.13682831767,94933.53113216812,11339.038426339965,-12.27458,25.55412,Protected Well,Hand Pump,Well,Hand Pump,North-Western,False,0,Kalumbila,2021,5GV7PHG3+5J9
1.0,134.0,170126.12970056623,73734.933766799,88562.89862923865,99483.741336542,3072.6882772389067,-12.23832,25.23832,Borehole/Tubewell,Motorized Pump,Well,Motorized Pump,North-Western,False,0,Kalumbila,2013,5GV7Q66Q+M8G
1.0,44.0,168249.18335393554,40420.824202270815,72871.09359437422,95632.10256017205,6969.870993693062,-12.23605,25.54472,Borehole/Tubewell,Motorized Pump,Well,Motorized Pump,North-Western,False,0,Kalumbila,2013,5GV7QG7V+HVQ
1.0,80.0,167918.62494957203,41050.6970230493,73529.80913297046,96231.80152123093,6613.399290644234,-12.23333,25.53906,Borehole/Tubewell,Motorized Pump,Well,Motorized Pump,North-Western,False,0,Kalumbila,2013,5GV7QG8Q+MJ7
1.0,434.0,161774.22369706113,37372.53563390049,74182.00410718101,91507.06187449572,4446.631223222786,-12.17508,25.58154,Borehole/Tubewell,Hand Pump - India Mark,Well,Hand Pump,North-Western,False,0,Kalumbila,2013,5GV7RHFJ+XJ7
2.0,155.0,154625.85047346554,51814.699372410425,88727.38915859075,104770.93906698124,49.04420402474018,-12.11482,25.46077,Borehole/Tubewell,Motorized Pump,Well,Motorized Pump,North-Western,False,0,Kalumbila,2013,5GV7VFP6+38C
2.0,164.0,154409.7578022168,51271.94611093321,88427.48798218742,104143.39049251653,8.806352791078563,-12.11288,25.46661,Borehole/Tubewell,Motorized Pump,Well,Motorized Pump,North-Western,False,0,Kalumbila,2013,5GV7VFP8+RJX
2.0,2889.0,153757.39748392516,48464.97915926304,85817.39929350471,100984.82604552271,718.923800903353,-12.10669,25.49591,Borehole/Tubewell,Motorized Pump,Well,Motorized Pump,North-Western,False,0,Kalumbila,2013,5GV7VFVW+89F
23.0,201.0,174015.58369455722,88157.71472441981,189.59623505489276,78078.65741338056,18676.044664975103,-12.95987,26.575515000000003,Protected Well,Hand Pump,Well,Hand Pump,North-Western,False,0,Solwezi,2014,5GV82HRG+362
23.0,58.0,164773.55698709036,66759.5724927037,22476.86934289977,65705.01185460009,3799.268307682638,-12.780278333333335,26.47987833333333,Protected Well,Hand Pump,Well,Hand Pump,North-Western,False,0,Solwezi,2014,5GV86F9H+VXJ
4.0,156.0,163501.85510705903,69454.60121256972,18792.214290786917,68260.03077499071,1408.8182783059672,-12.798635,26.519491666666667,Borehole/Tubewell,Hand Pump - India Mark,Well,Hand Pump,North-Western,False,0,Solwezi,2014,5GV86G29+GQX
10.0,469.0,162600.22858300444,68075.57470285555,20126.935726358315,66880.29089534417,235.79265917556552,-12.786318333333334,26.51749333333333,Borehole/Tubewell,Hand Pump - India Mark,Well,Hand Pump,North-Western,False,0,Solwezi,2014,5GV86G78+FXH
0.0,13.0,156793.95048035352,57378.82827863468,30750.22479072744,56225.50577456295,55.48066136825685,-12.692731666666669,26.491395000000004,Borehole/Tubewell,Hand Pump - India Mark,Well,Hand Pump,North-Western,False,0,Solwezi,2014,5GV88F4R+WH2
2.0,1900.0,124697.06443107968,8634.505123954918,33636.49004147285,5785.012215940385,2012.6977218640268,-12.200986666666664,26.476045,Borehole/Tubewell,Hand Pump - India Mark,Well,Hand Pump,North-Western,False,0,Solwezi,2014,5GV8QFXG+JC3
5.0,5771.0,126867.01451438,5742.259014524308,31988.74676942745,3112.0562129162527,4884.668362964449,-12.194876666666667,26.450201666666665,Borehole/Tubewell,Hand Pump - India Mark,Well,Hand Pump,North-Western,False,0,Solwezi,2014,5GV8RF42+23W
19.0,68.0,80379.28312209349,57445.322057659534,57075.0229462684,55890.94626990047,24472.329336715942,-12.367079999999998,27.29541166666667,Borehole/Tubewell,Rope and Bucket,Well,Rope and Bucket,Copperbelt,False,0,Lufwanyama,2014,5GV9J7MW+557
20.0,65.0,80136.95222336413,58321.49709968075,57955.13426199924,55482.52348000234,24925.74062505547,-12.362121666666669,27.285305,Borehole/Tubewell,Rope and Bucket,Well,Rope and Bucket,Copperbelt,False,0,Lufwanyama,2014,5GV9J7QP+543
34.0,624.0,81204.29945948986,52684.73032542243,52296.0709060546,56052.64856285738,22320.539690534188,-12.386511666666667,27.34953,Borehole/Tubewell,Rope and Bucket,Well,Rope and Bucket,Copperbelt,False,0,Chingola,2014,5GV9J87X+9RR
1.0,1083.0,81043.17531173909,55178.2657195724,54797.69375217438,56191.08048012512,23483.89152613211,-12.379586666666668,27.32205333333333,Borehole/Tubewell,Hand Pump - India Mark,Well,Hand Pump,Copperbelt,False,0,Chingola,2014,5GV9J8CC+5R7
1.0,923.0,81008.67085144119,52205.06298093264,51816.06549555312,55818.87078372969,21970.5875286297,-12.385478333333332,27.35387166666667,Borehole/Tubewell,Hand Pump - India Mark,Well,Hand Pump,Copperbelt,False,0,Chingola,2014,5GV9J973+RG5
0.0,82.0,82504.38085968119,65209.14233506308,65878.74252812225,49782.74822707196,21130.311568479672,-12.346816666666664,27.17733833333333,Borehole/Tubewell,Hand Pump - India Mark,Well,Hand Pump,Copperbelt,False,0,Lufwanyama,2014,5GV9M53G+7WG
1.0,49.0,65242.97086447773,43421.16382722021,43112.61374744118,39882.83416763488,7400.331641342561,-12.24837,27.399951666666663,Borehole/Tubewell,Hand Pump - India Mark,Well,Hand Pump,North-Western,False,0,Mushindano,2014,5GV9Q92X+MX4
11.0,34.0,210372.03445481087,79994.96840997515,44808.90023844217,79281.94644286663,6854.453283529647,-12.87839,30.86704666666667,Borehole/Tubewell,Hand Pump - India Mark,Well,Hand Pump,Muchinga,False,0,Lavushimanda,2014,5GVG4VC8+JRV
2.0,377.0,212581.16011264012,83115.03183206396,46254.63055907217,82546.70014109022,12471.400570663423,-12.826496666666666,30.868795,Borehole/Tubewell,Hand Pump - India Mark,Well,Hand Pump,Muchinga,False,0,Lavushimanda,2014,5GVG5VF9+CG3
1.0,69.0,209792.0651511431,88052.43198756088,51067.294919194064,87475.21434313414,14939.648566738257,-12.804225,30.908261666666665,Borehole/Tubewell,Hand Pump - India Mark,Well,Hand Pump,Muchinga,False,0,Lavushimanda,2014,5GVG5WW5+886
18.0,124.0,201194.75226270425,94373.9611996657,59144.88899841189,94077.47874605992,15356.70342955968,-12.818698333333336,30.98942833333333,Protected Spring,Rope and Bucket,Spring,Rope and Bucket,Muchinga,False,0,Lavushimanda,2014,5GVG5XJQ+GQF
12.0,52.0,218755.18914221268,82325.44316036822,43761.5580603461,81377.00076283186,15401.502239514226,-12.781393333333332,30.82777,Protected Well,Rope and Bucket,Well,Rope and Bucket,Muchinga,False,0,Lavushimanda,2014,5GVG6R9H+C4R
1.0,69.0,210058.601761424,92199.11978871808,54441.192751118986,91693.9942828629,19732.78527465909,-12.76349,30.92664,Protected Well,Hand Pump - Rope,Well,,Muchinga,False,0,Lavushimanda,2014,5GVG6WPG+JM2
2.0,69.0,210565.65191093687,92559.88163627626,54532.06107658112,92075.07368956946,20521.41691317216,-12.755958333333334,30.92540166666667,Borehole/Tubewell,Hand Pump - India Mark,Well,Hand Pump,Muchinga,False,0,Lavushimanda,2014,5GVG6WVG+J56
2.0,185.0,206891.789321264,99208.77791871762,61318.15750831492,99884.82680564582,26427.07784767812,-12.717241666666666,30.98564,Borehole/Tubewell,Hand Pump - India Mark,Well,Hand Pump,Muchinga,False,0,Lavushimanda,2014,5GVG7XMP+472
3.0,156.0,206651.1352505596,98922.12033012112,61987.31016043915,100694.67700395752,27077.61180181548,-12.711905000000002,30.99131333333333,Borehole/Tubewell,Hand Pump - India Mark,Well,Hand Pump,Muchinga,False,0,Lavushimanda,2014,5GVG7XQR+6GP
4.0,52.0,218458.42187471036,96504.72596995256,59578.933812578114,101479.46468202514,39242.39686938751,-12.586956666666667,30.941325,Borehole/Tubewell,Hand Pump - India Mark,Well,Hand Pump,Muchinga,False,0,Lavushimanda,2014,5GVGCW7R+6G8
1.0,279.0,207662.53228526845,108945.72340513904,24113.95805893149,89834.47103993387,56648.84764218915,-12.263291666666666,30.407263333333336,Borehole/Tubewell,Hand Pump - India Mark,Well,Hand Pump,Muchinga,False,0,Lavushimanda,2012,5GVGPCP4+MWJ
1.0,372.0,208471.538333371,109172.40730154412,24688.71263788857,90218.38048748036,57157.31080775012,-12.262656666666665,30.41502833333333,Borehole/Tubewell,Hand Pump - India Mark,Well,Hand Pump,Muchinga,False,0,Lavushimanda,2012,5GVGPCP8+W2J
,170.0,209895.256798813,109433.31751643914,25608.82031408864,90745.14117804886,57161.080076864666,-12.263078333333333,30.429325,Borehole/Tubewell,Hand Pump - India Mark,Well,Hand Pump,Muchinga,False,0,Lavushimanda,2012,5GVGPCPH+QP8
0.0,38.0,214984.4637175532,110694.68028610096,29655.90582921864,93840.0540632174,53109.0250951264,-12.251801666666664,30.475110000000004,Borehole/Tubewell,Hand Pump - India Mark,Well,Hand Pump,Muchinga,False,0,Lavushimanda,2012,5GVGPFXG+72H
,232.0,226189.90624865732,100008.19862744716,36308.18584345168,98501.01590510496,47967.969135217456,-12.263783333333333,30.59016833333333,Borehole/Tubewell,Hand Pump - India Mark,Well,Hand Pump,Muchinga,False,0,Lavushimanda,2012,5GVGPHPR+F3M
3.0,869.0,200344.08325803955,109792.9326318628,20763.01051508127,87598.42421894296,54493.77742998152,-12.244086666666666,30.32612,Borehole/Tubewell,Hand Pump - India Mark,Well,Hand Pump,Muchinga,False,0,Lavushimanda,2012,5GVGQ84G+9C9
5.0,1342.0,199316.4233127724,110140.15947643084,20655.32793159069,87501.17099643117,54472.43982463648,-12.239881666666667,30.31501,Borehole/Tubewell,Rope and Bucket,Well,Rope and Bucket,Muchinga,False,0,Lavushimanda,2012,5GVGQ868+22R
4.0,49.0,201770.6450485616,94321.2027844676,63153.29046540867,99299.21848349692,21671.148211432548,-12.765081666666669,31.01236666666667,Protected Well,Rope and Bucket,Well,Rope and Bucket,Muchinga,False,0,Lavushimanda,2014,5GVH62M6+XW9
2.0,995.0,206761.28808297665,98826.26642306964,64978.6616179114,103928.71656121688,31731.16782858645,-12.672619999999998,31.01383,Borehole/Tubewell,Hand Pump - India Mark,Well,Hand Pump,Muchinga,False,0,Lavushimanda,2014,5GVH82G7+XG4
1.0,310.0,207965.46178450828,98947.39197059868,65479.94399589674,105043.1870394721,34126.63053951236,-12.650768333333334,31.014515,Borehole/Tubewell,Hand Pump - India Mark,Well,Hand Pump,Muchinga,False,0,Lavushimanda,2014,5GVH82X7+MRR
1.0,403.0,210959.1746093802,96081.27004141522,65183.6445993725,106030.5787331653,37665.20347182168,-12.616768333333336,31.00379,Borehole/Tubewell,Hand Pump - India Mark,Well,Hand Pump,Muchinga,False,0,Lavushimanda,2014,5GVH92M3+7GV
58.0,208.0,218696.94974826503,67873.86573636712,67478.39109141793,113014.69642584564,58385.96546182631,-12.375838333333336,31.09548333333333,Protected Spring,Rope and Bucket,Spring,Rope and Bucket,Muchinga,False,0,Lavushimanda,2012,5GVHJ3FW+M59
3.0,220.0,222444.33300985655,56446.018278635536,56001.23305902713,114508.68238627903,47347.38781506644,-12.279395,31.135825,Borehole/Tubewell,Hand Pump - India Mark,Well,Hand Pump,Muchinga,False,0,Mpika,2014,5GVHP4CP+68W
0.0,387.0,227953.3533830325,50880.67918407762,50248.10258051299,119115.098428479,42791.555461324766,-12.214425000000002,31.12853833333333,Borehole/Tubewell,Hand Pump - India Mark,Well,Hand Pump,Muchinga,False,0,Mpika,2014,5GVHQ4PH+5CF
0.0,387.0,228361.5607941513,50752.03510287437,50102.21590662102,119504.90664410272,42751.0224380907,-12.211383333333334,31.12630833333333,Borehole/Tubewell,Hand Pump - India Mark,Well,Hand Pump,Muchinga,False,0,Mpika,2014,5GVHQ4QG+CGV
2.0,153.0,224877.97545165935,44100.921877700464,43689.44227097878,111469.73051647234,35166.06233330321,-12.185633333333332,31.197501666666668,Borehole/Tubewell,Hand Pump - India Mark,Well,Hand Pump,Muchinga,False,0,Mpika,2014,5GVHR57X+P2R
2.0,528.0,224347.53220650484,43061.58358033602,42694.53358142617,109304.54127544972,33954.545134508786,-12.18132,31.209045,Borehole/Tubewell,Hand Pump - India Mark,Well,Hand Pump,Muchinga,False,0,Mpika,2014,5GVHR695+FJF
0.0,548.0,224175.2673322341,43106.29186920864,42747.65811822659,109143.78320196824,33958.42880355826,-12.182406666666669,31.21018,Borehole/Tubewell,Hand Pump - India Mark,Well,Hand Pump,Muchinga,False,0,Mpika,2014,5GVHR696+23M
2.0,581.0,228280.5745674903,33822.306114537394,33396.17905455729,97364.314625688,25451.38043166634,-12.103273333333334,31.24150833333333,Borehole/Tubewell,Hand Pump - India Mark,Well,Hand Pump,Muchinga,False,0,Mpika,2014,5GVHV6WR+MJR
1.0,167.0,230984.6424219212,34097.767368920664,33482.94281705779,96377.8876339915,26680.31386887681,-12.091003333333331,31.21821333333333,Borehole/Tubewell,Hand Pump - India Mark,Well,Hand Pump,Muchinga,False,0,Mpika,2014,5GVHW659+H7W
0.0,778.0,145954.26356418687,23262.55256054813,96127.11878694552,25801.439233289617,21566.70037156547,-11.52189,24.4084,Borehole/Tubewell,Motorized Pump,Well,Motorized Pump,North-Western,False,0,Ikelenge,2014,5GW6FCH5+69R
0.0,265.0,147717.96239837803,31365.76985392149,86093.86935499033,39245.49913569802,6520.558036212757,-11.419,24.317,Borehole/Tubewell,Motorized Pump,Well,Motorized Pump,North-Western,False,0,Ikelenge,2014,5GW6H8J8+CR2
4.0,20.0,135657.8436920309,72151.80867770697,109979.67513512068,100019.94587873992,22592.96123202026,-11.93654,25.33605,Borehole/Tubewell,Motorized Pump,Well,Motorized Pump,North-Western,False,0,Kalumbila,2013,5GW7387P+9CM
2.0,26.0,132239.22454894803,80112.45684569265,117948.3066820591,92636.35921052891,15174.917657790456,-11.89729,25.27462,Borehole/Tubewell,Motorized Pump,Well,Motorized Pump,North-Western,False,0,Kalumbila,2013,5GW7473F+3RQ
10.0,62.0,203872.51944159257,125915.46530107329,41321.10081609431,107341.08360285246,51361.58501937668,-11.967248333333336,30.25373666666667,Borehole/Tubewell,Hand Pump - India Mark,Well,Hand Pump,Muchinga,False,0,Lavushimanda,2012,5GWG27M3+4F5
3.0,4214.0,214973.94130555843,113155.78697827752,48951.32453436312,119012.67720926488,41194.80790978717,-11.98619,30.374165,Protected Well,Rope and Bucket,Well,Rope and Bucket,Muchinga,False,0,Lavushimanda,2012,5GWG297F+GMF
1.0,613.0,213181.64138091257,115190.08477294774,48423.778481272726,117117.65159482777,42936.30044075949,-11.983113333333332,30.354881666666664,Protected Well,Rope and Bucket,Well,Rope and Bucket,Muchinga,False,0,Lavushimanda,2012,5GWG2983+QX2
0.0,4765.0,215362.0796623984,112781.58011492503,49232.91643865339,119211.80218715062,40807.96642240995,-11.984811666666667,30.377436666666668,Borehole/Tubewell,Hand Pump - India Mark,Well,Hand Pump,Muchinga,False,0,Lavushimanda,2012,5GWG298G+3XF
0.0,4160.0,214796.18625504884,113533.98131657408,49347.53571029495,118258.6467402172,41335.31179489279,-11.980431666666668,30.369855,Borehole/Tubewell,Hand Pump - India Mark,Well,Hand Pump,Muchinga,False,0,Lavushimanda,2012,5GWG2999+RWH
0.0,46.0,217975.9830203509,109522.9115209891,49110.507596850206,123072.7548859696,38521.27356167954,-12.0,30.41,Borehole/Tubewell,Motorized Pump,Well,Motorized Pump,Muchinga,False,0,Lavushimanda,2014,5GWG2C26+222
10.0,395.0,239957.7049738015,88504.55323853756,66818.6556589919,111801.79022137888,16918.23995113801,-11.918011666666668,30.59382,Protected Well,Rope and Bucket,Well,Rope and Bucket,Muchinga,False,0,Kanchibiya,2014,5GWG3HJV+QGW
1.0,232.0,241744.93480229072,86670.04357747281,68107.0517701487,110326.49633227514,15381.09787716164,-11.915413333333332,30.610485,Protected Well,Rope and Bucket,Well,Rope and Bucket,Muchinga,False,0,Kanchibiya,2014,5GWG3JM6+R5Q
4.0,186.0,237655.40761218272,92639.55779237756,68203.91647226071,111732.42823426017,18496.255249420712,-11.877578333333334,30.553015,Protected Well,Rope and Bucket,Well,Rope and Bucket,Muchinga,False,0,Kanchibiya,2014,5GWG4HC3+X66
2.0,442.0,270921.21893847646,60922.64307312252,52916.13180998521,82567.87522035987,362.3032501554127,-11.787630000000002,30.846108333333337,Borehole/Tubewell,Hand Pump - India Mark,Well,Hand Pump,Muchinga,False,0,Kanchibiya,2014,5GWG6R6W+WCX
7.0,651.0,269558.888936451,62693.95956015897,54557.03180912396,83254.16672425893,843.8859683976262,-11.78263,30.83029333333333,Borehole/Tubewell,Hand Pump - India Mark,Well,Hand Pump,Muchinga,False,0,Kanchibiya,2014,5GWG6R8J+W4V
3.0,1544.0,269737.8191946015,62941.122898344285,54592.17124093366,82747.42939929829,235.7760656598663,-11.775345,30.82884166666667,Borehole/Tubewell,Hand Pump - India Mark,Well,Hand Pump,Muchinga,False,0,Kanchibiya,2014,5GWG6RFH+VG8
0.0,1288.0,270256.86045265524,62478.46163645573,54072.83177301536,82291.88621437809,104.71337314619146,-11.773715,30.833316666666665,Borehole/Tubewell,Hand Pump - Rope,Well,,Muchinga,False,0,Kanchibiya,2014,5GWG6RGM+G88
3.0,1288.0,270270.214299901,62493.56817650303,54060.02828811473,82257.53290411683,148.90464697243203,-11.773236666666666,30.833236666666668,Borehole/Tubewell,Hand Pump - India Mark,Well,Hand Pump,Muchinga,False,0,Kanchibiya,2014,5GWG6RGM+P75
21.0,1754.0,269795.85825494485,63063.46127856727,54538.96758996789,82551.74800615787,61.06356944911506,-11.772345,30.82808,Borehole/Tubewell,Hand Pump - India Mark,Well,Hand Pump,Muchinga,False,0,Kanchibiya,2014,5GWG6RHH+368
2.0,1140.0,269683.8758351003,64174.75338948423,54719.172544938825,81863.95379433002,246.78270901571992,-11.756835,30.819938333333333,Borehole/Tubewell,Hand Pump - India Mark,Well,Hand Pump,Muchinga,False,0,Kanchibiya,2014,5GWG6RV9+7X8
1.0,822.0,257220.83342692288,81388.63336196372,68956.22149258622,89622.49559694451,1555.1586708162831,-11.705803333333332,30.66858333333333,Borehole/Tubewell,Hand Pump - India Mark,Well,Hand Pump,Muchinga,False,0,Kanchibiya,2014,5GWG7MV9+MCG
1.0,357.0,247214.10997825785,99756.81653602656,81798.64237584057,97700.57853543246,5405.595303325,-11.618873333333331,30.51574833333333,Borehole/Tubewell,Hand Pump - India Mark,Well,Hand Pump,Muchinga,False,0,Kanchibiya,2014,5GWG9GJ8+F75
2.0,737.0,253737.80616130977,92265.38577432653,74535.8425929281,91258.95164313444,30.473459180697297,-11.62117,30.586206666666666,Borehole/Tubewell,Hand Pump - India Mark,Well,Hand Pump,Muchinga,False,0,Kanchibiya,2014,5GWG9HHP+GFP
3.0,107.0,309301.52329810755,98971.27744382314,32625.10555890476,52964.52696745291,21925.003041337284,-11.004326666666667,30.774215000000005,Borehole/Tubewell,Hand Pump - India Mark,Well,Hand Pump,Northern,False,0,Kasama,2014,5GWGXQWF+7HW
11.0,110.0,309411.4162272555,98840.6044928275,32564.044631027336,52920.61052719018,21909.230675156112,-11.003178333333334,30.77457,Borehole/Tubewell,Hand Pump - India Mark,Well,Hand Pump,Northern,False,0,Kasama,2014,5GWGXQWF+PRG
10.0,1129.0,228780.0931915028,13068.024500615791,13037.1719140621,79925.62177913311,529.9037285383226,-11.95898,31.417506666666668,Borehole/Tubewell,Hand Pump - India Mark,Well,Hand Pump,Muchinga,False,0,Mpika,2014,5GWH2CR9+C22
2.0,1136.0,228823.00106359425,12775.948421704645,12599.37846621982,79533.55373274091,153.15079143615097,-11.95575,31.421434999999995,Borehole/Tubewell,Hand Pump - India Mark,Well,Hand Pump,Muchinga,False,0,Mpika,2014,5GWH2CVC+PH3
2.0,541.0,240067.31471814663,14548.73390375241,13367.136696602309,76668.7566470871,11686.934810915593,-11.920858333333337,31.295731666666665,Borehole/Tubewell,Hand Pump - India Mark,Well,Hand Pump,Muchinga,False,0,Mpika,2014,5GWH37HW+M75
2.0,120.0,238963.63098032103,13185.58000544368,12208.176553320103,76564.22802238306,11197.60656300791,-11.921108333333333,31.312103333333333,Borehole/Tubewell,Hand Pump - India Mark,Well,Hand Pump,Muchinga,False,0,Mpika,2014,5GWH38H6+HR5
2.0,173.0,230434.88473103783,11428.186733388902,11672.888093471176,78409.15770524662,1764.2345768966447,-11.944688333333334,31.41170333333333,Borehole/Tubewell,Hand Pump - India Mark,Well,Hand Pump,Muchinga,False,0,Mpika,2014,5GWH3C46+4MG
2.0,314.0,228931.91286088372,11934.937883668796,11153.244142389893,78180.14537599598,83.82298533757118,-11.944516666666669,31.43589833333333,Borehole/Tubewell,Hand Pump - India Mark,Well,Hand Pump,Muchinga,False,0,Mpika,2014,5GWH3C4P+59R
1.0,474.0,238736.2208181093,5325.522501710858,5033.128888654707,71851.01370357252,5098.03649804937,-11.879969999999998,31.372671666666665,Borehole/Tubewell,Hand Pump - India Mark,Well,Hand Pump,Muchinga,False,0,Mpika,2014,5GWH49CF+237
1.0,2579.0,239419.1073128601,2414.7471518569446,2687.978539632791,69400.82725401514,3686.47594856813,-11.860178333333332,31.39050333333333,Borehole/Tubewell,Hand Pump - India Mark,Well,Hand Pump,Muchinga,False,0,Mpika,2014,5GWH49QR+W6C
,5868.0,239762.63747130416,1669.468029482357,2117.0573675075198,68698.03050311183,3271.4647040277387,-11.854215,31.39374833333333,Borehole/Tubewell,Hand Pump - India Mark,Well,Hand Pump,Muchinga,False,0,Mpika,2012,5GWH49WV+8F9
,6216.0,239604.2532745085,1607.5089520208123,2230.4877573372883,68720.50213620426,3430.026905684388,-11.854676666666668,31.39563,Borehole/Tubewell,Hand Pump - India Mark,Well,Hand Pump,Muchinga,False,0,Mpika,2012,5GWH49WW+47C
3.0,6316.0,240055.0922922684,1607.4854494254623,1846.3296027442343,68495.66018249458,2979.4935043455343,-11.852135,31.392081666666662,Borehole/Tubewell,Hand Pump - India Mark,Well,Hand Pump,Muchinga,False,0,Mpika,2014,5GWH49XR+4RW
8.0,1416.0,235139.2961734757,5336.675118424164,5287.121584054571,71886.80744084391,946.5407530528078,-11.886346666666668,31.421196666666667,Borehole/Tubewell,Hand Pump - India Mark,Well,Hand Pump,Muchinga,False,0,Mpika,2014,5GWH4C7C+FF8
6.0,2212.0,235282.93132631085,5096.992309252294,4618.039537047598,71339.243476342,1631.6679628417244,-11.881766666666666,31.425683333333332,Borehole/Tubewell,Hand Pump - India Mark,Well,Hand Pump,Muchinga,False,0,Mpika,2014,5GWH4C9G+77V
7.0,1938.0,235593.3088549206,4784.741964681255,4427.104063595241,71071.74987467573,1807.3374012947472,-11.879231666666666,31.42441,Borehole/Tubewell,Hand Pump - India Mark,Well,Hand Pump,Muchinga,False,0,Mpika,2014,5GWH4CCF+8Q3
8.0,752.0,230357.6910096722,11648.618727780678,7694.789801458115,71767.83666613491,6598.827673033937,-11.887720000000002,31.498636666666663,Borehole/Tubewell,Hand Pump - India Mark,Well,Hand Pump,Muchinga,False,0,Mpika,2014,5GWH4F6X+WF6
4.0,886.0,229960.6576825461,12040.809404602203,8103.66577579034,72056.01083588094,6671.936930484551,-11.890248333333334,31.50138666666667,Borehole/Tubewell,Hand Pump - India Mark,Well,Hand Pump,Muchinga,False,0,Mpika,2014,5GWH4G52+WH2
1.0,638.0,230356.3044095777,11915.642725214975,7866.552875408161,71516.09876346149,7089.796490586305,-11.885331666666666,31.50246,Borehole/Tubewell,Hand Pump - India Mark,Well,Hand Pump,Muchinga,False,0,Mpika,2014,5GWH4G72+VX8
2.0,54.0,260314.74440344624,30174.684561085767,23999.081674904857,69775.19498986399,9.356226497922432,-11.819466666666663,31.126456666666662,Borehole/Tubewell,Hand Pump - India Mark,Well,Hand Pump,Muchinga,False,0,Kanchibiya,2014,5GWH54JG+6H8
2.0,201.0,257692.18787365436,26594.25583415372,20763.2468240938,69064.88291093385,113.66480251177784,-11.824000000000002,31.159051666666663,Borehole/Tubewell,Hand Pump - India Mark,Well,Hand Pump,Muchinga,False,0,Kanchibiya,2014,5GWH55G5+CJ3
10.0,201.0,257746.4675724481,26609.202245940935,20753.18608090326,69009.87238437406,52.106884469328016,-11.823446666666666,31.15895666666667,Borehole/Tubewell,Hand Pump - India Mark,Well,Hand Pump,Muchinga,False,0,Kanchibiya,2014,5GWH55G5+JHG
2.0,225.0,257476.30513327676,26144.07125228506,20300.75242941139,68839.23911746874,23.6340360033052,-11.82319,31.16325833333333,Borehole/Tubewell,Hand Pump - India Mark,Well,Hand Pump,Muchinga,False,0,Kanchibiya,2014,5GWH55G7+P8C
2.0,170.0,256980.6000413172,25203.19018920641,19358.85397172995,68435.42002741793,13.34451554355273,-11.822053333333336,31.17201833333333,Borehole/Tubewell,Hand Pump - India Mark,Well,Hand Pump,Muchinga,False,0,Kanchibiya,2014,5GWH55HC+5RC
10.0,279.0,255345.46069855543,19999.922505574817,13308.342845923384,64793.1858246972,53.95416775311374,-11.801468333333332,31.223526666666665,Borehole/Tubewell,Hand Pump - India Mark,Well,Hand Pump,Muchinga,False,0,Kanchibiya,2014,5GWH56XF+CC6
9.0,776.0,251094.90967701352,15225.731905478598,10185.766836674118,65886.15159340142,584.149858959868,-11.819151666666668,31.264613333333333,Borehole/Tubewell,Hand Pump - India Mark,Well,Hand Pump,Muchinga,False,0,Kanchibiya,2014,5GWH57J7+8RQ
2.0,822.0,251266.10492589645,15386.770579334405,10246.088007779796,65804.00433137674,489.6307666693796,-11.8182,31.26327833333333,Borehole/Tubewell,Hand Pump - India Mark,Well,Hand Pump,Muchinga,False,0,Kanchibiya,2014,5GWH57J7+P8C
8.0,846.0,251396.19655571395,15306.013712942253,9995.520538305213,65530.293869373,221.4653147970152,-11.815875000000002,31.26446,Borehole/Tubewell,Hand Pump - India Mark,Well,Hand Pump,Muchinga,False,0,Kanchibiya,2014,5GWH57M7+MQ4
0.0,675.0,251865.2894519108,15582.279041145037,9918.924070771884,65123.150096564284,67.34502915767214,-11.811883333333332,31.2627,Borehole/Tubewell,Hand Pump - India Mark,Well,Hand Pump,Muchinga,False,0,Kanchibiya,2014,5GWH57Q7+63W
8.0,465.0,245992.4666532201,7233.23210955592,2771.8118846760312,65616.38069335268,71.39197812661662,-11.823268333333331,31.33877333333333,Borehole/Tubewell,Hand Pump - India Mark,Well,Hand Pump,Muchinga,False,0,Kanchibiya,2014,5GWH58GQ+MGR
11.0,473.0,246596.917148145,7976.73535275507,3247.80167822249,65397.57822775636,68.68137853030672,-11.821066666666663,31.33232,Borehole/Tubewell,Hand Pump - India Mark,Well,Hand Pump,Muchinga,False,0,Kanchibiya,2014,5GWH58HJ+HWG
4.0,2372.0,243133.69214854727,3110.9504438991776,97.22255919840777,66143.53294649613,132.94599775259272,-11.828341666666663,31.377358333333337,Borehole/Tubewell,Hand Pump - India Mark,Well,Hand Pump,Muchinga,False,0,Mpika,2014,5GWH59CG+MW9
2.0,1965.0,240543.24968846663,2716.1963684715133,694.2920176638726,65324.05734314839,4914.190193438953,-11.826850000000002,31.422221666666665,Borehole/Tubewell,Hand Pump - India Mark,Well,Hand Pump,Muchinga,False,0,Mpika,2014,5GWH5CFC+7V9
0.0,11349.0,237791.8030068201,5517.576296519353,1267.3901239934862,66187.60369978035,5883.718071912017,-11.83686,31.45282333333334,Borehole/Tubewell,Hand Pump - India Mark,Well,Hand Pump,Muchinga,True,0,Mpika,2012,5GWH5F73+744
2.0,2132.0,240537.459567035,6447.286655432719,3826.725001642074,63065.15856068968,2895.917696674017,-11.808511666666668,31.451011666666663,Borehole/Tubewell,Hand Pump - India Mark,Well,Hand Pump,Muchinga,False,0,Mpika,2014,5GWH5FR2+HCR
8.0,1330.0,240713.91862339692,6957.267200063247,4351.85770220034,62631.48445394082,2388.767766392773,-11.804733333333337,31.454025,Borehole/Tubewell,Hand Pump - India Mark,Well,Hand Pump,Muchinga,False,0,Mpika,2014,5GWH5FW3+4J2
2.0,100.0,265581.07416222274,35399.65078746093,27926.36629361266,69184.0324555529,32.575985198980845,-11.794548333333331,31.081153333333337,Borehole/Tubewell,Hand Pump - India Mark,Well,Hand Pump,Muchinga,False,0,Kanchibiya,2014,5GWH634J+5FJ
4.0,155.0,266860.02082826843,36671.26705607892,28889.906355998985,69088.04580879105,54.640548536126026,-11.788381666666664,31.070325000000004,Borehole/Tubewell,Hand Pump - Afridev,Well,Hand Pump,Muchinga,False,0,Kanchibiya,2014,5GWH636C+J4W
1.0,77.0,262123.11477764056,27059.11547568544,18253.52344877844,62947.27382409815,5994.655089095302,-11.767881666666664,31.165745,Borehole/Tubewell,Hand Pump - India Mark,Well,Hand Pump,Muchinga,False,0,Kanchibiya,2014,5GWH65J8+R7X
5.0,232.0,254331.665350544,17202.995986315018,9877.208881638144,63025.74036269319,16.79159422661921,-11.791091666666668,31.253196666666668,Borehole/Tubewell,Hand Pump - India Mark,Well,Hand Pump,Muchinga,False,0,Kanchibiya,2014,5GWH6753+H78
8.0,167.0,242583.8214289173,5762.835764583498,3973.912341833111,62111.05469634917,3548.2238838075123,-11.79857,31.43197,Borehole/Tubewell,Hand Pump - India Mark,Well,Hand Pump,Muchinga,False,0,Mpika,2014,5GWH6C2J+HQH
3.0,975.0,242278.0640553524,7229.948934398941,5118.213730261831,61357.45678577829,1864.711688497934,-11.792788333333332,31.446345,Borehole/Tubewell,Hand Pump - India Mark,Well,Hand Pump,Muchinga,False,0,Mpika,2014,5GWH6C4W+VGQ
1.0,1156.0,242001.2779673632,7181.730030591478,4997.677886923955,61567.39716785165,1850.1897363983671,-11.794781666666664,31.447896666666665,Borehole/Tubewell,Hand Pump - India Mark,Well,Hand Pump,Muchinga,False,0,Mpika,2014,5GWH6C4X+35J
2.0,942.0,242619.0072234362,7875.36823837884,5783.246417520807,60747.18191564659,1355.7419090970964,-11.787423333333331,31.4491,Borehole/Tubewell,Hand Pump - India Mark,Well,Hand Pump,Muchinga,False,0,Mpika,2014,5GWH6C7X+2JQ
2.0,935.0,241428.1490798524,8017.555822556626,5561.817549018965,61480.50946233228,1172.1227131369046,-11.794498333333337,31.45819333333333,Borehole/Tubewell,Hand Pump - India Mark,Well,Hand Pump,Muchinga,False,0,Mpika,2014,5GWH6F45+674
14.0,782.0,241424.02558208065,8177.331748660978,5702.037444474494,61392.3080204077,1060.284158323563,-11.79375,31.45947333333333,Borehole/Tubewell,Hand Pump - India Mark,Well,Hand Pump,Muchinga,False,0,Mpika,2014,5GWH6F45+GQ5
1.0,15.0,263759.996031676,27718.70487441289,17766.490147704862,60944.15730552973,7940.505714854485,-11.748853333333331,31.16623666666667,Borehole/Tubewell,Hand Pump - India Mark,Well,Hand Pump,Muchinga,False,0,Kanchibiya,2014,5GWH7528+FF5
1.0,69.0,263604.9040040169,25952.6016983427,14713.297248788656,58168.18850842043,8432.544884636542,-11.731116666666669,31.19246833333333,Borehole/Tubewell,Hand Pump - India Mark,Well,Hand Pump,Muchinga,False,0,Kanchibiya,2014,5GWH759R+HX4
12.0,325.0,264366.5319584063,25668.477852341097,13113.023219895267,55638.04895785673,9649.94733053782,-11.711733333333331,31.207391666666663,Borehole/Tubewell,Hand Pump - India Mark,Well,Hand Pump,Muchinga,False,0,Kanchibiya,2014,5GWH76Q4+8X2
2.0,325.0,264726.7703181954,25957.51469589066,13227.134788757136,55300.60672689127,10033.445136399772,-11.708298333333335,31.206565,Borehole/Tubewell,Hand Pump - India Mark,Well,Hand Pump,Muchinga,False,0,Kanchibiya,2014,5GWH76R4+MJP
3.0,1510.0,245891.35590871636,13997.33983274827,12002.899784446829,55090.843449428896,5390.940766992284,-11.737151666666668,31.47465833333333,Borehole/Tubewell,Hand Pump - India Mark,Well,Hand Pump,Muchinga,False,0,Mpika,2014,5GWH7F7F+4VM
3.0,1015.0,249412.99808198476,15755.533055513668,13987.74272755221,52159.48959844885,8214.747478393912,-11.710126666666667,31.45758333333333,Borehole/Tubewell,Hand Pump - India Mark,Well,Hand Pump,Muchinga,False,0,Mpika,2014,5GWH7FQ5+W2W
3.0,494.0,248462.8209585993,16980.314387910457,15131.16996207045,51843.19385334129,8205.438233127887,-11.707826666666666,31.47850833333333,Borehole/Tubewell,Hand Pump - India Mark,Well,Hand Pump,Muchinga,False,0,Mpika,2014,5GWH7FRH+VC6
8.0,20.0,230298.44720450573,45814.83189364433,41583.39320687529,55944.33713627704,12807.610364859003,-11.727526666666666,31.806483333333336,Borehole/Tubewell,Hand Pump - India Mark,Well,Hand Pump,Muchinga,False,0,Mpika,2014,5GWH7RC4+XHQ
1.0,85.0,267876.5280383308,28361.39169423501,13357.123932875056,51646.088567064406,13654.15995923629,-11.6735,31.20613166666667,Borehole/Tubewell,Hand Pump - India Mark,Well,Hand Pump,Muchinga,False,0,Kanchibiya,2014,5GWH86G4+JF2
1.0,112.0,263649.120871779,23491.375248762528,7822.943218415902,51342.50989721706,11707.617862926534,-11.684381666666663,31.25775833333333,Borehole/Tubewell,Hand Pump - India Mark,Well,Hand Pump,Muchinga,False,0,Kanchibiya,2014,5GWH8785+64R
12.0,1002.0,259611.62466616463,19401.932126915213,678.0717351925719,50379.78561500476,14006.73727929997,-11.68462,31.32341666666667,Borehole/Tubewell,Hand Pump - India Mark,Well,Hand Pump,Muchinga,False,0,Mpika,2014,5GWH888F+593
8.0,407.0,253299.3852279777,18938.08124144653,12593.498739456008,48477.30757002689,12089.856324146504,-11.676041666666666,31.44595333333333,Borehole/Tubewell,Hand Pump - India Mark,Well,Hand Pump,Muchinga,False,0,Mpika,2014,5GWH8CFW+H9P
12.0,300.0,251921.55535586443,22825.8406574104,18383.19946151058,46524.83161738011,10491.33504654485,-11.659331666666668,31.500246666666666,Borehole/Tubewell,Hand Pump - India Mark,Well,Hand Pump,Muchinga,False,0,Mpika,2014,5GWH8GR2+739
2.0,124.0,233876.32485239045,54360.99727113063,50272.57012419187,49490.248341738814,8250.564334587476,-11.667606666666666,31.86877666666667,Borehole/Tubewell,Hand Pump - India Mark,Well,Hand Pump,Muchinga,False,0,Mpika,2014,5GWH8VJ9+XG2
12.0,86.0,268352.23143318534,28151.8960799272,9322.513662852944,48175.38797462274,15665.21439394821,-11.649056666666668,31.233771666666662,Borehole/Tubewell,Hand Pump - India Mark,Well,Hand Pump,Muchinga,False,0,Kanchibiya,2014,5GWH962M+9GC
3.0,280.0,258778.2677034659,24899.190847205613,12241.46562541603,42360.58337855554,18077.020942744268,-11.620273333333332,31.442995,Protected Well,Hand Pump,Well,Hand Pump,Muchinga,False,0,Mpika,2014,5GWH9CHV+V5X
2.0,320.0,258773.97341095447,24993.92821962729,12384.454615757875,42276.06230968905,18014.329074352234,-11.619621666666667,31.44421,Borehole/Tubewell,Hand Pump - India Mark,Well,Hand Pump,Muchinga,False,0,Mpika,2014,5GWH9CJV+5M4
3.0,296.0,242929.26785389864,45969.43739331932,42352.99440734586,44875.484887288345,183.91359313116243,-11.62264,31.76073333333333,Borehole/Tubewell,Hand Pump - India Mark,Well,Hand Pump,Muchinga,False,0,Mpika,2014,5GWH9QG6+W7X
10.0,299.0,243044.66885616735,45934.60195065028,42325.66966828884,44806.57492246805,63.14420245418136,-11.62187,31.75987,Borehole/Tubewell,Hand Pump - India Mark,Well,Hand Pump,Muchinga,False,0,Mpika,2014,5GWH9QH5+7W5
3.0,789.0,229737.9870467542,62748.5621569817,58833.812126616096,42737.89290898306,255.19889598001245,-11.596923333333333,31.92163833333333,Borehole/Tubewell,Hand Pump - India Mark,Well,Hand Pump,Muchinga,False,0,Mpika,2014,5GWHCW3C+6MJ
8.0,775.0,229642.26455990653,62867.82820921868,58954.438062662375,42675.65612141348,260.38841771158934,-11.596136666666666,31.92246833333333,Borehole/Tubewell,Hand Pump - India Mark,Well,Hand Pump,Muchinga,False,0,Mpika,2014,5GWHCW3C+GXW
13.0,690.0,229416.52787975385,63028.07395713868,59107.06462988123,42846.43025612241,521.04429841048,-11.59719,31.92460833333333,Borehole/Tubewell,Hand Pump - India Mark,Well,Hand Pump,Muchinga,False,0,Mpika,2014,5GWHCW3F+4RH
13.0,615.0,230404.012816523,62393.861859552286,58512.22669767605,41951.64778042689,65.25260699923734,-11.591165,31.915166666666664,Borehole/Tubewell,Hand Pump - India Mark,Well,Hand Pump,Muchinga,False,0,Mpika,2014,5GWHCW58+G3M
6.0,140.0,278384.53426409134,39304.17099779959,79.10800090457109,31112.08064036083,19526.852702930544,-11.50415,31.290153333333333,Protected Well,Hand Pump - Afridev,Well,Hand Pump,Muchinga,False,0,Mpika,2014,5GWHF7WR+727
2.0,294.0,276124.4679993031,37277.15125855368,73.74259996220442,32326.92961337687,21574.02484649554,-11.518468333333333,31.306045,Protected Well,Hand Pump - Rope,Well,,Muchinga,False,0,Mpika,2012,5GWHF8J4+JC7
5.0,193.0,279253.5327343233,40080.95076216057,32.733901211242355,30716.935913788944,18773.59521825265,-11.498889999999998,31.283651666666668,Protected Well,Hand Pump - Afridev,Well,Hand Pump,Muchinga,False,0,Mpika,2012,5GWHG72M+CFR
2.0,194.0,279322.5204069273,40131.431206997135,21.31744612022027,30723.719487484897,18729.404372953548,-11.498716666666668,31.282736666666665,Protected Well,Hand Pump - Rope,Well,,Muchinga,False,0,Mpika,2012,5GWHG72M+G39
6.0,278.0,280564.1658601696,41335.42977445442,287.7970121457713,29910.19530185204,17557.051937449443,-11.489343333333332,31.276468333333334,Borehole/Tubewell,Hand Pump - India Mark,Well,Hand Pump,Muchinga,False,0,Kanchibiya,2012,5GWHG76G+7H8
6.0,791.0,290256.6947429193,50397.10616313071,3657.665845210216,27165.10238510838,10260.57112684294,-11.428831666666667,31.20722166666667,Protected Well,Hand Pump - Rope,Well,,Muchinga,False,0,Kanchibiya,2012,5GWHH6C4+FV9
0.0,830.0,290172.8453570293,50338.87817598027,3468.905661487778,27024.623054410065,10207.37390663984,-11.428554999999998,31.209096666666664,Borehole/Tubewell,Hand Pump - India Mark,Well,Hand Pump,Muchinga,False,0,Kanchibiya,2012,5GWHH6C5+HJH
2.0,248.0,285883.7335341524,46675.66577311528,118.77731690630262,26115.01874720351,12342.841766834012,-11.445303333333332,31.255976666666665,Borehole/Tubewell,Hand Pump - India Mark,Well,Hand Pump,Muchinga,False,0,Kanchibiya,2014,5GWHH734+V9H
0.0,0.0,283488.44860660814,92825.01335140452,71769.70249187048,25716.99754838075,7023.697473586371,-10.952,30.411,Borehole/Tubewell,Motorized Pump,Well,Motorized Pump,Northern,False,0,Chilubi,2014,5GXG2CX6+6C2
1.0,16.0,317867.4608620357,88647.77293379292,29733.85523502229,49942.18217469601,21372.99830897245,-10.911178333333332,30.79813333333333,Borehole/Tubewell,Hand Pump - Afridev,Well,Hand Pump,Northern,False,0,Kasama,2014,5GXG3QQX+G7C
11.0,86.0,319259.7861473891,87163.99017766464,29171.23709004828,50086.39761514896,21926.485145799423,-10.899526666666668,30.80486166666667,Borehole/Tubewell,Hand Pump - India Mark,Well,Hand Pump,Northern,False,0,Kasama,2014,5GXG4R23+5WQ
11.0,86.0,319263.4160103404,87176.64176185492,29138.00023949436,50125.06996207566,21958.50217833348,-10.899801666666669,30.80512666666667,Borehole/Tubewell,Hand Pump - India Mark,Well,Hand Pump,Northern,False,0,Kasama,2014,5GXG4R24+33C
3.0,26.0,324164.9571645211,80358.20117214671,32040.20639335537,46813.09705443033,19318.364435074476,-10.824816666666669,30.799041666666668,Borehole/Tubewell,Hand Pump - India Mark,Well,Hand Pump,Northern,False,0,Kasama,2014,5GXG5QGX+3JF
1.0,29.0,325257.3410875847,79096.58005862673,32265.84018992142,46825.24678343721,19590.07419375368,-10.813165,30.801976666666665,Borehole/Tubewell,Hand Pump - India Mark,Well,Hand Pump,Northern,False,0,Kasama,2014,5GXG5RP2+PQQ
2.0,29.0,325310.08817106974,79044.85584166244,32248.240796459384,46853.09516573479,19626.93060405157,-10.812823333333332,30.802315,Borehole/Tubewell,Hand Pump - India Mark,Well,Hand Pump,Northern,False,0,Kasama,2014,5GXG5RP2+VWG
8.0,152.0,280782.11184121325,59982.73862940417,59318.08337926562,8547.88964355326,8479.317294290677,-10.7574,30.1533,Borehole/Tubewell,Motorized Pump,Well,Motorized Pump,Northern,False,0,Luwingu,2013,5GXG65V3+28V
19.0,94.0,329634.5607818309,73872.28991015335,34511.7122678181,46593.92981316971,21060.630354262463,-10.76075666666667,30.808296666666667,Borehole/Tubewell,Hand Pump - India Mark,Well,Hand Pump,Northern,False,0,Kasama,2014,5GXG6RQ5+M8V
3.0,94.0,329745.92853479955,73760.1877320732,34500.758065488524,46657.03557207571,21152.30486538914,-10.759971666666669,30.808951666666665,Borehole/Tubewell,Hand Pump - India Mark,Well,Hand Pump,Northern,False,0,Kasama,2014,5GXG6RR5+2H8
2.0,18.0,327711.4673585034,49940.338834323,22090.823062288116,48813.56054726747,9671.507344683429,-10.605816666666666,30.971000000000004,Borehole/Tubewell,Hand Pump - India Mark,Well,Hand Pump,Northern,False,0,Kasama,2014,5GXG9XVC+MCC
9.0,129.0,320836.8024738186,38411.85946471173,22134.086769728423,36654.14446761118,0.2384743965391083,-10.496804999999998,30.99222666666667,Borehole/Tubewell,Hand Pump - India Mark,Well,Hand Pump,Northern,False,0,Kasama,2014,5GXGGX3R+7VH
8.0,217.0,250714.5695506236,23154.796499495995,24045.8655450987,6683.965350274049,97.930912957297,-10.4265,30.0584,Borehole/Tubewell,Motorized Pump,Well,Motorized Pump,Northern,False,0,Luwingu,2013,5GXGH3F5+C92
9.0,67.0,291644.7079386044,58290.03729339464,11964.31643755556,41058.12556156826,17045.46820474144,-10.413206666666667,30.69774166666667,Borehole/Tubewell,Hand Pump - India Mark,Well,Hand Pump,Northern,False,0,Kasama,2014,5GXGHMPX+P39
10.0,43.0,298169.42285876867,51481.35673880919,11445.70696587908,38166.20040756156,11034.841866441904,-10.424945,30.77198166666667,Borehole/Tubewell,Hand Pump - India Mark,Well,Hand Pump,Northern,False,0,Kasama,2014,5GXGHQGC+2QH
7.0,69.0,307713.4069334688,38825.509442808434,14375.010716093151,29877.793089010866,98.69380523440988,-10.417408333333332,30.90315333333333,Borehole/Tubewell,Hand Pump - India Mark,Well,Hand Pump,Northern,False,0,Kasama,2014,5GXGHWM3+27J
5.0,56.0,297318.09604834765,45987.22230109868,7506.15474197938,32052.323318449875,5148.627659988231,-10.381055,30.80614333333333,Borehole/Tubewell,Hand Pump - India Mark,Well,Hand Pump,Northern,False,0,Kasama,2014,5GXGJR94+HFC
9.0,161.0,282411.4019907756,55617.81743254072,2611.781939022293,31876.515088582164,13985.150087047605,-10.305325,30.69001166666667,Borehole/Tubewell,Hand Pump - India Mark,Well,Hand Pump,Northern,False,0,Kasama,2014,5GXGMMVR+V2C
1.0,156.0,282199.5089912263,55796.179729574,2655.5695781621102,31938.34555656291,13761.840810221578,-10.304421666666666,30.688176666666664,Borehole/Tubewell,Hand Pump - India Mark,Well,Hand Pump,Northern,False,0,Kasama,2012,5GXGMMWQ+67M
10.0,365.0,286267.5708232337,50613.651593592105,267.9278351429453,28903.638125124875,10496.295818884451,-10.308063333333331,30.737245,Borehole/Tubewell,Hand Pump - India Mark,Well,Hand Pump,Northern,False,0,Kasama,2014,5GXGMPRP+QVH
11.0,158.0,285662.0959367448,51223.60981936607,17.17522062081724,29129.008207400813,11161.1348490026,-10.306348333333334,30.731168333333336,Borehole/Tubewell,Hand Pump - India Mark,Well,Hand Pump,Northern,False,0,Kasama,2014,5GXGMPVJ+FF7
7.0,195.0,293938.55437012424,40367.86471984471,264.07421065534794,24289.394725385235,42.04258625840881,-10.309058333333333,30.83394,Borehole/Tubewell,Hand Pump - India Mark,Well,Hand Pump,Northern,False,0,Kasama,2014,5GXGMRRM+9HG
2.0,321.0,293619.68516497675,36555.56091149252,93.55101334285402,19605.896711215923,4646.195455490572,-10.27562,30.861473333333333,Borehole/Tubewell,Hand Pump - India Mark,Well,Hand Pump,Northern,False,0,Kasama,2014,5GXGPVF6+QH5
5.0,106.0,293645.2866785921,34203.24239326408,61.12478560797354,16699.975762018203,7592.087248166932,-10.256066666666667,30.87973333333333,Borehole/Tubewell,Hand Pump - India Mark,Well,Hand Pump,Northern,False,0,Kasama,2014,5GXGPVVH+HVH
8.0,739.0,268937.0982040346,66358.817289375,64.18751656731551,36297.26390974317,142.07555297192414,-10.238093333333332,30.583321666666667,Borehole/Tubewell,Hand Pump - India Mark,Well,Hand Pump,Northern,False,0,Kasama,2014,5GXGQH6M+Q88
2.0,680.0,269114.5363833674,65943.53517672227,36.03654652162994,35907.81063950486,553.7920259933325,-10.236775,30.587053333333333,Borehole/Tubewell,Hand Pump - India Mark,Well,Hand Pump,Northern,False,0,Kasama,2014,5GXGQH7P+7RV
3.0,130.0,258746.64507123188,27287.147484010395,80.45969175063658,7127.73671747182,8199.955318270924,-10.191016666666666,30.939871666666665,Borehole/Tubewell,Hand Pump - India Mark,Well,Hand Pump,Northern,False,0,Kasama,2014,5GXGRW5Q+HWX
2.0,134.0,257734.7384291849,23122.657733737924,1714.2941414476363,3976.653611140475,7715.38220811146,-10.192618333333334,30.97786333333333,Borehole/Tubewell,Hand Pump - India Mark,Well,Hand Pump,Northern,False,0,Kasama,2014,5GXGRX4H+X45
2.0,1013.0,250022.43790737152,31744.87986444756,9477.85142814477,55.533295942674606,6051.3148349870935,-10.101923333333334,30.91942833333333,Borehole/Tubewell,Hand Pump - India Mark,Well,Hand Pump,Northern,False,0,Kasama,2014,5GXGVWX9+6QM
11.0,1623.0,252801.65504394044,26878.93147366263,4569.031063178944,2518.0347261202755,2534.794593083069,-10.138898333333334,30.953345,Borehole/Tubewell,Hand Pump - India Mark,Well,Hand Pump,Northern,False,0,Kasama,2014,5GXGVX63+C8X
2.0,1623.0,252807.99037599305,26864.991482211622,4558.176996082692,2514.7775166630004,2533.3364224766788,-10.13899,30.95345,Borehole/Tubewell,Motorized Pump,Well,Motorized Pump,Northern,False,0,Kasama,2013,5GXGVX63+C94
10.0,630.0,251913.09604541643,23789.48790482791,3565.845929598155,58.92494802946821,2241.0193202625837,-10.13925,30.98283666666667,Borehole/Tubewell,Hand Pump - India Mark,Well,Hand Pump,Northern,False,0,Kasama,2014,5GXGVX6M+844
2.0,496.0,251779.8419633659,26183.37045852196,5189.2738494486175,1273.13771402788,1297.7844161504102,-10.131935,30.96227666666667,Borehole/Tubewell,Hand Pump - India Mark,Well,Hand Pump,Northern,False,0,Kasama,2014,5GXGVX96+6VC
1.0,1375.0,250693.4224621528,25617.50756188832,5700.621709643022,24.417244031892345,109.42758763437882,-10.12418,30.97066,Borehole/Tubewell,Motorized Pump,Well,Motorized Pump,Northern,False,0,Kasama,2013,5GXGVXGC+87F
1.0,992.0,250315.11996748383,25445.834860406365,5766.057334204927,402.2646979625689,135.89447134423517,-10.12144,30.97346,Borehole/Tubewell,Motorized Pump,Well,Motorized Pump,Northern,False,0,Kasama,2015,5GXGVXHF+C9G
2.0,403.0,250255.72796398544,28005.56338055436,7313.569552431133,476.8226543224314,2316.217356247607,-10.114171,30.95123,Borehole/Tubewell,Motorized Pump,Well,Motorized Pump,Northern,False,0,Kasama,2013,5GXGVXP2+8FQ
2.0,403.0,246578.96445087047,38856.08756464086,16809.838489957823,8.22061859502871,13424.50179898146,-10.052523333333331,30.87074833333333,Borehole/Tubewell,Hand Pump - India Mark,Well,Hand Pump,Northern,False,0,Kasama,2014,5GXGWVWC+X7X
5.0,2709.0,250356.3936326466,33411.421925318136,10437.89848604461,26.137073574360254,7720.738860104814,-10.1,30.90385,Borehole/Tubewell,Motorized Pump,Well,Motorized Pump,Northern,False,0,Kasama,2013,5GXGWW23+2G5
2.0,2761.0,250266.60898698692,33431.44960772903,10508.98567899604,62.72561391631558,7738.575549770443,-10.099185,30.903973333333337,Borehole/Tubewell,Hand Pump - India Mark,Well,Hand Pump,Northern,False,0,Kasama,2014,5GXGWW23+8HH
8.0,237.0,244878.1297213764,42255.18758011283,20395.31792899544,86.4843401408937,16989.969938135426,-10.028135,30.84857333333333,Borehole/Tubewell,Hand Pump - India Mark,Well,Hand Pump,Northern,False,0,Kasama,2014,5GXGXRCX+PCW
10.0,289.0,243737.76465054404,46187.64094315504,24193.96911294991,11.343679474402466,20969.533549475716,-10.006218333333331,30.81978333333333,Borehole/Tubewell,Hand Pump - India Mark,Well,Hand Pump,Northern,False,0,Kasama,2014,5GXGXRV9+GW7
2.0,341.0,240879.3645936278,33284.39191379352,16604.036234505296,8814.858514375119,9579.292974071595,-10.02433,30.94835,Borehole/Tubewell,Motorized Pump,Well,Motorized Pump,Northern,False,0,Kasama,2013,5GXGXWGX+789
2.0,413.0,240881.51803672485,32503.25944300229,16081.88410018135,8687.807843354885,8968.065702473072,-10.02666,30.95556,Borehole/Tubewell,Motorized Pump,Well,Motorized Pump,Northern,False,0,Kasama,2013,5GXGXXF4+86M
,565.0,245062.36304572568,31212.68635984657,79312.9221073137,25994.7151258845,41.273372835895046,-10.77264,31.890845,Borehole/Tubewell,Hand Pump - India Mark,Well,Hand Pump,Muchinga,False,0,Shiwamg'andu,2012,5GXH6VGR+W8X
0.0,148.0,244673.67071864905,29296.00811885214,80237.0382375084,26823.95710334794,20.62889924032411,-10.757496666666668,31.899718333333333,Borehole/Tubewell,Hand Pump - India Mark,Well,Hand Pump,Muchinga,False,0,Chinsali,2012,5GXH6VVX+2V4
4.0,83.0,350229.8766666764,55479.94472330988,35.03740166802247,53725.677401065615,9122.12638051811,-10.709485,31.15740333333333,Borehole/Tubewell,Hand Pump - India Mark,Well,Hand Pump,Northern,False,0,Kasama,2014,5GXH75R4+6X2
0.0,499.0,242649.10282592132,24404.576916652684,82695.26023124761,28397.46303190474,1380.409151296734,-10.7253,31.93068833333333,Borehole/Tubewell,Hand Pump - India Mark,Well,Hand Pump,Muchinga,False,0,Chinsali,2012,5GXH7WFJ+V7P
4.0,242.0,347679.95715476084,50290.89278190312,376.0723088964055,50493.47438253279,6079.698253068144,-10.663166666666664,31.170580000000005,Borehole/Tubewell,Hand Pump - India Mark,Well,Hand Pump,Northern,False,0,Kasama,2014,5GXH85PC+P6P
2.0,148.0,340786.4726638272,49430.40257644037,7650.484418761105,50151.730267921135,252.04962058465745,-10.646848333333333,31.098726666666668,Borehole/Tubewell,Hand Pump - India Mark,Well,Hand Pump,Northern,False,0,Kasama,2014,5GXH933X+7F9
2.0,290.0,338357.36193969945,48618.5965201643,9912.98996853735,49397.40784246883,9.70700125614537,-10.634971666666669,31.079400000000003,Borehole/Tubewell,Hand Pump - India Mark,Well,Hand Pump,Northern,False,0,Kasama,2014,5GXH938H+2Q6
8.0,419.0,243380.59034209716,13370.182703452669,84582.10494849728,38643.3185247614,17.8297652655925,-10.618538333333332,31.96547,Borehole/Tubewell,Hand Pump - India Mark,Well,Hand Pump,Muchinga,False,0,Chinsali,2012,5GXH9XJ8+H5Q
11.0,317.0,341486.2444596631,40977.88308877123,1337.4758119211683,41275.22484530868,488.3167876043975,-10.579005,31.17312,Borehole/Tubewell,Hand Pump - India Mark,Well,Hand Pump,Northern,False,0,Kasama,2014,5GXHC5CF+96X
6.0,328.0,341514.0196378273,40879.44536904122,1266.9129024853708,41160.05150954904,335.96769544393624,-10.578158333333333,31.17425833333333,Borehole/Tubewell,Hand Pump - India Mark,Well,Hand Pump,Northern,False,0,Kasama,2014,5GXHC5CF+PPJ
4.0,398.0,341672.43476023246,40723.78343165688,1015.9332307156265,40955.429634961765,35.01162735912484,-10.576855,31.177433333333337,Borehole/Tubewell,Hand Pump - India Mark,Well,Hand Pump,Northern,False,0,Kasama,2014,5GXHC5FG+7X3
2.0,738.0,248483.75912300625,14988.79560361562,80276.27706853845,43794.945168537226,28.63777130429187,-10.578236666666664,31.932143333333336,Borehole/Tubewell,Hand Pump - India Mark,Well,Hand Pump,Muchinga,False,0,Chinsali,2014,5GXHCWCJ+PV2
2.0,669.0,241400.55049072055,8284.86764628573,87688.46638179473,41748.52409548904,58.01988295409942,-10.58557,31.99948,Borehole/Tubewell,Hand Pump - India Mark,Well,Hand Pump,Muchinga,False,0,Chinsali,2014,5GXHCX7X+QQH
6.0,754.0,244262.7768840789,10698.425725519206,84767.64715710082,42666.253169210846,365.6349457772204,-10.58031,31.973265,Borehole/Tubewell,Hand Pump - India Mark,Well,Hand Pump,Muchinga,False,0,Chinsali,2014,5GXHCX9F+V8C
2.0,107.0,321961.2919253918,38249.22131774848,21007.123390298337,37145.33935813845,15.449853103085005,-10.50138,31.002031666666667,Borehole/Tubewell,Hand Pump - India Mark,Well,Hand Pump,Northern,False,0,Kasama,2014,5GXHF2X2+CRV
2.0,134.0,307270.34708929434,36175.5264092103,966.9936331820674,36048.83844891671,5118.393130452366,-10.535636666666669,31.201298333333337,Borehole/Tubewell,Hand Pump - India Mark,Well,Hand Pump,Northern,False,0,Kasama,2014,5GXHF672+PGV
15.0,196.0,283163.9778661073,37610.23820002381,26985.728171779097,32950.9879239981,14349.378559568077,-10.501758333333331,31.45107,Borehole/Tubewell,Hand Pump - India Mark,Well,Hand Pump,Northern,False,0,Kasama,2014,5GXHFFX2+7CW
2.0,228.0,241060.28758461948,7807.786483464328,86917.96046637908,48311.0993467752,6177.978868914272,-10.52609,31.998956666666665,Borehole/Tubewell,Hand Pump - India Mark,Well,Hand Pump,Muchinga,False,0,Chinsali,2014,5GXHFXFX+HH8
2.0,72.0,286211.1693758651,33240.22745473629,20454.55022003694,28620.83246693297,7425.802220534912,-10.471596666666668,31.39237,Protected Well,Rope and Bucket,Well,Rope and Bucket,Northern,False,0,Kasama,2014,5GXHG9HR+9W9
2.0,118.0,283647.95801379206,36483.23556291893,25636.13992382118,31821.737889296764,12816.19041187069,-10.494058333333331,31.43932,Borehole/Tubewell,Hand Pump - India Mark,Well,Hand Pump,Northern,False,0,Kasama,2014,5GXHGC4Q+9PG
10.0,218.0,283071.3020602098,37327.32650785367,26868.695415673978,32667.978462520663,14107.097957397293,-10.499335,31.45021166666667,Borehole/Tubewell,Hand Pump - India Mark,Well,Hand Pump,Northern,False,0,Kasama,2014,5GXHGF22+738
5.0,48.0,286523.283197455,29152.43001083405,14914.87049284981,22770.684466561317,36.74913571479418,-10.41853,31.34949166666667,Borehole/Tubewell,Hand Pump - India Mark,Well,Hand Pump,Northern,False,0,Kasama,2014,5GXHH8JX+HQQ
3.0,80.0,287517.02882800874,19656.05393857857,8552.472619296843,15876.802934829162,27.9837890266507,-10.353141666666666,31.292975,Borehole/Tubewell,Hand Pump - India Mark,Well,Hand Pump,Northern,False,0,Kasama,2014,5GXHJ7WV+P5X
2.0,43.0,288129.40088457224,18922.49869380365,7642.499740076808,15429.00019385324,789.8795421104586,-10.350773333333333,31.28468666666667,Borehole/Tubewell,Hand Pump - India Mark,Well,Hand Pump,Northern,False,0,Kasama,2014,5GXHJ7XM+MVV
12.0,13.0,284759.52572029555,24607.05572327053,15086.083136604762,20063.990648684143,1575.8126835555645,-10.394131666666668,31.35176166666667,Borehole/Tubewell,Hand Pump - India Mark,Well,Hand Pump,Northern,False,0,Kasama,2014,5GXHJ942+8PR
12.0,172.0,320593.0534909529,13762.634089393929,7761.679318420774,14687.624325060046,8701.271002410296,-10.325263333333334,31.143935000000003,Borehole/Tubewell,Hand Pump - India Mark,Well,Hand Pump,Northern,False,0,Kasama,2014,5GXHM4FV+VHV
3.0,339.0,293316.58780627727,14588.755909632371,486.8695823216343,14043.35649299129,3724.6762907217935,-10.337093333333334,31.21932,Borehole/Tubewell,Hand Pump - India Mark,Well,Hand Pump,Northern,False,0,Kasama,2014,5GXHM679+5P8
3.0,549.0,292822.2877847623,13539.329751220606,407.6281543153634,13022.61902895682,2855.550614632654,-10.327515,31.21853,Borehole/Tubewell,Hand Pump - India Mark,Well,Hand Pump,Northern,False,0,Kasama,2014,5GXHM6C9+XCR
10.0,608.0,293095.9363378677,13443.342851242252,72.55163485507877,13079.025630037551,3040.288690335562,-10.32735,31.21547,Protected Well,Hand Pump - India Mark,Well,Hand Pump,Northern,False,0,Kasama,2014,5GXHM6F8+359
14.0,581.0,293000.6833969754,13272.501286456209,75.022292456757,12907.77375769269,2905.044949390653,-10.325761666666669,31.215486666666667,Borehole/Tubewell,Hand Pump - India Mark,Well,Hand Pump,Northern,False,0,Kasama,2014,5GXHM6F8+M5X
18.0,285.0,292402.5435410378,10963.099984753411,591.1807614651353,10977.370636658035,1488.5082925551794,-10.305736666666666,31.2093,Borehole/Tubewell,Hand Pump - India Mark,Well,Hand Pump,Northern,False,0,Kasama,2014,5GXHM6V5+PP3
3.0,139.0,286972.4426351926,18635.18199635498,8422.216020416374,14703.458077854351,13.660555663997933,-10.342498333333332,31.291815,Borehole/Tubewell,Hand Pump - India Mark,Well,Hand Pump,Northern,False,0,Kasama,2014,5GXHM75R+2P4
6.0,823.0,318144.57933510013,6473.895318197899,4525.854590896939,7425.847619547911,6141.045950786678,-10.263018333333331,31.165903333333336,Borehole/Tubewell,Hand Pump - India Mark,Well,Hand Pump,Northern,False,0,Kasama,2014,5GXHP5P8+Q9R
2.0,788.0,319061.18293289177,5660.166596798584,2982.5611381828185,6448.570551224832,5154.517458470228,-10.259271666666669,31.17950833333333,Borehole/Tubewell,Hand Pump - India Mark,Well,Hand Pump,Northern,False,0,Kasama,2014,5GXHP5RH+7RR
13.0,204.0,290786.2784487499,9869.057961638198,406.250864051622,9304.246198301124,20.34760396696455,-10.29285,31.21859333333333,Borehole/Tubewell,Hand Pump - India Mark,Well,Hand Pump,Northern,False,0,Kasama,2014,5GXHP649+VC8
2.0,2904.0,290075.7256305136,7081.4624271033335,72.1996268576671,7118.713110115003,2389.424557034926,-10.268653333333331,31.211298333333332,Borehole/Tubewell,Hand Pump - India Mark,Well,Hand Pump,Northern,False,0,Kasama,2014,5GXHP6J6+GGM
8.0,1323.0,287305.3012763161,8515.244661528232,3009.8591272218755,6006.157921782823,3583.9841903611464,-10.266625,31.23960833333333,Borehole/Tubewell,Hand Pump - India Mark,Well,Hand Pump,Northern,False,0,Kasama,2014,5GXHP6MQ+9R5
12.0,4957.0,289959.89772480587,6379.260115158427,111.92910738136295,6438.632372544712,3079.8164200275123,-10.262748333333333,31.20894333333333,Borehole/Tubewell,Hand Pump - India Mark,Well,Hand Pump,Northern,False,0,Kasama,2014,5GXHP6P5+WH4
2.0,4884.0,289577.447087873,6177.150883088664,240.10561462715248,6152.040146161267,3356.3989121270843,-10.25983,31.211246666666664,Borehole/Tubewell,Hand Pump - India Mark,Well,Hand Pump,Northern,False,0,Kasama,2014,5GXHP6R6+3F9
19.0,7787.0,289330.27400320163,5091.925436518292,303.6412312428299,5556.275484861635,4434.749816801841,-10.250418333333332,31.2082,Protected Well,Hand Pump - Rope,Well,,Northern,True,0,Kasama,2014,5GXHP6X5+R7P
22.0,258.0,280265.868524626,13875.393996133362,12841.259516869886,9001.385165426476,6081.671934830985,-10.292836666666666,31.33212333333333,Protected Well,Hand Pump,Well,Hand Pump,Northern,False,0,Kasama,2014,5GXHP84J+QRH
28.0,384.0,311492.45680085936,8232.702279715159,942.4146302737475,8941.42789162023,7600.036888302496,-10.228806666666664,31.115870000000005,Borehole/Tubewell,Hand Pump - India Mark,Well,Hand Pump,Northern,False,0,Kasama,2014,5GXHQ4C8+F8H
4.0,1036.0,314084.2048186527,4870.452371256939,1075.2467590178237,5678.554128393624,4367.409892095835,-10.226671666666666,31.147611666666663,Borehole/Tubewell,Hand Pump - India Mark,Well,Hand Pump,Northern,False,0,Kasama,2014,5GXHQ4FX+82Q
,1513.0,,69914.3431915706,86806.47583853797,5235.72742660692,188.69815034465063,-14.53543,24.20958,Protected Well,Hand Pump,Well,Hand Pump,Western,False,0,Kaoma,2019,5GQ6F675+RRG
17.0,3431.0,313431.2858754777,4831.854558302597,271.888745121177,5545.102862777942,4205.3613843328285,-10.219698333333334,31.14554,Borehole/Tubewell,Hand Pump - India Mark,Well,Hand Pump,Northern,False,0,Kasama,2014,5GXHQ4JW+46F
24.0,6598.0,313704.1127024493,4323.512928576259,266.9835235500599,5034.444279765203,3695.062342039045,-10.218125,31.149925,Borehole/Tubewell,Hand Pump - India Mark,Well,Hand Pump,Northern,False,0,Kasama,2014,5GXHQ4JX+QX3
10.0,8834.0,290193.64305280085,4086.365510070612,896.9982867515774,5883.440534627102,5393.394680361815,-10.245013333333333,31.195823333333337,Borehole/Tubewell,Hand Pump - India Mark,Well,Hand Pump,Northern,True,0,Kasama,2014,5GXHQ53W+X8W
12.0,2726.0,317604.9376113033,4104.083495013809,2695.213205633577,5051.963886995436,4310.9069690858405,-10.243553333333333,31.17503166666667,Borehole/Tubewell,Hand Pump - India Mark,Well,Hand Pump,Northern,True,0,Kasama,2014,5GXHQ54G+H2F
5.0,780.0,315206.1812292049,4630.881037191709,2118.68260661003,5540.5982620900295,4328.780093446622,-10.234228333333334,31.15464833333333,Borehole/Tubewell,Hand Pump - India Mark,Well,Hand Pump,Northern,False,0,Kasama,2014,5GXHQ583+8V2
5.0,12210.0,316979.0752854314,2552.379331846013,1673.7565941237146,3523.543398055158,2754.7403368574755,-10.229813333333334,31.178545,Borehole/Tubewell,Hand Pump - India Mark,Well,Hand Pump,Northern,True,0,Kasama,2014,5GXHQ5CH+3CF
13.0,1938.0,314828.8589246453,4059.155452342691,1404.2494976342052,4918.48743002684,3650.7033793661935,-10.22692,31.156016666666662,Borehole/Tubewell,Hand Pump - India Mark,Well,Hand Pump,Northern,False,0,Kasama,2014,5GXHQ5F4+693
3.0,18119.0,317253.53074816323,1987.1282767554017,984.3056142937882,2898.778717289116,2392.4370525452355,-10.226385,31.184365000000003,Borehole/Tubewell,Hand Pump - India Mark,Well,Hand Pump,Northern,True,0,Kasama,2014,5GXHQ5FM+CPX
8.0,6154.0,314962.89216438454,3383.3699501723786,1149.0214230525291,4229.471105785631,2958.098842948161,-10.222806666666663,31.16078333333333,Borehole/Tubewell,Hand Pump - India Mark,Well,Hand Pump,Northern,False,0,Kasama,2014,5GXHQ5G6+V8F
8.0,18248.0,317278.963830665,1808.3796632184235,830.757194670503,2697.563772975779,2270.117273399222,-10.224993333333334,31.18572166666667,Borehole/Tubewell,Hand Pump - India Mark,Well,Hand Pump,Northern,True,0,Kasama,2014,5GXHQ5GP+284
3.0,18619.0,317213.9370693865,1705.6780279216298,837.7940710610453,2603.11021874913,2168.2344664007737,-10.22405,31.18570333333333,Borehole/Tubewell,Hand Pump - India Mark,Well,Hand Pump,Northern,True,0,Kasama,2014,5GXHQ5GP+97P
11.0,17858.0,316977.41117117467,972.367010111921,514.3189367438256,1854.700992409924,1590.641140333378,-10.217623333333334,31.187941666666667,Borehole/Tubewell,Hand Pump - India Mark,Well,Hand Pump,Northern,True,0,Kasama,2014,5GXHQ5JQ+X54
13.0,17863.0,254520.6919342541,1795.2934862957911,158.18301602505994,2444.652463167952,1107.5950996816923,-10.209453333333332,31.171881666666664,Borehole/Tubewell,Hand Pump - India Mark,Well,Hand Pump,Northern,True,0,Kasama,2014,5GXHQ5RC+6Q6
8.0,16588.0,253844.70958924445,494.5539975451295,26.05263970033741,979.3111248649886,448.2773057440701,-10.205775,31.184966666666664,Borehole/Tubewell,Hand Pump - India Mark,Well,Hand Pump,Northern,True,0,Kasama,2014,5GXHQ5VM+MXW
3.0,5709.0,288435.4361711496,4083.757304652172,791.9154906169564,3811.0118127168857,4916.173734275606,-10.23844,31.21053,Borehole/Tubewell,Hand Pump - India Mark,Well,Hand Pump,Northern,True,0,Kasama,2014,5GXHQ666+J6C
,8737.0,289178.00211611256,3424.366186634684,78.22092309622849,3523.061010036788,4184.914747674318,-10.236788333333331,31.201695000000004,Borehole/Tubewell,Hand Pump - India Mark,Well,Hand Pump,Northern,True,0,Kasama,2012,5GXHQ672+7MP
6.0,7810.0,287498.50961886416,3320.6216284378243,1635.4820888237796,2519.295698621001,4220.243366706453,-10.22604,31.213093333333337,Borehole/Tubewell,Hand Pump - India Mark,Well,Hand Pump,Northern,True,0,Kasama,2012,5GXHQ6F7+H6P
3.0,8113.0,287504.6113431844,3192.278475754265,1657.0999808750785,2399.3815612063554,4093.304239168786,-10.224983333333334,31.212405,Protected Well,Rope and Bucket,Well,Rope and Bucket,Northern,True,0,Kasama,2014,5GXHQ6G6+2X2
0.0,1830.0,286148.99142084585,4084.7453293228,2969.155711365961,1772.0412786137688,4961.116214668545,-10.220006666666666,31.22379,Borehole/Tubewell,Hand Pump - India Mark,Well,Hand Pump,Northern,False,0,Kasama,2012,5GXHQ6HF+XGV
17.0,6318.0,254012.26540263888,3563.0284434608902,3022.3020041744016,1192.219933099796,4366.405979677816,-10.213836666666667,31.22038,Borehole/Tubewell,Motorized Pump - Electric,Well,Motorized Pump,Northern,False,0,Kasama,2014,5GXHQ6PC+F56
16.0,5108.0,253939.46223290067,3756.155627190592,3226.6531212377645,1158.8158198360427,4546.724904827039,-10.21349,31.222213333333336,Borehole/Tubewell,Hand Pump - India Mark,Well,Hand Pump,Northern,False,0,Kasama,2014,5GXHQ6PC+JV4
0.0,6277.0,253913.124401019,3610.122283744588,3102.157759471986,1104.242207214109,4397.391911729398,-10.213023333333332,31.22093166666667,Borehole/Tubewell,Motorized Pump - Electric,Well,Motorized Pump,Northern,False,0,Kasama,2014,5GXHQ6PC+Q9V
7.0,361.0,253579.76657943943,6191.8588555901615,5247.895975932808,159.9456900778706,6934.669049851376,-10.213991666666669,31.24452666666667,Borehole/Tubewell,Hand Pump - India Mark,Well,Hand Pump,Northern,False,0,Kasama,2014,5GXHQ6PV+9RW
6.0,558.0,253529.6116290153,6612.605220668117,5831.052449324022,137.02515842859327,7351.241830661691,-10.214165,31.248366666666666,Borehole/Tubewell,Hand Pump - India Mark,Well,Hand Pump,Northern,False,0,Kasama,2014,5GXHQ6PX+78Q
5.0,3299.0,253613.28012428424,4365.49809445173,3849.1647248923655,724.3307650347924,5106.599724511773,-10.211505,31.22800666666667,Borehole/Tubewell,Hand Pump - India Mark,Well,Hand Pump,Northern,False,0,Kasama,2014,5GXHQ6QH+96R
,7549.0,253468.23806563596,3742.7098934733913,3372.5117560226354,684.6003341753608,4454.842125212872,-10.209198333333337,31.22241166666667,Borehole/Tubewell,Hand Pump - India Mark,Well,Hand Pump,Northern,True,0,Kasama,2012,5GXHQ6RC+8XF
11.0,11582.0,253133.80871751392,3169.2112049522625,2918.1738903909068,225.6106031046753,3796.388808996878,-10.20516,31.21694,Borehole/Tubewell,Hand Pump - India Mark,Well,Hand Pump,Northern,True,0,Kasama,2014,5GXHQ6V8+WQP
5.0,6339.0,252992.2791830733,4032.075917313696,3752.049982668404,235.7100951348553,4663.252121165781,-10.20526,31.224876666666667,Borehole/Tubewell,Hand Pump - India Mark,Well,Hand Pump,Northern,True,0,Kasama,2014,5GXHQ6VF+VXR
10.0,3030.0,252995.8339042255,4533.661136708953,3635.463957689864,113.39189636519014,5180.544144619445,-10.206103333333337,31.22954,Borehole/Tubewell,Hand Pump - India Mark,Well,Hand Pump,Northern,False,0,Kasama,2014,5GXHQ6VH+HR3
2.0,147.0,283586.7387908602,7643.810758144976,5845.549509211643,1531.490348879166,8107.389423883063,-10.227545,31.255415000000003,Borehole/Tubewell,Hand Pump - India Mark,Well,Hand Pump,Northern,False,0,Kasama,2014,5GXHQ7C4+X5M
2.0,77.0,281649.9368843566,9104.50880321966,7710.928726334138,1150.5738778230518,7693.979777103366,-10.218823333333336,31.270736666666668,Protected Well,Hand Pump - India Mark,Well,Hand Pump,Northern,False,0,Kasama,2014,5GXHQ7JC+F7H
2.0,414.0,282878.55096240144,7431.835859775758,6280.312812923198,209.13581949808017,8174.110278184417,-10.215561666666668,31.25574333333333,Borehole/Tubewell,Hand Pump - India Mark,Well,Hand Pump,Northern,False,0,Kasama,2014,5GXHQ7M4+Q7H
9.0,364.0,252529.04197660965,8533.560847992228,6628.746925351004,145.82605107005702,8067.477500555702,-10.207846666666669,31.26613166666667,Protected Well,Hand Pump - Rope,Well,,Northern,False,0,Kasama,2014,5GXHQ7R8+VF6
1.0,436.0,252178.8884106289,9004.874849944183,6632.93533331156,137.13001056565585,7577.756687893369,-10.2053,31.270361666666663,Borehole/Tubewell,Hand Pump - India Mark,Well,Hand Pump,Northern,False,0,Kasama,2014,5GXHQ7VC+V4Q
2.0,340.0,253379.95859120865,20181.73905174975,101.58198963838744,1096.213715646378,6061.77050324378,-10.160851666666668,31.01056,Borehole/Tubewell,Hand Pump - India Mark,Well,Hand Pump,Northern,False,0,Kasama,2014,5GXHR2Q6+M63
14.0,1206.0,252267.76960735477,17666.99547522573,309.1300738087541,3831.8964107785055,5818.770069376903,-10.157190000000002,31.03568833333333,Borehole/Tubewell,Hand Pump - India Mark,Well,Hand Pump,Northern,False,0,Kasama,2014,5GXHR2VP+47G
4.0,8397.0,252298.70676821755,1870.1347452122848,193.5524781191064,870.432550555211,1691.848637727125,-10.193563333333334,31.19557333333333,Borehole/Tubewell,Hand Pump - India Mark,Well,Hand Pump,Northern,True,0,Kasama,2012,5GXHR54W+H6G
54.0,4933.0,251203.1278095741,4415.624972197881,3505.009311510835,4111.626254877349,564.4554914145699,-10.177201666666669,31.163676666666667,Borehole/Tubewell,Hand Pump - India Mark,Well,Hand Pump,Northern,False,0,Kasama,2014,5GXHR5F7+4F7
3.0,5315.0,250766.2831354912,4491.829303751029,3974.6528400928128,4069.447894547308,23.78239851638912,-10.173915,31.16733333333333,Borehole/Tubewell,Hand Pump - India Mark,Well,Hand Pump,Northern,False,0,Kasama,2014,5GXHR5G8+CWP
1.0,5139.0,250579.47044068712,4759.938057476534,4227.291424080821,4335.278477355571,1.6746365954134184,-10.17191,31.16595,Borehole/Tubewell,Motorized Pump,Well,Motorized Pump,Northern,False,0,Kasama,2013,5GXHR5H8+69P
3.0,4819.0,250382.99090842388,4970.126484685627,4396.562273129231,4529.7292262017445,78.07684742649805,-10.169995,31.165451666666662,Borehole/Tubewell,Hand Pump - India Mark,Well,Hand Pump,Northern,False,0,Kasama,2014,5GXHR5J8+254
12.0,1468.0,250710.5071854929,4822.033799745186,1785.081355696676,2071.8745173880543,4923.681271553808,-10.184261666666666,31.22460333333333,Borehole/Tubewell,Hand Pump - India Mark,Well,Hand Pump,Northern,False,0,Kasama,2014,5GXHR68F+7RX
4.0,1468.0,250703.3110491702,4821.396420647918,1774.7784316940524,2080.0514669226613,4919.551379389333,-10.184185,31.224543333333333,Borehole/Tubewell,Motorized Pump - Solar,Well,Motorized Pump,Northern,False,0,Kasama,2014,5GXHR68F+8RF
3.0,279.0,250353.93124194152,6205.204504624634,2756.198654854121,2581.770034048354,6447.7500162297,-10.183443333333337,31.238751666666666,Borehole/Tubewell,Hand Pump - India Mark,Well,Hand Pump,Northern,False,0,Kasama,2014,5GXHR68Q+JGC
2.0,1334.0,250158.04683295335,5345.2556582286825,1706.8875748151595,2604.4506366354653,5338.127383649996,-10.179633333333332,31.22712166666667,Borehole/Tubewell,Hand Pump - India Mark,Well,Hand Pump,Northern,False,0,Kasama,2014,5GXHR6CG+4RX
4.0,1602.0,248988.64911819805,6307.611003680377,916.1243371429769,3768.625217575584,6033.777881051916,-10.169366666666669,31.22980166666667,Borehole/Tubewell,Hand Pump - India Mark,Well,Hand Pump,Northern,False,0,Kasama,2014,5GXHR6JH+7W3
1.0,3143.0,247499.76322412628,7568.179604069559,185.83997667437853,5256.965216808474,6937.762228437735,-10.156135,31.232301666666665,Borehole/Tubewell,Hand Pump - India Mark,Well,Hand Pump,Northern,False,0,Kasama,2012,5GXHR6VJ+GWV
2.0,3350.0,247488.4608514528,7829.462217554051,129.57848308082956,5278.718020120976,7326.81364575921,-10.156796666666668,31.236688333333337,Borehole/Tubewell,Hand Pump - India Mark,Well,Hand Pump,Northern,False,0,Kasama,2014,5GXHR6VP+7M5
8.0,3309.0,247416.72047029636,7996.715842885815,205.9441566180865,5365.694094976966,7526.038725277603,-10.156461666666669,31.23856,Protected Well,Hand Pump - Rope,Well,,Northern,False,0,Kasama,2014,5GXHR6VQ+CC7
0.0,3412.0,247115.197494063,8062.929274618727,256.79504132539705,5908.372559743457,7431.563326546863,-10.15322,31.23582,Borehole/Tubewell,Motorized Pump,Well,Motorized Pump,Northern,False,0,Kasama,2013,5GXHR6WP+P88
2.0,3485.0,247115.197494063,8062.929274618727,256.79504132539705,5908.372559743457,7431.563326546863,-10.153178333333331,31.235788333333332,Borehole/Tubewell,Hand Pump - India Mark,Well,Hand Pump,Northern,False,0,Kasama,2014,5GXHR6WP+P8F
12.0,3348.0,247221.8123205712,8152.944377126538,51.82405053794183,5770.879747132963,7635.134375979471,-10.154706666666668,31.238755,Borehole/Tubewell,Hand Pump - India Mark,Well,Hand Pump,Northern,False,0,Kasama,2014,5GXHR6WQ+3F9
12.0,650.0,251205.56670233165,9177.69349795211,7194.154299701162,193.66896573670192,5647.592953366757,-10.198981666666668,31.28743833333333,Borehole/Tubewell,Hand Pump - India Mark,Well,Hand Pump,Northern,False,0,Kasama,2014,5GXHR72P+CX4
11.0,113.0,250348.11428437277,20165.50545298398,2524.534921450212,3616.730533207718,3464.02799343313,-10.135,31.02,Borehole/Tubewell,Motorized Pump,Well,Motorized Pump,Northern,False,0,Kasama,2013,5GXHV28C+222
1.0,361.0,247035.11013925268,12749.07690449456,7971.70285806381,12486.86116600471,1370.5594861577645,-10.12621,31.10714,Borehole/Tubewell,Motorized Pump,Well,Motorized Pump,Northern,False,0,Kasama,2015,5GXHV4F4+GV6
1.0,330.0,246954.46486448296,12897.817327003824,7975.479816251837,12635.09842680951,1300.346594238551,-10.12524,31.1062,Borehole/Tubewell,Motorized Pump,Well,Motorized Pump,Northern,False,0,Kasama,2015,5GXHV4F4+WF4
18.0,1499.0,245706.5208368441,10985.300922001014,9747.68710730028,10470.810320642842,23.784638338941104,-10.121483333333334,31.14055833333333,Protected Well,Hand Pump,Well,Hand Pump,Northern,False,0,Kasama,2014,5GXHV4HR+C52
8.0,1520.0,247794.3041378061,6686.376080438084,4489.754355428686,5910.574110710087,2124.0193651732866,-10.148985,31.179695,Borehole/Tubewell,Hand Pump - India Mark,Well,Hand Pump,Northern,False,0,Kasama,2014,5GXHV52H+CV4
11.0,1540.0,247576.60917932665,6702.6467636740335,3958.6593926706014,5859.16414125754,2843.7290175007583,-10.148273333333332,31.18623,Borehole/Tubewell,Hand Pump - India Mark,Well,Hand Pump,Northern,False,0,Kasama,2014,5GXHV52P+MFX
2.0,3888.0,247061.20856458627,8981.031622263938,7827.136721942123,8449.443270105116,568.8412221206798,-10.136353333333334,31.151321666666664,Borehole/Tubewell,Hand Pump - India Mark,Well,Hand Pump,Northern,False,0,Kasama,2014,5GXHV572+FG4
7.0,4746.0,246866.1628536175,9020.81364002934,7736.747711145552,8463.443575606942,321.7251591311143,-10.13498,31.153341666666662,Protected Well,Hand Pump - India Mark,Well,Hand Pump,Northern,False,0,Kasama,2014,5GXHV583+284
30.0,5336.0,246735.98431651545,8998.266847060533,7593.424588037096,8417.37981162319,73.82454298893212,-10.134236666666668,31.15550333333333,Borehole/Tubewell,Hand Pump - India Mark,Well,Hand Pump,Northern,False,0,Kasama,2014,5GXHV584+862
2.0,5553.0,246620.01727087787,8936.911911911082,7388.209911701124,8328.999965892785,225.68677425451585,-10.133731666666668,31.15818833333333,Borehole/Tubewell,Hand Pump - India Mark,Well,Hand Pump,Northern,False,0,Kasama,2014,5GXHV585+G74
2.0,2606.0,245936.21812380155,9225.622253589398,7147.68608840498,8542.222258606715,1039.2163416530027,-10.12877,31.16467,Borehole/Tubewell,Motorized Pump,Well,Motorized Pump,Northern,False,0,Kasama,2013,5GXHV5C7+FVV
3.0,2606.0,245926.39444847687,9232.534004179091,7148.819594066255,8548.45753228838,1047.2569335969622,-10.12869,31.164721666666665,Borehole/Tubewell,Hand Pump - India Mark,Well,Hand Pump,Northern,False,0,Kasama,2014,5GXHV5C7+GVH
2.0,392.0,245452.4475350119,9021.383080074043,5950.653311009943,8205.222563530495,2793.1187893966035,-10.12761,31.18082,Borehole/Tubewell,Motorized Pump,Well,Motorized Pump,Northern,False,0,Kasama,2013,5GXHV5CJ+X84
2.0,3299.0,245936.1789440496,10055.153623323524,8555.02793983129,9478.517732837368,7.070732749308502,-10.12584,31.15082,Borehole/Tubewell,Hand Pump - India Mark,Well,Hand Pump,Northern,False,0,Kasama,2014,5GXHV5F2+M88
4.0,3888.0,245785.206108381,9976.425506046166,8296.25635233966,9368.9706507407,305.2212090540698,-10.125175,31.154238333333332,Borehole/Tubewell,Hand Pump - India Mark,Well,Hand Pump,Northern,False,0,Kasama,2014,5GXHV5F3+WMQ
0.0,961.0,244067.3994392652,11397.059936975917,9047.365910219129,10713.820080238964,1854.5670602727428,-10.11016,31.158316666666664,Protected Well,Hand Pump - Afridev,Well,Hand Pump,Northern,False,0,Kasama,2014,5GXHV5Q5+W8P
5.0,1230.0,246662.4375905933,8065.458508366653,1192.7823497365416,6127.022518876898,7047.850169081718,-10.147771666666667,31.22848,Borehole/Tubewell,Motorized Pump - Electric,Well,Motorized Pump,Northern,False,0,Kasama,2014,5GXHV62H+V9X
10.0,1644.0,246601.9363051418,8179.565215266984,1139.157506353703,6174.298113670978,7197.609949636883,-10.147468333333334,31.22990333333333,Borehole/Tubewell,Hand Pump - India Mark,Well,Hand Pump,Northern,False,0,Kasama,2014,5GXHV63H+2X6
8.0,723.0,246404.6330004769,8264.303037524294,1454.6426366835628,6394.272636392637,7149.580052873168,-10.14531,31.227953333333332,Borehole/Tubewell,Hand Pump - India Mark,Well,Hand Pump,Northern,False,0,Kasama,2014,5GXHV63H+V5G
2.0,1917.0,245555.60089523523,9802.668814372057,306.31029427205794,7262.582576024514,7115.720586982837,-10.140535,31.245256666666663,Borehole/Tubewell,Hand Pump - India Mark,Well,Hand Pump,Northern,False,0,Kasama,2014,5GXHV65W+Q4J
3.0,692.0,245787.18999763916,8758.134921765837,2082.256111165893,7037.931762445951,7380.4088448244975,-10.139411666666666,31.22668666666667,Borehole/Tubewell,Hand Pump - India Mark,Well,Hand Pump,Northern,False,0,Kasama,2014,5GXHV66G+6MM
2.0,1404.0,245133.42107537083,10226.346873554605,283.8412964166891,7696.144741757008,6678.373987012399,-10.136948333333333,31.24693666666667,Borehole/Tubewell,Hand Pump - India Mark,Well,Hand Pump,Northern,False,0,Kasama,2014,5GXHV67W+6QF
,517.0,245073.27293290396,9429.68697898275,2412.8062567038232,7749.484235236594,7456.936574102471,-10.133015,31.22759333333333,Protected Spring,Rope and Bucket,Spring,Rope and Bucket,Northern,False,0,Kasama,2014,5GXHV68H+Q2W
6.0,700.0,244991.76484833637,10083.22933527465,882.6188301135505,7779.692202484596,6713.6517598602695,-10.134788333333336,31.241923333333336,Borehole/Tubewell,Hand Pump - India Mark,Well,Hand Pump,Northern,False,0,Kasama,2014,5GXHV68R+3QM
22.0,723.0,244746.46908831847,9573.747675545035,3147.874499840186,8182.785586356157,7165.501862349791,-10.129,31.222,Borehole/Tubewell,Motorized Pump,Well,Motorized Pump,Northern,False,0,Kasama,2013,5GXHV6CC+CR2
6.0,734.0,244664.11387006764,9690.242486640862,3003.841760765249,8232.990781320366,7348.84409351304,-10.128535,31.22360666666667,Borehole/Tubewell,Hand Pump - India Mark,Well,Hand Pump,Northern,False,0,Kasama,2014,5GXHV6CF+HCQ
6.0,351.0,243687.1232851189,10438.755867927288,4698.300551466023,9470.468037568256,6321.520532643438,-10.117308333333334,31.211471666666665,Borehole/Tubewell,Hand Pump - India Mark,Well,Hand Pump,Northern,False,0,Kasama,2014,5GXHV6M6+3HH
0.0,237.0,242375.0158826357,11751.15223830446,4907.720854378756,10777.228648984312,6865.87113171045,-10.105725,31.21408333333333,Borehole/Tubewell,Hand Pump - India Mark,Well,Hand Pump,Northern,False,0,Kasama,2014,5GXHV6V7+PJ8
1.0,527.0,241711.99723262803,24403.40654277957,11153.321152153958,9705.924998778888,4997.624375284478,-10.05605,31.02762,Borehole/Tubewell,Motorized Pump,Well,Motorized Pump,Northern,False,0,Kasama,2014,5GXHW2VH+H2Q
11.0,2626.0,245362.73159782877,18699.15641596329,7184.902840344013,9425.418896805571,334.7771331785843,-10.098678333333334,31.05882166666667,Borehole/Tubewell,Hand Pump - India Mark,Well,Hand Pump,Northern,False,0,Kasama,2014,5GXHW325+GGG
1.0,2130.0,245107.96166682147,19402.32317968134,7351.482993443781,9211.339725599328,852.7026751825653,-10.094933333333334,31.053611666666665,Borehole/Tubewell,Hand Pump - India Mark,Well,Hand Pump,Northern,False,0,Kasama,2014,5GXHW333+XFX
0.0,620.0,241336.11738202663,13486.57544129045,9869.21314730964,12686.747486605324,4763.264704387233,-10.087908333333331,31.172518333333333,Borehole/Tubewell,Hand Pump - India Mark,Well,Hand Pump,Northern,False,0,Kasama,2014,5GXHW56F+R2J
5.0,1168.0,237934.8311358181,16217.3048161042,4114.201117903069,15022.444030999506,5242.405797760039,-10.067183333333332,31.226435,Borehole/Tubewell,Hand Pump - India Mark,Well,Hand Pump,Northern,False,0,Kasama,2014,5GXHW6MG+4HF
12.0,607.0,240271.37663234508,13916.769781608704,44.471692590544166,11859.754884054068,1649.1393971310956,-10.095555,31.265958333333334,Borehole/Tubewell,Hand Pump - India Mark,Well,Hand Pump,Northern,False,0,Kasama,2014,5GXHW738+Q9G
2.0,607.0,240262.03504680065,13873.564048427075,6.330940025340487,11848.273313836611,1624.580936926382,-10.095551666666667,31.266458333333336,Borehole/Tubewell,Hand Pump - India Mark,Well,Hand Pump,Northern,False,0,Kasama,2014,5GXHW738+QHG
10.0,299.0,238958.7563464031,15109.463261576708,933.309114773782,13311.347385017349,1057.9719011432835,-10.082916666666668,31.262316666666667,Borehole/Tubewell,Hand Pump - India Mark,Well,Hand Pump,Northern,False,0,Kasama,2014,5GXHW786+RWP
1.0,134.0,239116.5846656088,21258.62446962036,13549.059330885237,15049.10129480983,5896.484109221648,-10.0468,31.08394,Borehole/Tubewell,Motorized Pump,Well,Motorized Pump,Northern,False,0,Kasama,2015,5GXHX33M+7HP
1.0,413.0,236463.9225154696,18088.77878403306,7223.91271232418,17226.049781816684,9504.132329068025,-10.045301666666669,31.18434333333333,Borehole/Tubewell,Hand Pump - India Mark,Well,Hand Pump,Northern,False,0,Kasama,2014,5GXHX53M+VP6
1.0,548.0,236096.2838373148,19567.57486146547,10207.58459166752,18806.72035418611,9581.130210739966,-10.035338333333334,31.153461666666665,Borehole/Tubewell,Hand Pump - India Mark,Well,Hand Pump,Northern,False,0,Kasama,2014,5GXHX573+V9H
0.0,548.0,236073.40119983436,19612.337548728578,10253.286447457564,18852.96707296222,9603.822477334608,-10.035,31.153,Borehole/Tubewell,Motorized Pump,Well,Motorized Pump,Northern,False,0,Kasama,2013,5GXHX583+262
2.0,651.0,235057.89385722709,19486.00169884613,6668.5849603166735,18617.31246123566,10853.643172864826,-10.032683333333331,31.18583333333333,Borehole/Tubewell,Hand Pump - India Mark,Well,Hand Pump,Northern,False,0,Kasama,2014,5GXHX58P+W8G
0.0,817.0,235002.8359156625,19563.02901943837,6742.671271240299,18696.68834808261,10888.522357249398,-10.032,31.185,Borehole/Tubewell,Motorized Pump,Well,Motorized Pump,Northern,False,0,Kasama,2013,5GXHX59P+622
7.0,10.0,233305.45702363,22480.746078572138,10325.859611229993,21708.958567116555,12366.645392496082,-10.008935,31.151205,Borehole/Tubewell,Hand Pump - India Mark,Well,Hand Pump,Northern,False,0,Kasama,2014,5GXHX5R2+CFG
2.0,1230.0,232624.71796048916,21515.976647151834,3283.4501086609152,20580.140368246957,8428.422949269372,-10.016148333333332,31.21515,Borehole/Tubewell,Hand Pump - India Mark,Well,Hand Pump,Northern,False,0,Kasama,2014,5GXHX6M8+G3R
8.0,502.0,235105.7813574832,18923.95650494193,679.8759925086102,17631.399225799632,3835.4042525360464,-10.045546666666668,31.25056833333333,Borehole/Tubewell,Hand Pump - India Mark,Well,Hand Pump,Northern,False,0,Kasama,2014,5GXHX732+Q6P
6.0,525.0,235134.7553133857,18320.96916094842,96.2157889020866,17313.99065317404,3101.1578635738992,-10.046975,31.257231666666662,Borehole/Tubewell,Hand Pump - India Mark,Well,Hand Pump,Northern,False,0,Kasama,2014,5GXHX734+6V9
1.0,430.0,228862.16604267023,24473.855133618243,94193.0574466452,21209.516608478105,3479.914017905743,-10.770515,32.048115,Borehole/Tubewell,Hand Pump - India Mark,Well,Hand Pump,Muchinga,False,0,Chinsali,2014,5GXJ62HX+Q6X
3.0,388.0,228840.1325966119,23921.051906858203,94639.35768716923,21763.923703404085,3214.0979208934946,-10.765653333333336,32.050095000000006,Borehole/Tubewell,Hand Pump - India Mark,Well,Hand Pump,Muchinga,False,0,Chinsali,2014,5GXJ63M2+P2Q
15.0,345.0,228830.29591799396,23647.91498921767,94860.31805382526,22038.80039499449,3095.091907472597,-10.763246666666666,32.05107,Borehole/Tubewell,Hand Pump - India Mark,Well,Hand Pump,Muchinga,False,0,Chinsali,2014,5GXJ63P2+PC4
9.0,206.0,232020.34888940735,21973.5639990948,93432.41165487956,23989.722983715503,135.71309363060837,-10.744796666666666,32.02684166666666,Protected Well,Rope and Bucket,Well,Rope and Bucket,Muchinga,False,0,Chinsali,2014,5GXJ724G+3PP
3.0,122.0,224428.2205304801,21849.24914648278,100656.65481132898,25172.745724660737,7172.923673855749,-10.744453333333334,32.10103333333333,Protected Well,Rope and Bucket,Well,Rope and Bucket,Muchinga,False,0,Chinsali,2014,5GXJ7442+6C7
2.0,127.0,225254.69992228656,17862.62141106614,101419.18119265285,29468.473765379567,7298.103242993483,-10.706006666666667,32.108151666666664,Borehole/Tubewell,Hand Pump - India Mark,Well,Hand Pump,Muchinga,False,0,Chinsali,2014,5GXJ74V5+H7R
9.0,59.0,226717.88423639032,16363.7371390937,100186.65588629106,30433.69282104033,6123.247391042748,-10.694396666666668,32.098481666666665,Borehole/Tubewell,Hand Pump - India Mark,Well,Hand Pump,Muchinga,False,0,Chinsali,2014,5GXJ834X+69X
1.0,58.0,225637.69568310765,14899.05264040334,101961.6703409185,33071.55783980401,6023.7878883560825,-10.674740000000002,32.11738833333333,Borehole/Tubewell,Hand Pump - India Mark,Well,Hand Pump,Muchinga,False,0,Chinsali,2014,5GXJ84G8+4X2
1.0,444.0,225576.39317739892,14099.947659662075,102376.10478975553,34294.11323456583,4825.591985621083,-10.66466,32.122325000000004,Borehole/Tubewell,Hand Pump - India Mark,Well,Hand Pump,Muchinga,False,0,Chinsali,2014,5GXJ84PC+4WP
11.0,521.0,226209.6051640933,13324.463518582706,101877.02336196958,34821.633694351585,4651.004557302151,-10.658633333333334,32.11864166666667,Borehole/Tubewell,Hand Pump - India Mark,Well,Hand Pump,Muchinga,False,0,Chinsali,2014,5GXJ84R9+GFR
46.0,207.0,223278.4410484504,14580.987602576412,110502.80933032752,36668.78631569579,2055.5651457942013,-10.651598333333334,32.15094666666666,Protected Well,Rope and Bucket,Well,Rope and Bucket,Muchinga,False,0,Chinsali,2014,5GXJ85X2+998
0.0,329.0,237624.831928688,10649.267191873112,90354.2045468284,36413.94773591886,242.34292435286963,-10.632778333333333,32.016441666666665,Borehole/Tubewell,Hand Pump - India Mark,Well,Hand Pump,Muchinga,False,0,Chinsali,2012,5GXJ9288+VHP
1.0,329.0,235753.08381603664,6589.49861230634,93116.9883203493,39329.59836621705,780.5124536822624,-10.606336666666667,32.04659,Borehole/Tubewell,Hand Pump - India Mark,Well,Hand Pump,Muchinga,False,0,Chinsali,2012,5GXJ92VW+FJ8
,138.0,234417.47947374007,5760.064023892676,94707.3657187812,39923.310490896045,1416.559289451693,-10.601885,32.06194,Protected Well,Hand Pump - Tara,Well,Hand Pump,Muchinga,False,0,Chinsali,2012,5GXJ93X6+6QW
1.0,966.0,115052.02883909138,20062.185200947413,65077.89975929502,16005.516050849928,1438.4076280448282,-9.51424,28.88378,Protected Well,Hand Pump,Well,Hand Pump,Luapula,False,0,Nchelenge,2019,6G2CFVPM+8G2
2.0,1392.0,223874.2232528736,13401.640840837856,111458.02797197818,38262.948479023085,397.0143107108288,-10.63653,32.15177333333334,Borehole/Tubewell,Hand Pump - India Mark,Well,Hand Pump,Muchinga,False,0,Chinsali,2014,5GXJ9572+9PJ
1.0,1456.0,223841.06366938452,13369.30828280055,111623.71753085904,38436.896940612336,230.9449314235279,-10.635195,32.15271333333333,Borehole/Tubewell,Hand Pump - India Mark,Well,Hand Pump,Muchinga,False,0,Chinsali,2014,5GXJ9573+W3G
7.0,1557.0,223826.48583789507,13260.5289483058,111933.79160381317,38796.838678860375,171.1729605611624,-10.632266666666665,32.154196666666664,Borehole/Tubewell,Hand Pump - India Mark,Well,Hand Pump,Muchinga,False,0,Chinsali,2014,5GXJ9593+3MW
3.0,1366.0,223868.00345585277,13121.086212916922,112175.31515358298,39115.4298530865,457.0032849869592,-10.629504999999998,32.15504,Protected Well,Hand Pump - Tara,Well,Hand Pump,Muchinga,False,0,Chinsali,2014,5GXJ95C4+52V
9.0,1063.0,223863.8845829616,13076.121094999851,112315.32936251916,39279.14001758215,616.5717967213269,-10.628166666666669,32.15569666666667,Borehole/Tubewell,Hand Pump - India Mark,Well,Hand Pump,Muchinga,False,0,Chinsali,2014,5GXJ95C4+P7P
2.0,706.0,219132.00885674552,17283.611962976312,140952.6527675325,42973.56197241016,6825.826230906978,-10.611423333333336,32.211286666666666,Borehole/Tubewell,Hand Pump - India Mark,Well,Hand Pump,Muchinga,False,0,Chinsali,2014,5GXJ96Q6+CGM
15.0,712.0,219397.6338116964,17024.383594135226,140991.3808827676,43171.27679543469,6742.111637122152,-10.60932,32.20961333333333,Protected Well,Hand Pump - Rope,Well,,Muchinga,False,0,Chinsali,2014,5GXJ96R5+7RH
14.0,659.0,219248.133452495,17219.027532608518,111178.0807430014,43747.7811353687,7328.774405113037,-10.604683333333332,32.21338333333333,Borehole/Tubewell,Hand Pump - India Mark,Well,Hand Pump,Muchinga,False,0,Chinsali,2014,5GXJ96W7+49C
1.0,143.0,211394.2430784449,25006.50890932105,118334.6337072598,41099.78652726641,13292.785658342857,-10.644043333333332,32.27387,Borehole/Tubewell,Hand Pump - India Mark,Well,Hand Pump,Muchinga,False,0,Chinsali,2014,5GXJ974F+9GQ
1.0,132.0,208986.6427462341,27687.034647425604,121648.13863689516,42036.524760088665,16882.525770825,-10.626319999999998,32.30702333333333,Borehole/Tubewell,Hand Pump - India Mark,Well,Hand Pump,Muchinga,False,0,Chinsali,2014,5GXJ98F4+FRC
1.0,563.0,239537.9571756716,4076.084612408636,90684.94227939316,44489.42701125242,2192.5423997375738,-10.559408333333332,32.03008333333333,Borehole/Tubewell,Hand Pump - India Mark,Well,Hand Pump,Muchinga,False,0,Chinsali,2014,5GXJC2RJ+62P
,366.0,232974.15480117008,5540.965795532064,96381.9599279589,40452.49825929292,2424.282054782045,-10.598696666666669,32.07784,Borehole/Tubewell,Hand Pump - India Mark,Well,Hand Pump,Muchinga,False,0,Chinsali,2012,5GXJC32H+G4G
0.0,1461.0,234315.59529724927,2634.839433420605,95942.41304921848,43472.69014074225,707.2920039066003,-10.57112,32.07716333333334,Borehole/Tubewell,Hand Pump - India Mark,Well,Hand Pump,Muchinga,False,0,Chinsali,2012,5GXJC3HG+HV3
,1605.0,234036.80205866287,2760.696680924022,96266.75617432324,43561.74601151381,529.2069179589665,-10.570661666666668,32.080191666666664,Borehole/Tubewell,Motorized Pump - Electric,Well,Motorized Pump,Muchinga,False,0,Chinsali,2012,5GXJC3HJ+P3P
0.0,1605.0,234064.47283688808,2716.5983366538026,96253.6502096438,43608.15906111513,488.76449854329,-10.57023,32.08011666666666,Borehole/Tubewell,Hand Pump - India Mark,Well,Hand Pump,Muchinga,False,0,Chinsali,2012,5GXJC3HJ+W25
0.0,3699.0,235874.9955383238,1387.1387102605177,94578.17883375815,44297.163063945736,487.0598034850421,-10.5625,32.065515,Borehole/Tubewell,Hand Pump - India Mark,Well,Hand Pump,Muchinga,False,0,Chinsali,2012,5GXJC3Q8+262
0.0,2742.0,237588.8088211091,1788.4693802369052,92945.2814973856,44865.134495162725,718.4958431574526,-10.55643833333333,32.05110666666667,Borehole/Tubewell,Hand Pump - India Mark,Well,Hand Pump,Muchinga,False,0,Chinsali,2014,5GXJC3V2+CCH
1.0,4454.0,237361.8026502329,1342.944357147405,93294.82031103392,45147.19451316233,699.7926288203944,-10.554055000000002,32.05452833333333,Borehole/Tubewell,Hand Pump - India Mark,Well,Hand Pump,Muchinga,False,0,Chinsali,2014,5GXJC3W3+9RC
0.0,3864.0,234924.07483474168,1537.6444661284886,96047.13635296076,45552.9628091302,671.0420054275888,-10.552500000000002,32.07989833333333,Borehole/Tubewell,Hand Pump - India Mark,Well,Hand Pump,Muchinga,True,0,Chinsali,2012,5GXJC3XH+2X2
0.0,1089.0,226785.1637367581,9697.356492744671,109953.32420446072,42038.59304641174,221.95779527434303,-10.597058333333331,32.14082666666666,Borehole/Tubewell,Hand Pump - India Mark,Well,Hand Pump,Muchinga,False,0,Chinsali,2014,5GXJC43R+58G
1.0,1126.0,226850.57437303104,9614.51419390212,109883.60848181669,42194.91430541872,182.62683002137555,-10.595595,32.14086,Borehole/Tubewell,Hand Pump - India Mark,Well,Hand Pump,Muchinga,False,0,Chinsali,2014,5GXJC43R+Q89
3.0,1116.0,226632.1193482632,9821.42250539508,110099.33018222373,42257.04370710128,48.68293940679648,-10.595648333333337,32.14304,Borehole/Tubewell,Hand Pump - India Mark,Well,Hand Pump,Muchinga,False,0,Chinsali,2014,5GXJC43V+P6V
8.0,616.0,230722.7928913383,6021.694208946494,99221.1846563076,42085.39746058312,1204.9879169449464,-10.588083333333335,32.10537333333333,Borehole/Tubewell,Hand Pump - India Mark,Well,Hand Pump,Muchinga,False,0,Chinsali,2012,5GXJC464+Q49
,893.0,227786.39289319588,8650.899712381479,108939.95248839064,42674.01940707879,65.58399224093353,-10.589293333333334,32.134411666666665,Borehole/Tubewell,Hand Pump - India Mark,Well,Hand Pump,Muchinga,False,0,Chinsali,2012,5GXJC46M+7QM
9.0,356.0,229708.02857314175,6776.488565693073,100481.86828719874,42774.44959240287,9.416681863972553,-10.584206666666669,32.11743166666667,Protected Well,Rope and Bucket,Well,Rope and Bucket,Muchinga,False,0,Chinsali,2014,5GXJC488+8X7
2.0,207.0,207200.0906021864,30562.709545683825,125007.7211606551,44840.77884711783,20913.431272071317,-10.594681666666668,32.34166166666667,Borehole/Tubewell,Hand Pump - India Mark,Well,Hand Pump,Muchinga,False,0,Chinsali,2014,5GXJC84R+4MF
1.0,207.0,206910.11037824675,30977.39525366216,125440.32138739136,45037.18603355971,21126.29221552225,-10.592406666666667,32.345861666666664,Borehole/Tubewell,Hand Pump - India Mark,Well,Hand Pump,Muchinga,False,0,Chinsali,2014,5GXJC85W+28Q
50.0,5.0,207228.8967487064,31601.10415987747,126101.82208048562,47277.48366729135,20584.821299422903,-10.571231666666666,32.354018333333336,Protected Spring,Rope and Bucket,Spring,Rope and Bucket,Muchinga,False,0,Chinsali,2014,5GXJC9H3+GJ2
8.0,345.0,239654.59913648976,6839.15271227018,88174.78025626054,48892.10805063111,5240.666660210757,-10.520078333333334,32.011388333333336,Borehole/Tubewell,Hand Pump - India Mark,Well,Hand Pump,Muchinga,False,0,Chinsali,2014,5GXJF2H6+XH6
10.0,366.0,238886.03532914745,6445.303858342346,88827.79286559105,49258.55681851997,4429.000342534426,-10.516511666666668,32.017875000000004,Borehole/Tubewell,Hand Pump - India Mark,Well,Hand Pump,Muchinga,False,0,Chinsali,2014,5GXJF2M9+95R
8.0,175.0,237932.84250883973,5816.523690797261,89852.51253994458,49554.52574065973,3333.207036310921,-10.513633333333331,32.02767333333334,Borehole/Tubewell,Hand Pump - India Mark,Well,Hand Pump,Muchinga,False,0,Chinsali,2014,5GXJF2PH+G3V
2.0,159.0,237825.4004280961,5802.18423958603,89929.42777684653,49621.2179359708,3225.3538946585672,-10.513023333333336,32.02845666666666,Borehole/Tubewell,Hand Pump - India Mark,Well,Hand Pump,Muchinga,False,0,Chinsali,2014,5GXJF2PH+Q9W
2.0,186.0,237843.7427877801,6006.32125292277,89750.50588004243,49745.98768078606,3313.1972087801,-10.51191,32.02694666666666,Borehole/Tubewell,Hand Pump - India Mark,Well,Hand Pump,Muchinga,False,0,Chinsali,2014,5GXJF2QG+6QP
8.0,191.0,237915.6657148631,6178.153165815532,89565.99795401277,49811.397571763024,3447.3246749797177,-10.51134,32.02531833333333,Borehole/Tubewell,Hand Pump - India Mark,Well,Hand Pump,Muchinga,False,0,Chinsali,2014,5GXJF2QG+F48
2.0,154.0,237698.24235277297,5755.207424505844,90047.38557830322,49678.41474179444,3087.194744849143,-10.512498333333332,32.02960666666667,Borehole/Tubewell,Hand Pump - India Mark,Well,Hand Pump,Muchinga,False,0,Chinsali,2014,5GXJF2QH+2R5
8.0,159.0,237676.0505228992,6058.722709418085,89811.97258837217,49898.31828628844,3174.667442381306,-10.510525,32.027680000000004,Borehole/Tubewell,Hand Pump - India Mark,Well,Hand Pump,Muchinga,False,0,Chinsali,2014,5GXJF2QH+Q3V
0.0,5092.0,234971.28999048064,1603.9155198163778,96113.9933351288,45862.937494456935,360.1003767906643,-10.549775,32.08073666666667,Borehole/Tubewell,Hand Pump - India Mark,Well,Hand Pump,Muchinga,True,0,Chinsali,2012,5GXJF32J+37X
21.0,3433.0,234352.67737432293,2402.705783494606,96882.4320358889,46171.225746328586,20.721584138567373,-10.547855,32.08793166666667,Borehole/Tubewell,Hand Pump - India Mark,Well,Hand Pump,Muchinga,False,0,Chinsali,2012,5GXJF32Q+V53
,5724.0,235245.471010052,1453.3752940176223,95915.44943349683,46103.14724177202,123.88346639658316,-10.547405,32.07910666666667,Borehole/Tubewell,Hand Pump - India Mark,Well,Hand Pump,Muchinga,True,0,Chinsali,2012,5GXJF33H+2JQ
2.0,664.0,235671.31160428052,2889.657541103308,94747.07708314156,48553.33705848098,57.5540149795976,-10.524376666666669,32.07137,Borehole/Tubewell,Hand Pump - India Mark,Well,Hand Pump,Muchinga,False,0,Chinsali,2014,5GXJF3GC+6GX
13.0,377.0,236079.63402805667,3359.182851434699,93523.47628618596,48938.030146652025,743.6492077432188,-10.520081666666666,32.060655,Borehole/Tubewell,Hand Pump - India Mark,Well,Hand Pump,Muchinga,False,0,Chinsali,2014,5GXJF3H6+X76
2.0,297.0,235669.0238127856,4532.192861016585,92803.24176480075,49968.9695484567,609.2061608960137,-10.510438333333331,32.05520166666667,Borehole/Tubewell,Hand Pump - India Mark,Well,Hand Pump,Muchinga,False,0,Chinsali,2014,5GXJF3Q4+R3G
,132.0,231322.80924542408,5712.983447104872,100200.26596329012,46633.56690031612,21.592616458561142,-10.548701666666666,32.118264999999994,Borehole/Tubewell,Hand Pump - India Mark,Well,Hand Pump,Muchinga,False,0,Chinsali,2012,5GXJF429+G86
10.0,350.0,230083.77531119747,7235.170570055666,106660.2778753695,47224.56242869159,46.54143073116735,-10.546261666666664,32.132081666666664,Borehole/Tubewell,Hand Pump - India Mark,Well,Hand Pump,Muchinga,False,0,Chinsali,2014,5GXJF43J+FRW
2.0,520.0,229794.56893181428,7662.386252934997,106961.21687143498,47505.81845986063,88.36453717149709,-10.544553333333331,32.13587666666667,Borehole/Tubewell,Hand Pump - India Mark,Well,Hand Pump,Muchinga,False,0,Chinsali,2014,5GXJF44P+59C
2.0,127.0,233980.64702818307,4316.126738741211,97970.59964041048,48263.95794337091,1882.8944260957,-10.530503333333336,32.100258333333336,Borehole/Tubewell,Hand Pump - India Mark,Well,Hand Pump,Muchinga,False,0,Chinsali,2014,5GXJF492+Q4R
13.0,361.0,230396.4626438972,8334.174268772935,105231.19287774252,50816.74429231264,2630.233336976218,-10.513026666666669,32.132443333333335,Borehole/Tubewell,Hand Pump - India Mark,Well,Hand Pump,Muchinga,False,0,Chinsali,2014,5GXJF4PJ+QXP
2.0,377.0,230122.34653899845,8434.21688191904,104846.82296333478,51284.52660243219,3064.8452520992214,-10.508305,32.13061666666667,Borehole/Tubewell,Hand Pump - India Mark,Well,Hand Pump,Muchinga,False,0,Chinsali,2014,5GXJF4RJ+M6H
39.0,239.0,228787.2899980924,10116.390516465615,106454.5902743994,51248.16413937594,1651.0790506329065,-10.506301666666666,32.14729,Protected Spring,Hand Pump - Tara,Spring,Hand Pump,Muchinga,False,0,Chinsali,2014,5GXJF4VW+FWF
2.0,127.0,229008.8082052148,10368.523325182554,107945.45309915722,50619.237019084976,32.51769653720828,-10.520690000000002,32.15607166666667,Borehole/Tubewell,Hand Pump - India Mark,Well,Hand Pump,Muchinga,False,0,Chinsali,2014,5GXJF5H4+PCG
4.0,276.0,205745.87828551672,36845.415431187066,129145.02678103594,41385.474494302405,23187.2623288465,-10.51647,32.400998333333334,Borehole/Tubewell,Hand Pump - India Mark,Well,Hand Pump,Muchinga,False,0,Chinsali,2014,5GXJFCM2+C99
3.0,356.0,233474.0664398778,8573.149862914506,91362.97269687492,51146.66173134543,119.67697295870384,-10.475216666666665,32.0454,Borehole/Tubewell,Hand Pump - India Mark,Well,Hand Pump,Muchinga,False,0,Chinsali,2014,5GXJG2FW+W56
3.0,366.0,233415.81070610532,8848.73013894974,91171.08354771096,50871.290609433214,16.18587458405079,-10.473071666666666,32.043805,Borehole/Tubewell,Hand Pump - India Mark,Well,Hand Pump,Muchinga,False,0,Chinsali,2014,5GXJG2GV+QGF
0.0,127.0,222682.1707373218,16026.414534316968,125399.06668509162,45572.75290143654,1072.8519377769917,-10.46569,32.18517166666666,Borehole/Tubewell,Hand Pump - India Mark,Well,Hand Pump,Muchinga,False,0,Chinsali,2014,5GXJG5MP+P3F
10.0,79.0,229697.16567990035,12185.771054153662,92492.70265659632,47690.51224434647,14.007445833007928,-10.440118333333333,32.057685,Borehole/Tubewell,Hand Pump - India Mark,Well,Hand Pump,Muchinga,False,0,Chinsali,2014,5GXJH355+X33
2.0,164.0,226779.1503576508,14424.73830699154,94305.55501361216,45181.43282843925,351.3063060773582,-10.419846666666668,32.074778333333335,Borehole/Tubewell,Hand Pump - India Mark,Well,Hand Pump,Muchinga,False,0,Chinsali,2014,5GXJH3JF+3W6
3.0,154.0,226601.27612888496,14742.09534135378,94209.2644292745,44873.96768673513,92.28986803673897,-10.416921666666669,32.07396333333334,Protected Well,Rope and Bucket,Well,Rope and Bucket,Muchinga,False,0,Chinsali,2014,5GXJH3MF+6HP
2.0,42.0,219581.5611428716,18869.503235405908,128261.18589691917,42364.5756097777,30.99153199359952,-10.439088333333332,32.19707666666667,Protected Spring,Hand Pump - India Mark,Spring,Hand Pump,Muchinga,False,0,Chinsali,2014,5GXJH56W+9R8
1.0,100.0,216020.42082153587,22307.862825801792,109398.54983091462,38819.0872862378,17.828222009476253,-10.410818333333337,32.21358,Borehole/Tubewell,Hand Pump - India Mark,Well,Hand Pump,Muchinga,False,0,Chinsali,2014,5GXJH6Q7+MCG
2.0,79.0,215522.327455224,22791.429275985887,109481.10786316876,38316.5492892166,98.69790046494111,-10.40679,32.215795,Borehole/Tubewell,Hand Pump - India Mark,Well,Hand Pump,Muchinga,False,0,Chinsali,2014,5GXJH6V8+78M
1.0,260.0,204982.29891106475,39544.476999229046,123357.98730447298,32600.247760831026,16064.981650988988,-10.430961666666668,32.406711666666666,Borehole/Tubewell,Hand Pump - India Mark,Well,Hand Pump,Muchinga,False,0,Chinsali,2014,5GXJHC94+JM8
2.0,457.0,224163.11744709863,17485.748960184337,94814.41474362167,42104.82144319818,51.65695826559441,-10.392496666666666,32.08007833333333,Borehole/Tubewell,Hand Pump - India Mark,Well,Hand Pump,Muchinga,False,0,Chinsali,2014,5GXJJ35J+224
9.0,393.0,222252.01119657137,19426.71422817564,95071.72755919816,40148.1451954576,21.850465176979515,-10.37561,32.087376666666664,Borehole/Tubewell,Hand Pump - India Mark,Well,Hand Pump,Muchinga,False,0,Chinsali,2014,5GXJJ3FP+QX2
2.0,425.0,221942.89881500104,19706.23839174933,95147.91174778594,39868.70288256116,21.00867524111786,-10.373259999999998,32.088971666666666,Borehole/Tubewell,Hand Pump - India Mark,Well,Hand Pump,Muchinga,False,0,Chinsali,2014,5GXJJ3GQ+MHX
2.0,249.0,220350.1244408913,21336.81182816299,95272.58539792772,38249.15120201461,0.5402315090595955,-10.359225,32.09511833333333,Borehole/Tubewell,Hand Pump - India Mark,Well,Hand Pump,Muchinga,False,0,Chinsali,2014,5GXJJ3RW+829
2.0,154.0,219226.1728776272,22304.65077451873,95687.83987292506,37318.61200628936,44.335985939224834,-10.351433333333334,32.101731666666666,Borehole/Tubewell,Hand Pump - India Mark,Well,Hand Pump,Muchinga,False,0,Chinsali,2014,5GXJJ4X2+CMH
1.0,127.0,210121.96682165985,28159.97953125488,111448.93588101474,33237.691121057105,37.57544411221257,-10.368926666666663,32.24691666666667,Borehole/Tubewell,Hand Pump - India Mark,Well,Hand Pump,Muchinga,False,0,Chinsali,2014,5GXJJ6JW+CQF
2.0,207.0,200774.8695625665,36209.21276794296,121438.47422809336,27471.918944967656,9976.560458011209,-10.374925,32.39341666666667,Borehole/Tubewell,Hand Pump - India Mark,Well,Hand Pump,Muchinga,False,0,Chinsali,2014,5GXJJ9GV+29M
7.0,90.0,200499.02676808217,36292.950756209946,121689.1869585426,26841.089116140756,8350.365542679587,-10.364135,32.38285166666667,Borehole/Tubewell,Hand Pump - India Mark,Well,Hand Pump,Muchinga,False,0,Chinsali,2014,5GXJJ9PM+84X
1.0,499.0,198913.0923611797,34490.72361544459,119838.8282657082,25546.58013866243,8679.496376363795,-10.358711666666666,32.399816666666666,Borehole/Tubewell,Hand Pump - India Mark,Well,Hand Pump,Muchinga,False,0,Chinsali,2014,5GXJJ9RX+GW8
7.0,489.0,198784.8123658473,34256.2770193288,119566.16682264738,25552.56474690246,9101.94714187332,-10.360503333333332,32.40427833333333,Borehole/Tubewell,Hand Pump - India Mark,Well,Hand Pump,Muchinga,False,0,Chinsali,2014,5GXJJCQ3+QPR
2.0,196.0,217248.740781505,24471.85580342492,95714.37468325577,35189.27948059662,84.58213043982012,-10.332643333333332,32.10794166666667,Borehole/Tubewell,Hand Pump - India Mark,Well,Hand Pump,Muchinga,False,0,Chinsali,2014,5GXJM485+W5W
2.0,217.0,216645.5126737228,25260.917495534748,95525.86902609211,34393.18354514765,38.520991182697045,-10.325451666666668,32.10830333333333,Borehole/Tubewell,Hand Pump - India Mark,Well,Hand Pump,Muchinga,False,0,Chinsali,2014,5GXJM4F5+R87
2.0,340.0,214486.15581311684,27984.58363267815,95081.11041131771,31663.42454229331,19.49782676755554,-10.300905,32.110978333333335,Borehole/Tubewell,Hand Pump - India Mark,Well,Hand Pump,Muchinga,False,0,Chinsali,2014,5GXJM4X6+J9Q
2.0,47.0,209977.2763824883,29056.878924676064,136514.1415974651,30369.94083590555,22.877478132968378,-10.316756666666668,32.18823,Borehole/Tubewell,Hand Pump - India Mark,Well,Hand Pump,Muchinga,False,0,Chinsali,2014,5GXJM5MQ+77X
8.0,627.0,206868.8339711436,31329.888580891507,110314.40264742148,29213.997531544028,438.3443850783336,-10.330445,32.246901666666666,Borehole/Tubewell,Hand Pump - India Mark,Well,Hand Pump,Muchinga,False,0,Chinsali,2014,5GXJM69W+RQC
10.0,637.0,206415.55616802865,31782.59826354634,110532.4183402102,28796.22348122816,120.47780066329994,-10.327445,32.24972666666667,Borehole/Tubewell,Hand Pump - India Mark,Well,Hand Pump,Muchinga,False,0,Chinsali,2014,5GXJM6FX+2VH
4.0,191.0,203079.69526778563,35611.38707666282,117525.31043753064,27898.64013392641,2338.930872645388,-10.339746666666668,32.31242666666667,Borehole/Tubewell,Hand Pump - India Mark,Well,Hand Pump,Muchinga,False,0,Chinsali,2014,5GXJM866+4X3
2.0,361.0,213833.93072259464,28769.18974756437,95025.32265559403,30883.15410208585,19.77337696559104,-10.293928333333334,32.11227333333333,Borehole/Tubewell,Hand Pump - India Mark,Well,Hand Pump,Muchinga,False,0,Chinsali,2014,5GXJP446+CWC
2.0,616.0,212094.1250070261,30162.49340667344,96006.62517592162,29649.241292427065,12.970374952855115,-10.283401666666666,32.12411833333333,Borehole/Tubewell,Hand Pump - India Mark,Well,Hand Pump,Muchinga,False,0,Chinsali,2014,5GXJP48F+JJQ
2.0,499.0,188386.94903601188,26264.803989537337,111467.1306277284,14224.973540573106,2228.739969117381,-10.25463,32.419988333333336,Borehole/Tubewell,Hand Pump - India Mark,Well,Hand Pump,Muchinga,False,0,Chinsali,2014,5GXJPCW9+4XX
0.0,364.0,173927.71887905218,15704.217751828031,98338.21202908109,75.89976863125976,13135.790742350511,-10.145893333333332,32.49378166666667,Borehole/Tubewell,Hand Pump - India Mark,Well,Hand Pump,Muchinga,False,0,Chinsali,2014,5GXJVF3V+JGV
2.0,265.0,189315.0120946431,53628.08945760545,97990.188652058,1006.0383327634256,8541.078563023115,-10.026088333333332,32.164815,Borehole/Tubewell,Hand Pump - India Mark,Well,Hand Pump,Muchinga,False,0,Chinsali,2014,5GXJX5F7+HW8
1.0,0.0,117139.8723180528,19479.043849454167,66708.9361150529,17035.8641657153,2377.1489117202964,-9.5332,28.89176,Protected Well,Hand Pump,Well,Hand Pump,Luapula,False,0,Nchelenge,2019,6G2CFV8R+PPC
1.0,279.0,116510.04273663476,20089.316113740173,66738.53123224388,17362.84046829126,1719.0767984123993,-9.52752,28.89455,Protected Well,Hand Pump,Well,Hand Pump,Luapula,False,0,Nchelenge,2019,6G2CFVCV+XRV
1.0,152.0,116082.75985649192,19405.670539680574,65479.17250653832,16126.530558986107,2212.804992110871,-9.52356,28.88378,Protected Well,Hand Pump,Well,Hand Pump,Luapula,False,0,Nchelenge,2019,6G2CFVGM+HGC
1.0,1665.0,115836.68361355364,20899.78367973647,66951.05518305131,17776.973736648655,881.3363702217661,-9.52144,28.89924,Protected Well,Hand Pump,Well,Hand Pump,Luapula,False,0,Nchelenge,2019,6G2CFVHX+CMH
1.0,1792.0,115585.61219960552,21050.143468152568,66857.15098208548,17750.347904623803,704.2879367317646,-9.51917,28.89926,Protected Well,Hand Pump,Well,Hand Pump,Luapula,False,0,Nchelenge,2019,6G2CFVJX+8PJ
1.0,381.0,115426.35804546144,18984.631207237027,64177.4704940524,14921.440088962006,2443.187355791866,-9.51743,28.87353,Protected Well,Hand Pump,Well,Hand Pump,Luapula,False,0,Nchelenge,2019,6G2CFVMF+2CC
1.0,1716.0,115179.79378116224,20551.359908845592,65824.09012812476,16765.629576549076,1045.122463105517,-9.51547,28.89062,Protected Well,Hand Pump,Well,Hand Pump,Luapula,False,0,Nchelenge,2019,6G2CFVMR+R69
1.0,1894.0,115397.57730024046,21150.40570811864,66771.60509559102,17715.626573422476,583.9246075804131,-9.51747,28.89912,Protected Well,Hand Pump,Well,Hand Pump,Luapula,False,0,Nchelenge,2019,6G2CFVMX+2J9
1.0,889.0,115124.54766598334,19186.801280920397,64057.24951206836,14887.22961735712,2216.4749646947635,-9.5147,28.87351,Protected Well,Hand Pump,Well,Hand Pump,Luapula,False,0,Nchelenge,2019,6G2CFVPF+4CC
1.0,826.0,115061.96413626058,19316.856645254804,64146.3228796198,15002.957316406042,2091.5844787259985,-9.51416,28.87462,Protected Well,Hand Pump,Well,Hand Pump,Luapula,False,0,Nchelenge,2019,6G2CFVPF+8RQ
1.0,1627.0,115018.68232792664,20617.86356026568,65720.16547145727,16705.818322103845,955.2164199738384,-9.51401,28.8902,Protected Well,Hand Pump,Well,Hand Pump,Luapula,False,0,Nchelenge,2019,6G2CFVPR+93W
1.0,1728.0,114977.91177290231,21069.65667359597,66216.64162521815,17252.33403206225,560.5126457407063,-9.51367,28.89522,Protected Well,Hand Pump,Well,Hand Pump,Luapula,False,0,Nchelenge,2019,6G2CFVPW+G3Q
1.0,1627.0,114928.81977040012,21226.243106519803,66348.10273352172,17409.652872900784,416.8161576655156,-9.51323,28.89669,Protected Well,Hand Pump,Well,Hand Pump,Luapula,False,0,Nchelenge,2019,6G2CFVPW+PM4
,648.0,114814.02959633627,18631.356806466,62900.34568247943,13750.205155122176,2677.088855873795,-9.5116,28.86339,Protected Well,Hand Pump,Well,Hand Pump,Luapula,False,0,Nchelenge,2021,6G2CFVQ7+996
,927.0,114813.78520402446,18917.93628115978,63293.8000466516,14171.574891019627,2418.108025885283,-9.51172,28.86723,Protected Well,Hand Pump,Well,Hand Pump,Luapula,False,0,Nchelenge,2021,6G2CFVQ8+8V9
,1550.0,114679.83899665825,19898.90119586941,64416.72289818168,15420.441720533296,1516.5142041803197,-9.51079,28.8787,Protected Well,Hand Pump,Well,Hand Pump,Luapula,False,0,Nchelenge,2021,6G2CFVQH+MFP
1.0,1525.0,114642.0523420558,20812.830989209186,65521.33949556323,16618.050702739543,712.3900483756134,-9.5106,28.88964,Protected Well,Hand Pump,Well,Hand Pump,Luapula,False,0,Nchelenge,2019,6G2CFVQQ+QV6
1.0,1550.0,114614.87396224422,21143.66462267817,65894.3810579017,17027.71881497716,422.44190291294206,-9.51038,28.89339,Protected Well,Hand Pump,Well,Hand Pump,Luapula,False,0,Nchelenge,2019,6G2CFVQV+R9R
1.0,610.0,114422.15120122576,18861.93571450433,62672.988544908105,13644.46995882754,2309.3254981361097,-9.50803,28.86266,Protected Well,Hand Pump,Well,Hand Pump,Luapula,False,0,Nchelenge,2019,6G2CFVR7+Q3M
1.0,1792.0,114360.64004783596,19391.208357839765,63326.278205626506,14365.283186091285,1933.313824345192,-9.50768,28.86925,Protected Well,Hand Pump,Well,Hand Pump,Luapula,False,0,Nchelenge,2019,6G2CFVR9+WPC
1.0,1944.0,114417.61988298284,19473.50617579522,63515.34464400398,14547.058388320527,1864.8260207264564,-9.50824,28.87088,Protected Well,Hand Pump,Well,Hand Pump,Luapula,False,0,Nchelenge,2019,6G2CFVRC+P92
1.0,1995.0,114391.67654013148,19923.777402602165,64083.061354237616,15163.96415236538,1452.1648692898134,-9.50814,28.87651,Protected Well,Hand Pump,Well,Hand Pump,Luapula,False,0,Nchelenge,2019,6G2CFVRG+PJR
1.0,1283.0,114347.82680058124,20763.5024429534,65109.87832649119,16279.36250147318,700.4424582481785,-9.50791,28.88669,Protected Well,Hand Pump,Well,Hand Pump,Luapula,False,0,Nchelenge,2019,6G2CFVRP+RMP
1.0,1360.0,114396.11046050598,20915.464258411692,65358.15985084316,16528.453595855626,576.7134346732405,-9.50837,28.88894,Protected Well,Hand Pump,Well,Hand Pump,Luapula,False,0,Nchelenge,2019,6G2CFVRQ+MH4
1.0,1449.0,114393.45245490434,21169.194431989417,65669.27324100707,16862.99311863811,356.9528390049344,-9.50837,28.89199,Protected Well,Hand Pump,Well,Hand Pump,Luapula,False,0,Nchelenge,2019,6G2CFVRR+MQ5
1.0,2008.0,114129.7078928574,19997.32965041567,63839.66704688143,14998.599226203653,1352.6070971471124,-9.50574,28.8751,Protected Well,Hand Pump,Well,Hand Pump,Luapula,False,0,Nchelenge,2019,6G2CFVVG+P25
1.0,1067.0,114177.4885097575,21344.629385053264,65632.86383921537,16900.690184152496,163.9446516647603,-9.50642,28.89241,Protected Well,Hand Pump,Well,Hand Pump,Luapula,False,0,Nchelenge,2019,6G2CFVVR+CXM
1.0,724.0,114143.32406645927,21853.68109020301,66217.39969196216,17539.535547717238,282.7758879929574,-9.50613,28.89824,Protected Well,Hand Pump,Well,Hand Pump,Luapula,False,0,Nchelenge,2019,6G2CFVVX+G7X
1.0,1728.0,113817.664708101,20292.51447716927,63825.05135388896,15100.706855552198,1047.2354453375592,-9.50294,28.87609,Protected Well,Hand Pump,Well,Hand Pump,Luapula,False,0,Nchelenge,2019,6G2CFVWG+RCG
1.0,1855.0,114009.99861481038,20269.284677851847,64046.60205795965,15264.36893714188,1090.4897013851769,-9.50471,28.87755,Protected Well,Hand Pump,Well,Hand Pump,Luapula,False,0,Nchelenge,2019,6G2CFVWH+427
,966.0,113547.3425381782,20998.833782115023,64417.37768663862,15837.957483011289,370.5494847133098,-9.50062,28.88281,Protected Well,Hand Pump,Well,Hand Pump,Luapula,False,0,Nchelenge,2021,6G2CFVXM+Q43
1.0,190.0,113682.54819746022,21947.485812928044,65799.34528463124,17261.91792920639,451.1042037748286,-9.50196,28.89578,Protected Well,Hand Pump,Well,Hand Pump,Luapula,False,0,Nchelenge,2019,6G2CFVXW+686
1.0,470.0,116658.8568534228,21534.65019620717,68480.5942229043,19194.533737910697,692.8725247214007,-9.5288,28.91124,Protected Well,Hand Pump,Well,Hand Pump,Luapula,False,0,Nchelenge,2019,6G2CFWC6+FFQ
1.0,572.0,116516.81882879784,21576.172902435494,68388.44458321352,19132.94802174584,611.3936446110919,-9.52752,28.91087,Protected Well,Hand Pump,Well,Hand Pump,Luapula,False,0,Nchelenge,2019,6G2CFWC6+X8X
1.0,1322.0,116419.18345259788,20855.65480996708,67502.96898320834,18207.46233867806,1082.968740971981,-9.5267,28.90247,Protected Well,Hand Pump,Well,Hand Pump,Luapula,False,0,Nchelenge,2019,6G2CFWF2+8XH
1.0,1550.0,116211.75127205944,21074.39320031725,67535.74543857576,18299.114380680458,841.5128845141603,-9.52482,28.90359,Protected Well,Hand Pump,Well,Hand Pump,Luapula,False,0,Nchelenge,2019,6G2CFWG3+3CG
1.0,1449.0,116131.97989401723,21267.694317490383,67669.90102995478,18465.489844146792,678.8138447593508,-9.52409,28.90522,Protected Well,Hand Pump,Well,Hand Pump,Luapula,False,0,Nchelenge,2019,6G2CFWG4+939
1.0,1576.0,115877.16252495463,21150.28676509017,67277.6702811653,18116.388045196694,665.5879553376603,-9.5218,28.90231,Protected Well,Hand Pump,Well,Hand Pump,Luapula,False,0,Nchelenge,2019,6G2CFWH2+7WM
1.0,889.0,115442.3223464246,22044.537582220688,67837.42742650458,18848.301752527168,154.94111898435506,-9.51782,28.90945,Protected Well,Hand Pump,Well,Hand Pump,Luapula,False,0,Nchelenge,2019,6G2CFWJ5+VQG
,1309.0,114939.08097206715,21667.687939851094,66878.70499555297,17976.553475908644,47.730757087250375,-9.51332,28.90186,Protected Well,Hand Pump,Well,Hand Pump,Luapula,False,0,Nchelenge,2021,6G2CFWP2+MPH
1.0,76.0,114761.32091394028,22376.872890281986,67510.12595151365,18714.171994134267,616.8293872264576,-9.51167,28.9087,Protected Well,Hand Pump,Well,Hand Pump,Luapula,False,0,Nchelenge,2019,6G2CFWQ5+8FP
1.0,0.0,114587.8891929666,22739.75875340569,67744.76708300537,19024.86950793982,969.7157551505368,-9.51007,28.91162,Protected Well,Hand Pump,Well,Hand Pump,Luapula,False,0,Nchelenge,2019,6G2CFWQ6+XJH
1.0,1055.0,113485.48226114736,20286.50311896033,63367.590330443,14744.007813767264,1015.1234793549712,-9.49986,28.87284,Protected Well,Hand Pump,Well,Hand Pump,Luapula,False,0,Nchelenge,2019,6G2CGV2F+344
2.0,889.0,242482.49732462168,49218.67256684844,27303.277922633573,213.8863673496582,23213.452203726287,-9.98604,30.79955,Borehole/Tubewell,Hand Pump - India Mark,Well,Hand Pump,Northern,False,0,Kasama,2014,6G2G2Q7X+HRM
2.0,661.0,236867.4609410832,57024.19697574855,36166.82789690376,193.2870449244984,15328.221679253604,-9.914836666666668,30.76093166666667,Borehole/Tubewell,Hand Pump - Afridev,Well,Hand Pump,Northern,False,0,Kasama,2014,6G2G3QP6+397
2.0,279.0,230064.7599817906,36644.67129902385,24532.88368206217,18819.403233833607,17612.72827259801,-9.93711,30.997,Borehole/Tubewell,Motorized Pump,Well,Motorized Pump,Northern,False,0,Kasama,2013,6G2G3X7W+5R2
1.0,31.0,228961.3204326603,40449.57340642155,26139.00746489196,17926.59509504559,20164.50716213108,-9.916735,30.96623833333333,Borehole/Tubewell,Hand Pump - India Mark,Well,Hand Pump,Northern,False,0,Kasama,2014,6G2G3XM8+8F5
1.0,113.0,225526.70311711665,44100.85621508091,24854.467407378565,20249.02971704546,17754.899677814934,-9.881416666666668,30.95869,Borehole/Tubewell,Hand Pump - India Mark,Well,Hand Pump,Northern,False,0,Kasama,2014,6G2G4X95+9CF
1.0,124.0,225507.71909347747,44181.88955208131,24901.537654162454,20238.080987421014,17672.0566059257,-9.881,30.958,Borehole/Tubewell,Motorized Pump,Well,Motorized Pump,Northern,False,0,Kasama,2014,6G2G4X95+J62
3.0,103.0,221378.01838879896,45367.43855647346,20732.58415138327,24747.71804837073,17509.560344495574,-9.851,30.986,Borehole/Tubewell,Motorized Pump,Well,Motorized Pump,Northern,False,0,Kasama,2013,6G2G4XXP+JC2
1.0,103.0,221315.48716784024,45395.90706834973,20677.8318899676,24812.74273668949,17506.65748286095,-9.850516666666666,30.98634,Borehole/Tubewell,Hand Pump - India Mark,Well,Hand Pump,Northern,False,0,Kasama,2014,6G2G4XXP+QGW
1.0,144.0,233128.0816300224,30442.89115360797,19811.651272908628,17277.160165920686,13612.93426179142,-9.978,31.037,Borehole/Tubewell,Motorized Pump,Well,Motorized Pump,Northern,False,0,Kasama,2014,6G2H22CP+RR2
3.0,144.0,233137.00337152265,30380.52946934556,19785.93487006592,17289.348180731864,13601.206112798453,-9.978265,31.03763333333333,Borehole/Tubewell,Hand Pump - India Mark,Well,Hand Pump,Northern,False,0,Kasama,2014,6G2H22CQ+M3R
2.0,93.0,234054.6813728969,32814.51451435342,20144.152981782998,15623.583455299851,13268.593575539173,-9.97646,31.00214,Borehole/Tubewell,Motorized Pump,Well,Motorized Pump,Northern,False,0,Kasama,2013,6G2H22F2+CV6
1.0,144.0,232999.52872872056,30380.550588788417,19893.30238780061,17455.178789663034,13735.0248925989,-9.977371666666668,31.039035,Borehole/Tubewell,Hand Pump - India Mark,Well,Hand Pump,Northern,False,0,Kasama,2014,6G2H22FQ+3J3
4.0,155.0,232957.44510838867,30410.197972787224,19934.90080590602,17494.84708823011,13777.155708851838,-9.977,31.039120000000004,Borehole/Tubewell,Hand Pump - India Mark,Well,Hand Pump,Northern,False,0,Kasama,2014,6G2H22FQ+6J5
0.0,82.0,234583.6002906952,27552.536140697237,17940.413571340265,16766.33368796479,11389.165631591097,-9.997,31.056,Borehole/Tubewell,Motorized Pump,Well,Motorized Pump,Northern,False,0,Kasama,2013,6G2H2334+6C2
1.0,144.0,231294.89397049544,28407.307441889658,17906.702639522868,20665.54538439236,13940.103206761298,-9.973718333333332,31.08397166666667,Borehole/Tubewell,Hand Pump - India Mark,Well,Hand Pump,Northern,False,0,Kasama,2014,6G2H23GM+GH9
1.0,155.0,231212.4701282004,28128.26647915819,17343.713628947993,20963.609991519308,13925.346933896351,-9.97429,31.08908166666667,Borehole/Tubewell,Hand Pump - India Mark,Well,Hand Pump,Northern,False,0,Kasama,2014,6G2H23GQ+7JP
1.0,134.0,231182.89511408485,28160.04197155065,17351.187698225945,20984.98443754536,13956.642771976814,-9.974,31.08903,Borehole/Tubewell,Motorized Pump,Well,Motorized Pump,Northern,False,0,Kasama,2014,6G2H23GQ+CJ2
1.0,134.0,230995.61748284995,28521.63310091633,17655.695244361843,21016.857176416284,14198.32879353838,-9.971556666666666,31.086388333333336,Borehole/Tubewell,Hand Pump - India Mark,Well,Hand Pump,Northern,False,0,Kasama,2014,6G2H23HP+9HC
1.0,248.0,230565.96100582115,26048.28528457952,12377.792834807626,23983.043060349537,13755.945074422823,-9.979523333333333,31.134145,Borehole/Tubewell,Hand Pump - India Mark,Well,Hand Pump,Northern,False,0,Kasama,2014,6G2H24CM+5MR
1.0,103.0,230424.20898392337,26670.757087587157,13400.95128059256,23505.34778785236,14553.813793901483,-9.976,31.125,Borehole/Tubewell,Motorized Pump,Well,Motorized Pump,Northern,False,0,Kasama,2014,6G2H24FG+J22
7.0,196.0,230038.0384806247,26621.37200331259,12505.409634331556,24289.202776779985,13640.5252759814,-9.974405,31.133271666666666,Borehole/Tubewell,Hand Pump - India Mark,Well,Hand Pump,Northern,False,0,Kasama,2014,6G2H24GM+68J
1.0,41.0,229499.62224722444,32185.579778128664,20633.46727709881,21066.85839385236,16651.839107128108,-9.949186666666666,31.055705,Borehole/Tubewell,Hand Pump - India Mark,Well,Hand Pump,Northern,False,0,Kasama,2014,6G2H3324+87G
1.0,41.0,229491.159664042,32170.66663249467,20607.819328510323,21083.796836675472,16648.65959147713,-9.94919,31.056,Borehole/Tubewell,Motorized Pump,Well,Motorized Pump,Northern,False,0,Kasama,2014,6G2H3324+8CC
1.0,103.0,227970.34993272572,33553.943850803145,19625.71083569044,22449.05876681916,18205.293208762327,-9.93503,31.056475,Borehole/Tubewell,Hand Pump - India Mark,Well,Hand Pump,Northern,False,0,Kasama,2014,6G2H3374+XHQ
1.0,103.0,227951.38520017485,33532.20711694157,19577.69786296636,22481.05557497816,18204.250826555068,-9.935,31.057,Borehole/Tubewell,Motorized Pump,Well,Motorized Pump,Northern,False,0,Kasama,2014,6G2H3384+2R2
1.0,103.0,227758.25326372517,33988.114332894904,19706.683753606198,22555.54661672361,18551.281149065315,-9.932153333333334,31.053370000000005,Borehole/Tubewell,Hand Pump - India Mark,Well,Hand Pump,Northern,False,0,Kasama,2014,6G2H3393+48Q
1.0,103.0,227753.14833087305,34021.04265106983,19728.92415133825,22550.513675591457,18571.969414180287,-9.932,31.053,Borehole/Tubewell,Motorized Pump,Well,Motorized Pump,Northern,False,0,Kasama,2014,6G2H3393+662
1.0,10.0,223304.14627000727,42158.46831878254,20242.90432058493,24045.919484270355,20614.248110406817,-9.874848333333334,31.00295833333333,Borehole/Tubewell,Hand Pump - India Mark,Well,Hand Pump,Northern,False,0,Kasama,2014,6G2H42G3+358
4.0,155.0,221004.239834892,42719.94255788622,17509.644260665355,26794.07408160953,21319.60717848431,-9.859233333333332,31.022626666666664,Borehole/Tubewell,Hand Pump - India Mark,Well,Hand Pump,Northern,False,0,Kasama,2014,6G2H42RF+832
1.0,227.0,220650.74280383185,43702.08362632656,17999.002129491033,26628.00276860792,20204.003567367537,-9.853291666666667,31.014388333333333,Borehole/Tubewell,Hand Pump - India Mark,Well,Hand Pump,Northern,False,0,Kasama,2014,6G2H42W7+MQJ
1.0,175.0,220632.9755271883,43749.6922780737,18022.69215373046,26621.75090015492,20150.728429698265,-9.853,31.014,Borehole/Tubewell,Motorized Pump,Well,Motorized Pump,Northern,False,0,Kasama,2014,6G2H42W7+RJ2
1.0,175.0,220435.1133906629,43853.7733268575,17844.197851743458,26824.45738119422,20155.834197350425,-9.851455,31.015045,Borehole/Tubewell,Hand Pump - India Mark,Well,Hand Pump,Northern,False,0,Kasama,2014,6G2H42X8+C27
1.0,82.0,219099.5988353146,37276.58948362602,8070.875867447239,33280.70224786836,12399.008729730693,-9.874865,31.142668333333337,Borehole/Tubewell,Hand Pump - India Mark,Well,Hand Pump,Northern,False,0,Kasama,2014,6G2H44GV+333
8.0,235.0,212038.10157552455,42851.39576161456,4.302609165989983,41393.05316054301,11028.396441093157,-9.821466666666668,31.194285,Borehole/Tubewell,Hand Pump - India Mark,Well,Hand Pump,Northern,False,0,Kasama,2014,6G2H55HV+CP7
1.0,295.0,167315.35107877094,64714.26858046258,157.03319584169154,45324.83603642882,5062.233889250667,-9.41364,31.22973,Borehole/Tubewell,Motorized Pump,Well,Motorized Pump,Northern,False,0,Senga Hill,2013,6G2HH6PH+GVX
1.0,147.0,164622.27037495343,62049.21322137226,4716.682722143545,45308.20876095702,23.12863512659103,-9.37722,31.19059,Borehole/Tubewell,Motorized Pump,Well,Motorized Pump,Northern,False,0,Senga Hill,2013,6G2HJ5FR+468
2.0,391.0,162444.88801657836,59888.31633904569,5094.960053842361,43551.27436436567,2165.2423583797995,-9.35722,31.1925,Borehole/Tubewell,Motorized Pump,Well,Motorized Pump,Northern,False,0,Senga Hill,2013,6G2HJ5VV+426
2.0,2213.0,161790.02383874476,59169.04460108979,1427.4338351376723,41108.6497757727,31.74697332194179,-9.36158,31.22875,Borehole/Tubewell,Motorized Pump,Well,Motorized Pump,Northern,False,0,Senga Hill,2014,6G2HJ6QH+9G6
1.0,177.0,160850.3995077403,58238.20306645474,3427.1299106456395,41166.79405201028,1263.1766122093877,-9.349,31.21552,Borehole/Tubewell,Motorized Pump,Well,Motorized Pump,Northern,False,0,Senga Hill,2013,6G2HM628+C63
1.0,163.0,157140.30987731184,54519.32765370335,3080.620589781591,37088.40270400037,4612.382409935128,-9.32102,31.23988,Borehole/Tubewell,Motorized Pump,Well,Motorized Pump,Northern,False,0,Mpulungu,2013,6G2HM6HQ+HXR
1.0,213.0,159477.1273159078,56887.23611144105,482.7145696117951,38136.37934364298,2436.653543740485,-9.34607,31.25152,Borehole/Tubewell,Motorized Pump,Well,Motorized Pump,Northern,False,0,Senga Hill,2013,6G2HM732+HJC
1.0,258.0,159168.9800853793,56600.81333601499,40.077700783650215,37533.55692899428,2942.102705982815,-9.34498,31.25836,Borehole/Tubewell,Motorized Pump,Well,Motorized Pump,Northern,False,0,Senga Hill,2013,6G2HM745+285
1.0,308.0,153592.34589918578,51895.61005914905,7644.574682354569,28589.253721451947,13257.128021899794,-9.31439,31.35077,Borehole/Tubewell,Motorized Pump,Well,Motorized Pump,Northern,False,0,Mbala,2013,6G2HM9P2+68R
1.0,625.0,152689.93394745592,50179.523090914976,172.13119413994693,31352.792781837663,9465.202229371658,-9.29085,31.28323,Borehole/Tubewell,Motorized Pump,Well,Motorized Pump,Northern,False,0,Mbala,2013,6G2HP75M+M79
1.0,273.0,150418.07648145867,47888.22322603015,1038.2299505229428,29613.906516953182,11596.548487608306,-9.26999,31.28456,Borehole/Tubewell,Motorized Pump,Well,Motorized Pump,Northern,False,0,Mbala,2013,6G2HP7JM+2R3
1.0,273.0,149393.14190366174,46944.92663665752,36.33406407786873,28077.609446555227,12878.993431757832,-9.26388,31.29834,Borehole/Tubewell,Motorized Pump,Well,Motorized Pump,Northern,False,0,Mbala,2013,6G2HP7PX+C8W
1.0,625.0,147434.03821104404,45037.812286191525,44.29597792190828,26097.083231367917,14926.12796065805,-9.24796,31.30786,Borehole/Tubewell,Motorized Pump,Well,Motorized Pump,Northern,False,0,Mbala,2013,6G2HQ825+R49
2.0,177.0,141200.91058633267,47086.11639364582,52812.61764267958,15518.312193637888,4863.751548535935,-9.20646,31.86355,Borehole/Tubewell,Motorized Pump,Well,Motorized Pump,Northern,False,0,Senga Hill,2013,6G2HQVV7+CC7
1.0,221.0,135495.30387530927,34276.36525327826,2242.3595479915566,12522.24950231815,19485.242706713638,-9.15502,31.38855,Borehole/Tubewell,Motorized Pump,Well,Motorized Pump,Northern,False,0,Mbala,2013,6G2HR9VQ+XCV
1.0,693.0,135866.20167697096,34134.93297010175,186.39599461030184,14041.791040529368,21728.61146465045,-9.15422,31.36765,Borehole/Tubewell,Motorized Pump,Well,Motorized Pump,Northern,False,0,Mbala,2013,6G2HR9W9+836
2.0,597.0,138455.57226019766,49902.53321364092,50399.39227565276,12831.104608230173,1953.1445450938645,-9.18446,31.84596,Borehole/Tubewell,Motorized Pump,Well,Motorized Pump,Northern,False,0,Senga Hill,2013,6G2HRR8W+698
2.0,944.0,137569.1535445609,52165.80841188118,48062.66817356969,11583.299067483758,96.61858603491127,-9.17988,31.8252,Borehole/Tubewell,Motorized Pump,Well,Motorized Pump,Northern,False,0,Senga Hill,2013,6G2HRRCG+23W
2.0,332.0,139524.54705839945,48501.39318289285,51678.31187041052,13847.30167066885,3336.045432962762,-9.19242,31.85618,Borehole/Tubewell,Motorized Pump,Well,Motorized Pump,Northern,False,0,Senga Hill,2013,6G2HRV54+2FM
1.0,865.0,134797.98784489566,33232.566251321536,527.2037017946443,12773.124267719691,20710.44191422652,-9.14604,31.37576,Borehole/Tubewell,Motorized Pump,Well,Motorized Pump,Northern,False,0,Mbala,2013,6G2HV93G+H8J
2.0,432.0,128367.6852203956,40494.07950039273,24908.480969785887,4.537525365749894,1718.582061455855,-9.113047,31.622419,Borehole/Tubewell,Motorized Pump,Well,Motorized Pump,Northern,False,0,Senga Hill,2013,6G2HVJPC+QXM
2.0,377.0,128124.30147332922,40848.870914234525,25656.99609983666,46.18433148543185,922.8657012962208,-9.11083,31.62944,Borehole/Tubewell,Motorized Pump,Well,Motorized Pump,Northern,False,0,Mbala,2013,6G2HVJQH+MQ8
2.0,404.0,128053.75778863036,42015.76783957973,27386.39908791088,37.65363731245564,523.9694139761995,-9.11,31.64528,Borehole/Tubewell,Motorized Pump,Well,Motorized Pump,Northern,False,0,Senga Hill,2013,6G2HVJQW+W4V
1.0,282.0,127179.89560151903,25065.12938205576,3314.4772985161976,9219.29217681048,17095.50208243605,-9.07195,31.35953,Borehole/Tubewell,Motorized Pump,Well,Motorized Pump,Northern,False,0,Mbala,2013,6G2HW9H5+6RC
2.0,453.0,118839.60514951058,38565.344336825314,30968.88861251215,9203.82517010584,17.417237554944204,-9.02584,31.67111,Borehole/Tubewell,Motorized Pump,Well,Motorized Pump,Northern,False,0,Mbala,2013,6G2HXMFC+MC9
1.0,231.0,117798.5704879517,39798.47518686344,33253.94678495354,10749.870604379612,1702.4891126708928,-9.01541,31.68997,Borehole/Tubewell,Motorized Pump,Well,Motorized Pump,Northern,False,0,Mbala,2014,6G2HXMMQ+RXQ
2.0,53.0,181702.3029694069,49983.29888349978,127066.12246072448,33.91317328490992,1000.1677004211664,-9.979588333333334,32.216024999999995,Borehole/Tubewell,Hand Pump - India Mark,Well,Hand Pump,Muchinga,False,0,Chinsali,2014,6G2J26C8+5C6
1.0,186.0,176392.1036801171,50718.97871822072,125438.0398765676,5397.866587085037,33.76839480116775,-9.927008333333331,32.23461,Borehole/Tubewell,Hand Pump - India Mark,Well,Hand Pump,Muchinga,False,0,Chinsali,2014,6G2J36FM+5RX
0.0,409.0,172903.3308466669,49582.32420153411,126326.7249667934,8254.218865311457,7.419637830236037,-9.906961666666666,32.259159999999994,Borehole/Tubewell,Hand Pump - India Mark,Well,Hand Pump,Muchinga,False,0,Chinsali,2014,6G2J37V5+6M7
42.0,430.0,172794.6938172159,49580.800641080925,126319.2669608282,8365.061347567911,7.178016657224722,-9.906116666666666,32.25974,Borehole/Tubewell,Hand Pump - India Mark,Well,Hand Pump,Muchinga,False,0,Chinsali,2014,6G2J37V5+HV5
2.0,36.0,139865.24966760125,37389.86956489927,66918.27880226022,8431.807543572078,18858.742222393532,-9.159533,32.001811,Borehole/Tubewell,Motorized Pump,Well,Motorized Pump,Northern,False,0,Senga Hill,2013,6G2JR2R2+5PM
1.0,199.0,143025.14379751062,32293.02444948722,72957.69464329653,7640.749681220419,20532.80288420205,-9.1718,32.0557,Borehole/Tubewell,Motorized Pump,Well,Motorized Pump,Northern,False,0,Senga Hill,2014,6G2JR3H4+77P
2.0,228.0,134476.01840592528,41477.41431376335,66520.38411083874,3289.64470657013,17375.06640755209,-9.108414,32.001704,Borehole/Tubewell,Motorized Pump,Well,Motorized Pump,Northern,False,0,Senga Hill,2013,6G2JV2R2+JMP
1.0,605.0,137409.57281783136,36360.3247802909,75307.39978455628,136.0665384882142,12959.356158185206,-9.107925,32.081672,Borehole/Tubewell,Motorized Pump,Well,Motorized Pump,Northern,False,0,Senga Hill,2013,6G2JV3RJ+RMM
1.0,597.0,136270.25168865145,38034.55939090997,72279.07866564358,719.5844907028722,13953.46620020499,-9.1074,32.05413,Borehole/Tubewell,Motorized Pump,Well,Motorized Pump,Northern,False,0,Senga Hill,2014,6G2JV3V3+2MR
0.0,308.0,114494.4837495652,28485.40378352104,23252.39988402346,14419.378586063543,1420.1099936488465,-8.987,31.5874,Borehole/Tubewell,Motorized Pump,Well,Motorized Pump,Northern,False,0,Mbala,2014,6G3H2H7P+6X2
1.0,470.0,114564.42308458991,29717.843448101787,24567.414676390003,13970.95184178127,91.32844278950066,-8.98799,31.60007,Borehole/Tubewell,Motorized Pump,Well,Motorized Pump,Northern,False,0,Mbala,2013,6G3H2J62+R24
1.0,154.0,116081.56366721314,38886.34044651775,42533.59935433205,8301.929168693197,1846.260933783524,-8.9916,31.77096,Borehole/Tubewell,Motorized Pump,Well,Motorized Pump,Northern,False,0,Mbala,2013,6G3H2Q5C+998
2.0,273.0,115098.5503584502,38165.58795807842,44127.32687583287,9031.141523675467,63.01238373372036,-8.98083,31.78306,Borehole/Tubewell,Motorized Pump,Well,Motorized Pump,Northern,False,0,Mbala,2013,6G3H2Q9M+M67
4.0,599.0,112186.7700861543,9651.528363290196,38.43506902076972,5082.521239795271,4277.108518498466,-8.93208,31.35913,Borehole/Tubewell,Motorized Pump,Well,Motorized Pump,Northern,False,0,Mbala,2013,6G3H3995+5M6
1.0,214.0,107546.62993618382,14897.352366518944,14125.690387529865,8358.32274962508,5007.123049403699,-8.91527,31.48684,Borehole/Tubewell,Motorized Pump,Well,Motorized Pump,Northern,False,0,Mbala,2013,6G3H3FMP+VPW
1.0,539.0,105987.07560834866,18200.955177953663,17632.73277479523,7458.275762807098,5865.764067688327,-8.90569,31.52497,Borehole/Tubewell,Motorized Pump,Well,Motorized Pump,Northern,False,0,Mbala,2013,6G3H3GVF+PXH
1.0,530.0,108606.32592551375,23357.19263013632,22263.650796148024,11771.522228307438,6917.655495989742,-8.93263,31.56441,Borehole/Tubewell,Motorized Pump,Well,Motorized Pump,Northern,False,0,Mbala,2013,6G3H3H87+WQV
1.0,171.0,107914.551798608,24288.537404300358,23622.07713141864,11900.845465773213,5711.768184310609,-8.92699,31.57602,Borehole/Tubewell,Motorized Pump,Well,Motorized Pump,Northern,False,0,Mbala,2013,6G3H3HFG+6C2
1.0,299.0,110389.80461512656,33111.86698311436,40372.824690818976,14062.826552661309,72.61860648992167,-8.94182,31.75511,Borehole/Tubewell,Motorized Pump,Well,Motorized Pump,Northern,False,0,Mbala,2013,6G3H3Q54+72H
1.0,185.0,111611.0031858697,35463.74758343024,44822.3364829668,12743.979723470062,4406.919074700938,-8.94489,31.80655,Borehole/Tubewell,Motorized Pump,Well,Motorized Pump,Northern,False,0,Senga Hill,2013,6G3H3R44+2JV
2.0,1181.0,105810.21690012648,4164.023604525915,3503.7879491035637,5440.372178665198,2184.1846555242832,-8.87972,31.38694,Borehole/Tubewell,Motorized Pump,Well,Motorized Pump,Northern,False,0,Mbala,2013,6G3H49CP+4Q8
4.0,7534.0,103290.41734240834,719.7728139441809,379.8337018045316,2688.8335859147714,533.7623112684774,-8.85208,31.3716,Borehole/Tubewell,Motorized Pump,Well,Motorized Pump,Northern,True,0,Mbala,2013,6G3H49XC+5J9
1.0,222.0,101035.49721896846,12596.433141051237,11343.656133239036,1830.745110162512,1095.3988656412234,-8.8555,31.485,Borehole/Tubewell,Motorized Pump,Well,Motorized Pump,Northern,False,0,Mbala,2014,6G3H4FVP+R22
1.0,308.0,100521.71513171207,17617.93911117951,16097.903192110736,2660.2279235448423,3340.0586799660414,-8.8566,31.5307,Borehole/Tubewell,Motorized Pump,Well,Motorized Pump,Northern,False,0,Mbala,2014,6G3H4GVJ+978
2.0,325.0,102114.99464930913,24044.306739825068,22446.55395637129,8045.08829632079,146.362718219225,-8.875,31.5875,Borehole/Tubewell,Motorized Pump,Well,Motorized Pump,Northern,False,0,Mbala,2013,6G3H4HGQ+222
4.0,924.0,99991.38727458018,3763.428948469233,3422.725614935717,3578.925736933837,3754.810873562041,-8.8159,31.35424,Borehole/Tubewell,Motorized Pump,Well,Motorized Pump,Northern,False,0,Mbala,2013,6G3H59M3+JMX
4.0,316.0,99872.2217302955,5725.604974920463,3926.3107766475423,735.9085523823005,3800.419566310243,-8.83275,31.42134,Borehole/Tubewell,Motorized Pump,Well,Motorized Pump,Northern,False,0,Mbala,2013,6G3H5C8C+WG4
4.0,436.0,99246.76583655644,5897.969966788743,3640.269611944975,89.31870994061575,4423.208359928816,-8.8269,31.42113,Borehole/Tubewell,Motorized Pump,Well,Motorized Pump,Northern,False,0,Mbala,2013,6G3H5CFC+6FR
1.0,393.0,99164.60059408324,13953.234038124285,12598.26976503862,45.97668221404791,641.609938072839,-8.84025,31.49765,Borehole/Tubewell,Motorized Pump,Well,Motorized Pump,Northern,False,0,Mbala,2013,6G3H5F5X+W32
2.0,453.0,97459.9261737398,16191.154203605294,13080.009180671765,884.1029196524089,1591.2884801895457,-8.82722,31.51694,Borehole/Tubewell,Motorized Pump,Well,Motorized Pump,Northern,False,0,Mbala,2013,6G3H5GF8+4Q8
2.0,667.0,96529.02355758328,18049.33651503433,14075.882336753906,18.941239217431,142.6752168134012,-8.82055,31.53305,Borehole/Tubewell,Motorized Pump,Well,Motorized Pump,Northern,False,0,Mbala,2013,6G3H5GHM+Q6M
2.0,762.0,92733.94375267526,19139.85621522999,13283.869242263354,131.84092803986906,3836.3424166513664,-8.78833,31.55777,Borehole/Tubewell,Motorized Pump,Well,Motorized Pump,Northern,False,0,Mbala,2013,6G3H6H65+M46
1.0,162.0,92749.82925997287,11063.74843927594,5978.759547526288,9795.428207990548,228.28026465215245,-8.747,31.354,Borehole/Tubewell,Motorized Pump,Well,Motorized Pump,Northern,False,0,Mbala,2014,6G3H7933+6J2
2.0,88.0,172262.96976521504,15196.289024053674,889.3555927262767,106650.75357781784,2946.947788959681,-16.23375,23.34863889,Borehole/Tubewell,Hand Pump,Well,Hand Pump,Western,False,1,Senanga,2014,5GM5Q88X+GF2
2.0,68.0,171808.8521504299,15488.363074481633,1631.412410484147,106838.41794042304,3369.976960113675,-16.2340556,23.35558333,Borehole/Tubewell,Hand Pump,Well,Hand Pump,Western,False,1,Senanga,2014,5GM5Q984+96G
7.0,40.0,180584.3824922041,19843.42014911501,16643.611752241355,93140.75931319778,16324.027990604698,-16.065793,23.482997,Borehole/Tubewell,Hand Pump,Well,Hand Pump,Western,False,1,Senanga,2018,5GM5WFMM+M5Q
7.0,56.0,187246.80228776453,18292.145253119437,11520.96835464814,86595.88375212681,10299.653967761436,-16.016318,23.446662,Borehole/Tubewell,Hand Pump - India Mark,Well,Hand Pump,Western,False,1,Senanga,2018,5GM5XCMW+FMF
0.0,28.0,124687.36521764364,57204.76129040124,47613.71256982629,150711.154075491,42917.82422798867,-16.41091667,24.00075,Borehole/Tubewell,Hand Pump,Well,Hand Pump,Western,False,1,Senanga,2013,5GM6H2Q2+J8J
0.0,181.0,157753.96888456657,38549.1835115224,167450.09250053638,31436.42086229248,2888.401827011872,-16.65099,26.65849,Borehole/Tubewell,Motorized Pump,Well,Motorized Pump,Southern,False,1,Kalomo,2014,5GM88MX5+J95
0.0,35.0,183258.15190172143,23835.5241010998,105894.4557780346,15749.408992048116,24916.52166462139,-16.8644,27.45074,Borehole/Tubewell,Motorized Pump,Well,Motorized Pump,Southern,False,1,Pemba,2013,5GM94FP2+67X
1.0,116.0,100269.39929751786,10878.545360433916,89618.71608926119,34294.2430289631,533.1594505961751,-16.088,27.654,Borehole/Tubewell,Motorized Pump,Well,Motorized Pump,Southern,False,1,Mazabuka,2014,5GM9WM63+RJ2
3.0,66.0,82621.92423578614,8955.772227938558,11078.30542030492,15484.438510488722,8248.307605005017,-15.98124,28.78629,Borehole/Tubewell,,Well,,Lusaka,False,1,Chirundu,2021,5GPC2Q9P+GG3
1.0,181.0,96345.2019944668,15300.896065951412,85556.78648353604,30393.34184439117,2651.0876242405866,-16.092,27.715,Borehole/Tubewell,Motorized Pump,Well,Motorized Pump,Southern,False,1,Mazabuka,2014,5GM9WP58+535
3.0,223.0,80315.48003516148,18726.94404556251,1987.1013504627572,7843.529662589115,18086.394750901625,-16.033626,28.676498,Borehole/Tubewell,,Well,,Lusaka,False,1,Chirundu,2021,5GMCXM8G+GHX
2.0,14713.0,90185.02370972712,1289.1733059348524,15296.207881027372,16562.252018153904,593.3906607657317,-16.025,28.841833,Borehole/Tubewell,Hand Pump - India Mark,Well,Hand Pump,Lusaka,False,1,Chirundu,2018,5GMCXRGR+2P4
3.0,2487.0,88683.29322050973,3112.934659049665,13834.101970544292,15153.411520732305,2429.737998350337,-16.021807,28.82436,Borehole/Tubewell,,Well,,Lusaka,False,1,Chirundu,2021,5GMCXRHF+7PH
5.0,282.0,,15170.036286265382,610.0716542006503,47079.34902727759,3651.5388966821793,-15.12725,22.71188889,Borehole/Tubewell,Hand Pump,Well,Hand Pump,Western,False,1,Kalabo,2018,5GP4VPF6+4Q2
8.0,161.0,208857.49607193965,36287.389666060175,21647.6564052186,66517.80993284227,27504.47954097961,-15.76082,23.53333333,Borehole/Tubewell,Hand Pump,Well,Hand Pump,Western,False,1,Senanga,2017,5GP56GQM+M9H
8.0,653.0,227299.25996678876,13204.863135527938,761.4223249532271,46500.19928748656,24777.57852007471,-15.6848,23.29451944,Borehole/Tubewell,Hand Pump,Well,Hand Pump,Western,False,1,Senanga,2017,5GP5878V+3Q9
10.0,181.0,225774.09520530945,14581.25306968091,2680.266324981563,47749.00335973231,24948.507845405085,-15.684085,23.327185,Borehole/Tubewell,Hand Pump - India Mark,Well,Hand Pump,Western,False,1,Senanga,2018,5GP5888G+9V7
5.0,109.0,226648.82395441915,40053.92594489427,34115.69189533492,59096.84204858911,9867.682211968737,-15.55538889,23.63036111,Borehole/Tubewell,Hand Pump - India Mark,Well,Hand Pump,Western,False,1,Mongu,2018,5GP5CJVJ+R4X
5.0,180.0,226922.27676359852,39585.195356664575,33667.78799697242,58619.653198421656,9853.961363614148,-15.554175,23.625929,Borehole/Tubewell,Hand Pump - India Mark,Well,Hand Pump,Western,False,1,Mongu,2018,5GP5CJWG+89M
2.0,12.0,257823.0499618292,18122.662597157083,8608.965571302684,17715.128366800018,9003.317668706031,-15.450381,23.14309,Borehole/Tubewell,Hand Pump,Well,Hand Pump,Western,False,1,Mongu,2015,5GP5G4XV+R6W
5.0,218.0,237712.5554878006,39168.06023888468,34683.891687591735,51736.12543784743,495.2949252812202,-15.45875,23.603508,Borehole/Tubewell,Hand Pump,Well,Hand Pump,Western,False,1,Mongu,2018,5GP5GJR3+GC2
10.0,153.0,252909.55732911048,21251.864967937006,14107.017926331491,24841.960365295155,2480.988143180506,-15.402644,23.352519,Borehole/Tubewell,Hand Pump,Well,Hand Pump,Western,False,1,Mongu,2014,5GP5H9W3+W2R
10.0,141.0,251208.39461563173,49462.40520413886,46029.44162554818,51900.84270794023,12985.201152365962,-15.320993,23.639307,Borehole/Tubewell,Hand Pump,Well,Hand Pump,Western,False,1,Mongu,2014,5GP5MJHQ+JP3
0.0,10854.0,275426.06923251064,828.2311823501234,464.8386838793148,364.1119806142804,996.2240446173248,-15.2742,23.138123,Borehole/Tubewell,Hand Pump,Well,Hand Pump,Western,True,1,Mongu,2018,5GP5P4GQ+86H
0.0,7578.0,,1757.0546406760116,2153.981196882043,366.2990651921596,396.4851586902906,-15.252115,23.14256833,Borehole/Tubewell,Hand Pump,Well,Hand Pump,Western,True,1,Mongu,2018,5GP5P4XV+524
10.0,46.0,266379.1259954148,23623.913289953347,20456.636313731968,21352.982941359365,3495.783641835224,-15.2695,23.35645,Borehole/Tubewell,Hand Pump,Well,Hand Pump,Western,False,1,Limulunga,2014,5GP5P9J4+6H4
13.0,320.0,,20724.54738309337,19504.859477176728,18555.509831518917,203.52527042289856,-15.2416,23.32769722,Borehole/Tubewell,Hand Pump - India Mark,Well,Hand Pump,Western,False,1,Limulunga,2018,5GP5Q85H+938
9.0,18.0,,19239.08457850678,21033.99740581853,18500.643521790123,2651.843493147925,-15.1936,23.31382778,Borehole/Tubewell,Hand Pump,Well,Hand Pump,Western,False,1,Limulunga,2014,5GP5R847+HG8
7.0,128.0,,10592.602300285464,26102.67381083534,24217.649775705268,5148.826801477248,-15.03666667,23.17284,Borehole/Tubewell,Hand Pump,Well,Hand Pump,Western,False,1,Limulunga,2018,5GP5X57F+84P
8.0,201.0,,21292.274428717035,32193.49459522073,29745.727009764338,210.22756303419536,-15.04713889,23.32669444,Borehole/Tubewell,Hand Pump,Well,Hand Pump,Western,False,1,Limulunga,2018,5GP5X83G+4MW
1.0,0.0,69843.46650362988,25674.421735879496,58839.80359062885,4780.406155008721,6261.752148013886,-15.971,27.971,Borehole/Tubewell,Motorized Pump,Well,Motorized Pump,Southern,False,1,Mazabuka,2014,5GP92XHC+JC2
1.0,363.0,91110.1154841718,8204.227321494362,81176.68112840121,17379.64852072737,2660.0219949653047,-15.919,27.609,Borehole/Tubewell,Motorized Pump,Well,Motorized Pump,Southern,False,1,Mazabuka,2014,5GP93JJ5+CJ2
1.0,694.0,88642.57846269556,5480.821417923047,78637.97604918492,14669.95181395011,5319.858164589229,-15.915,27.635,Borehole/Tubewell,Motorized Pump,Well,Motorized Pump,Southern,False,1,Mazabuka,2014,5GP93JPP+222
1.0,363.0,85963.85279630938,3006.861304894371,75979.21974711955,12133.51001880386,7908.724686657945,-15.898,27.653,Borehole/Tubewell,Motorized Pump,Well,Motorized Pump,Southern,False,1,Mazabuka,2014,5GP94M23+R5M
1.0,136.0,93229.17091398896,17152.707226441624,84038.54721505177,24447.247497789565,8623.895965809605,-15.839,27.53,Borehole/Tubewell,Motorized Pump,Well,Motorized Pump,Southern,False,1,Mazabuka,2014,5GP95G6H+8WQ
0.0,0.0,103952.96450862408,52534.35052877496,95585.60000870503,56410.29188868045,12227.788698290507,-15.56471,27.32554,Borehole/Tubewell,Motorized Pump,Well,Motorized Pump,Central,False,1,Mumbwa,2014,5GP9C8PG+467
1.0,0.0,100792.6591853726,47931.24118589464,92479.11293733334,51778.1440696241,15470.508856996932,-15.59,27.36,Borehole/Tubewell,Motorized Pump,Well,Motorized Pump,Central,False,1,Mumbwa,2015,5GP9C966+222
0.0,0.0,100094.4078904888,54301.26541939135,91640.32822960096,57229.04184113279,7508.6621918907695,-15.516,27.35513,Borehole/Tubewell,Motorized Pump,Well,Motorized Pump,Central,False,1,Mumbwa,2014,5GP9F9M4+J32
11.0,308.0,47031.381365418165,37090.95930175353,38907.30276122504,24779.929769704497,6600.9244639205535,-15.53783,27.86212666666667,Borehole/Tubewell,Hand Pump - Afridev,Well,Hand Pump,Lusaka,False,1,Shibuyunji,2014,5GP9FV66+VV6
11.0,513.0,42701.63033095582,40234.26713727859,34456.97431904776,19802.155792336875,1584.8881395207998,-15.50356,27.894525,Borehole/Tubewell,Hand Pump - India Mark,Well,Hand Pump,Lusaka,False,1,Shibuyunji,2014,5GP9FVWV+HRC
10.0,821.0,54256.2704231317,42437.973653876994,45830.88829411804,30067.272784203225,3316.4205519798875,-15.475406666666666,27.780291666666667,Borehole/Tubewell,Hand Pump - Afridev,Well,Hand Pump,Lusaka,False,1,Shibuyunji,2014,5GP9GQFJ+R4M
,183.0,57214.58699600794,43756.85591893483,48738.03780498059,32839.17222651848,2140.635122019952,-15.463166666666666,27.75125666666667,Borehole/Tubewell,Hand Pump - India Mark,Well,Hand Pump,Lusaka,False,1,Shibuyunji,2014,5GP9GQP2+PGJ
19.0,418.0,56556.93292518559,45181.29674662631,48046.80400501765,32074.851130954343,811.2765451842739,-15.450201666666665,27.75637,Borehole/Tubewell,Hand Pump - India Mark,Well,Hand Pump,Lusaka,False,1,Shibuyunji,2014,5GP9GQX4+WG9
18.0,506.0,48812.60193970437,44164.2074834036,40371.93508579278,24599.584717417765,1503.6548483651368,-15.464971666666669,27.830115,Borehole/Tubewell,Hand Pump - India Mark,Well,Hand Pump,Lusaka,False,1,Shibuyunji,2014,5GP9GRPJ+229
10.0,843.0,38517.77481632143,38484.67621630205,30176.26376937156,14996.077360367564,1321.7285265235428,-15.47253,27.927955,Borehole/Tubewell,Hand Pump - India Mark,Well,Hand Pump,Lusaka,False,1,Shibuyunji,2014,5GP9GWGH+X5P
10.0,491.0,41369.39730784861,41506.39581985317,32985.428833069374,17478.954882028705,27.80309359003057,-15.46727,27.90028,Borehole/Tubewell,Hand Pump - India Mark,Well,Hand Pump,Lusaka,False,1,Shibuyunji,2014,5GP9GWM2+34R
11.0,361.0,36289.68243350018,35263.90693953826,28072.943207336837,14032.719394063335,2746.1859243247045,-15.494036666666666,27.95360833333333,Borehole/Tubewell,Hand Pump - India Mark,Well,Hand Pump,Lusaka,False,1,Shibuyunji,2014,5GP9GX43+9CQ
9.0,315.0,76477.12941087765,53081.82416655836,67904.33234345082,51825.03731068563,3651.220183865705,-15.41617,27.569691666666667,Borehole/Tubewell,Hand Pump - India Mark,Well,Hand Pump,Lusaka,False,1,Shibuyunji,2014,5GP9HHM9+GVP
8.0,29.0,72896.90211984554,52925.39090169965,64316.08888495252,48234.91418639553,3033.4368144464106,-15.405408333333332,27.60315666666667,Borehole/Tubewell,Hand Pump - India Mark,Well,Hand Pump,Lusaka,False,1,Shibuyunji,2014,5GP9HJV3+R7M
10.0,80.0,71294.90663858342,52682.86839213049,62712.52549667713,46632.00584662015,3651.188389014207,-15.403046666666668,27.618131666666667,Borehole/Tubewell,Hand Pump - India Mark,Well,Hand Pump,Lusaka,False,1,Shibuyunji,2014,5GP9HJW9+Q7J
11.0,491.0,56196.48258110789,49696.57957331946,47617.360805378616,31536.34872317703,3703.6096501269344,-15.409375,27.758679999999995,Protected Spring,Hand Pump - Afridev,Spring,Hand Pump,Lusaka,False,1,Shibuyunji,2014,5GP9HQR5+7F3
10.0,454.0,51579.28693453314,46752.45954907525,43046.56798902146,27034.59712047672,824.2078028207413,-15.437828333333334,27.802115000000004,Borehole/Tubewell,Hand Pump - India Mark,Well,Hand Pump,Lusaka,False,1,Shibuyunji,2014,5GP9HR62+VR9
14.0,293.0,47698.08143979644,47880.55029773065,39156.51473838855,23131.479322313466,2100.728470348903,-15.43222,27.838071666666664,Borehole/Tubewell,Hand Pump - India Mark,Well,Hand Pump,Lusaka,False,1,Shibuyunji,2014,5GP9HR9Q+468
22.0,462.0,40687.48370132713,42058.58220951439,32173.61607072816,16242.41879965827,625.8239530399965,-15.438128333333337,27.903741666666665,Borehole/Tubewell,Hand Pump - India Mark,Well,Hand Pump,Lusaka,False,1,Shibuyunji,2014,5GP9HW63+PFX
9.0,1562.0,52953.89392417467,52116.2919100584,44364.38593351836,28317.716102122937,8.676667120278786,-15.388305,27.789715,Borehole/Tubewell,Hand Pump - India Mark,Well,Hand Pump,Lusaka,False,1,Shibuyunji,2014,5GP9JQ6Q+MVG
11.0,498.0,42656.68538700209,46052.63047285807,34069.81790961736,18102.847164018407,652.3705257623894,-15.383428333333333,27.88624833333333,Borehole/Tubewell,Hand Pump - Afridev,Well,Hand Pump,Lusaka,False,1,Chilanga,2014,5GP9JV8P+JFH
11.0,141.0,80571.23824463582,63404.31497097483,71977.35853864928,43553.500215688575,6152.1892586115,-15.328241666666669,27.537236666666665,Borehole/Tubewell,Hand Pump - Afridev,Well,Hand Pump,Central,False,1,Mumbwa,2014,5GP9MGCP+PV5
7.0,141.0,82607.47586870767,61524.918286483335,73989.41124705922,42023.92472750151,7284.223196541835,-15.318531666666669,27.51941,Borehole/Tubewell,Hand Pump - India Mark,Well,Hand Pump,Central,False,1,Mumbwa,2014,5GP9MGJ9+HQM
0.0,256.0,67070.11513754596,62537.34122066291,58297.87821391922,42948.69966294789,177.64624978506944,-15.300443333333332,27.66904333333333,Borehole/Tubewell,Hand Pump - India Mark,Well,Hand Pump,Lusaka,False,1,Shibuyunji,2014,5GP9MMX9+RJF
14.0,550.0,55849.04652159332,57640.37657634568,47188.44934643842,31567.329763320944,24.944378766517445,-15.337621666666667,27.768338333333336,Borehole/Tubewell,Hand Pump - India Mark,Well,Hand Pump,Lusaka,False,1,Shibuyunji,2014,5GP9MQ69+X84
2.0,601.0,67119.75489956701,64668.053291392025,58250.05948240029,42611.69885916537,1783.8622285661916,-15.28037,27.67299666666667,Borehole/Tubewell,Hand Pump - India Mark,Well,Hand Pump,Lusaka,False,1,Shibuyunji,2014,5GP9PM9F+V55
40.0,359.0,62050.43928405356,64383.19104650967,53123.36521344282,38402.07340685885,165.64092887116053,-15.277876666666668,27.72219833333333,Borehole/Tubewell,Hand Pump - India Mark,Well,Hand Pump,Lusaka,False,1,Shibuyunji,2014,5GP9PPCC+RVW
8.0,572.0,61658.070144716585,64303.523063061926,52729.57005031439,38020.07624452109,106.56626971098537,-15.278378333333334,27.72583666666667,Borehole/Tubewell,Hand Pump - India Mark,Well,Hand Pump,Lusaka,False,1,Shibuyunji,2014,5GP9PPCG+J8W
7.0,528.0,81124.15845260654,59151.632700901246,72153.15960104483,32811.72791041969,12587.922741931863,-15.22544,27.552833333333336,Borehole/Tubewell,Hand Pump - India Mark,Well,Hand Pump,Central,False,1,Mumbwa,2014,5GP9QHF3+R4G
4.0,92.0,57234.94905017314,63668.691125389545,48111.70878821666,34697.15071349672,3849.927866062321,-15.241751666666667,27.78048666666667,Borehole/Tubewell,Hand Pump - India Mark,Well,Hand Pump,Central,False,1,Chibombo,2014,5GP9QQ5J+75X
13.0,168.0,48812.43753239925,56674.39717090629,39585.09498493373,27197.90222328327,92.64756349872872,-15.231111666666669,27.86967333333333,Borehole/Tubewell,Hand Pump - India Mark,Well,Hand Pump,Central,False,1,Chibombo,2014,5GP9QV99+HV3
35.0,37.0,64373.11302048729,71441.353409857,55169.84230992896,31793.176477439487,2781.460469338693,-15.187193333333337,27.731276666666663,Borehole/Tubewell,Hand Pump - India Mark,Well,Hand Pump,Central,False,1,Chibombo,2014,5GP9RP7J+4GC
6.0,150.0,65302.06357587912,72563.2808278355,56074.55830768804,29842.404634039376,3792.75994509305,-15.169385,27.729995,Borehole/Tubewell,Hand Pump - India Mark,Well,Hand Pump,Central,False,1,Chibombo,2014,5GP9RPJH+6XX
13.0,150.0,65450.01868387401,72575.49255224502,56220.820323248496,29652.32198107847,3869.931008064638,-15.167603333333334,27.72932833333333,Borehole/Tubewell,Hand Pump - India Mark,Well,Hand Pump,Central,False,1,Chibombo,2014,5GP9RPJH+XP4
12.0,15.0,57427.59357466648,65378.24775241282,48052.392491828905,30564.422663575828,8647.39044660904,-15.182466666666668,27.80487333333333,Borehole/Tubewell,Hand Pump - India Mark,Well,Hand Pump,Central,False,1,Chibombo,2014,5GP9RR93+2W9
9.0,82.0,75834.63567467405,64671.86431285448,66466.76814865715,25144.35974307926,2790.1554016979694,-15.116416666666664,27.647425,Borehole/Tubewell,Hand Pump - India Mark,Well,Hand Pump,Central,False,1,Chibombo,2014,5GP9VJMW+CXM
9.0,37.0,58338.68592437844,58348.43642583388,47628.208736583,21192.253954836047,58.782315320429056,-15.100013333333331,27.847763333333333,Borehole/Tubewell,Hand Pump - India Mark,Well,Hand Pump,Central,False,1,Chibombo,2014,5GP9VRXX+X4R
14.0,357.0,66395.90554042102,58939.45099819453,54928.0355938831,11206.43469454333,134.6797587851256,-15.008583333333336,27.828903333333333,Borehole/Tubewell,Hand Pump - India Mark,Well,Hand Pump,Central,False,1,Chibombo,2014,5GP9XRRH+HH6
12.0,329.0,66736.06920176477,58918.830690922405,55233.7905391479,10712.735755205744,336.1187227282644,-15.004111666666663,27.828871666666668,Borehole/Tubewell,Hand Pump - India Mark,Well,Hand Pump,Central,False,1,Chibombo,2014,5GP9XRWH+9G5
2.0,198.0,88755.38719254841,12434.191177395158,25417.63471555237,28378.187535806363,190.49831010366043,-15.936386666666666,28.91253833333333,Borehole/Tubewell,Hand Pump - India Mark,Well,Hand Pump,Lusaka,False,1,Kafue,2014,5GPC3W77+C2V
28.0,550.0,90823.32870248848,14223.406842849208,28067.26738560263,30693.47348873911,30.29821391823642,-15.93507,28.93877166666667,Borehole/Tubewell,Hand Pump - India Mark,Well,Hand Pump,Lusaka,False,1,Kafue,2014,5GPC3W7Q+XGC
4.0,606.0,90990.09555231092,14583.29001340908,28456.925108359992,31077.920181469275,96.69115116329792,-15.933536666666663,28.94205833333333,Borehole/Tubewell,Hand Pump - India Mark,Well,Hand Pump,Lusaka,False,1,Kafue,2014,5GPC3W8R+HRM
9.0,23.0,75732.02557994063,18049.46508697663,20784.686189802083,26941.9277250928,6921.284744794427,-15.874713333333334,28.806746666666665,Borehole/Tubewell,Hand Pump - India Mark,Well,Hand Pump,Lusaka,False,1,Kafue,2014,5GPC4RG4+4M9
3.0,49.0,84296.04626654087,21540.94251348701,31639.493843583416,31990.614039395496,24.62481606276276,-15.851683,28.927342,Borehole/Tubewell,Hand Pump - India Mark,Well,Hand Pump,Lusaka,False,1,Kafue,2021,5GPC4WXG+9V7
0.0,915.0,45449.70249277984,11604.00179513978,35602.464322184554,18669.615788301093,6279.383338886575,-15.825538333333334,28.244265,Borehole/Tubewell,Hand Pump - Rope,Well,,Lusaka,False,1,Kafue,2014,5GPC56FV+QPJ
1.0,1104.0,44947.27578782294,10965.64144311422,35055.11526002019,18774.94025144521,6548.198433363966,-15.820678333333335,28.240985,Borehole/Tubewell,Hand Pump - India Mark,Well,Hand Pump,Lusaka,False,1,Kafue,2014,5GPC56HR+P9H
44.0,1100.0,44896.35193198831,11012.708692153854,35018.62712237439,18889.159025078166,6642.211299102824,-15.820321666666668,28.242105,Borehole/Tubewell,Motorized Pump - Electric,Well,Motorized Pump,Lusaka,False,1,Kafue,2014,5GPC56HR+VRH
3.0,3541.0,40259.42907802727,2209.8524907713568,29510.255540040867,20098.670552071475,796.4833061003513,-15.762832,28.167306,Borehole/Tubewell,,Well,,Lusaka,True,1,Kafue,2021,5GPC65P8+VW7
20.0,248.0,41367.69552427741,6534.902634241699,31171.2253949049,20279.843296164872,5204.791693342439,-15.785341666666666,28.219576666666665,Borehole/Tubewell,Hand Pump - India Mark,Well,Hand Pump,Lusaka,False,1,Kafue,2014,5GPC6679+VR8
3.0,636.0,38313.19502144497,6498.702421992601,27312.495209613968,21947.39552584099,912.7209291215318,-15.724262,28.118598,Borehole/Tubewell,Hand Pump - India Mark,Well,Hand Pump,Lusaka,False,1,Kafue,2021,5GPC74G9+994
8.0,586.0,33689.72988020846,8801.22474322035,23961.95922103197,21201.59233602629,2863.899028732214,-15.71964,28.253516666666663,Borehole/Tubewell,Hand Pump - India Mark,Well,Hand Pump,Lusaka,False,1,Kafue,2012,5GPC77J3+4CR
16.0,119.0,41955.58993045384,19142.18285142931,31542.719968475158,24090.028991329425,9971.28537639654,-15.686256666666669,28.00735666666667,Borehole/Tubewell,Hand Pump - India Mark,Well,Hand Pump,Lusaka,False,1,Kafue,2014,5GPC8274+FWX
17.0,417.0,37524.31268767492,18518.47753343084,27230.555846550844,22341.787152856097,6950.721677722564,-15.652613333333331,28.031136666666665,Borehole/Tubewell,Hand Pump - India Mark,Well,Hand Pump,Lusaka,False,1,Kafue,2014,5GPC82WJ+XF2
24.0,437.0,37482.73173495257,18519.77707778131,27190.56632334317,22301.442607686164,6927.738472181565,-15.652283333333331,28.031346666666664,Borehole/Tubewell,Hand Pump - India Mark,Well,Hand Pump,Lusaka,False,1,Kafue,2014,5GPC82XJ+3GQ
16.0,593.0,33806.129684523854,12767.286663785924,22978.99146993816,18363.877353784115,437.9665381413826,-15.66102499999999,28.093305,Borehole/Tubewell,Hand Pump - India Mark,Well,Hand Pump,Lusaka,False,1,Kafue,2014,5GPC83QV+H8V
3.0,1064.0,35809.83972051941,9092.815058036122,24825.704148048488,20536.94786452237,667.7135347516559,-15.6932555,28.1092088,Borehole/Tubewell,Hand Pump - India Mark,Well,Hand Pump,Lusaka,False,1,Kafue,2021,5GPC8445+MMF
5.0,155.0,30384.748786384323,16620.688380220614,23752.471006942276,21859.72866511692,11748.546555576297,-15.6773,28.37063333333333,Borehole/Tubewell,Hand Pump - India Mark,Well,Hand Pump,Lusaka,False,1,Kafue,2014,5GPC89FC+37J
8.0,106.0,38533.34103437398,28300.676953012884,30034.51480104208,21307.647220258168,15520.169236013642,-15.693505,28.499775,Borehole/Tubewell,Hand Pump - India Mark,Well,Hand Pump,Lusaka,False,1,Kafue,2014,5GPC8F4X+HWR
6.0,26.0,36494.434536345005,26789.269398137923,27911.658553586967,19277.28924931204,13248.79522728723,-15.673318333333334,28.49553,Borehole/Tubewell,Hand Pump - India Mark,Well,Hand Pump,Lusaka,False,1,Kafue,2014,5GPC8FGW+M6C
9.0,198.0,35438.66317592404,17978.953343662182,25135.407637488268,20245.906147257625,5439.792057929752,-15.640796666666663,28.04641333333333,Protected Well,Hand Pump - India Mark,Well,Hand Pump,Lusaka,False,1,Kafue,2014,5GPC925W+MHM
25.0,361.0,36010.23064381805,20192.143242429207,26001.53557644829,21079.972109209302,7353.325738926307,-15.62999,28.02887,Borehole/Tubewell,Hand Pump - India Mark,Well,Hand Pump,Lusaka,False,1,Kafue,2014,5GPC92CH+2G5
16.0,264.0,36600.06384148625,21766.675326267952,26814.074294321083,21892.37214753179,8732.258910450188,-15.623085,28.015775,Borehole/Tubewell,Hand Pump - India Mark,Well,Hand Pump,Lusaka,False,1,Kafue,2014,5GPC92G8+Q86
16.0,734.0,34550.300863603494,21688.131877783344,24845.405513866182,19929.648397392168,7369.444359056979,-15.609393333333331,28.02896833333333,Borehole/Tubewell,Hand Pump - India Mark,Well,Hand Pump,Lusaka,False,1,Kafue,2014,5GPC92RH+6HW
9.0,378.0,32286.46072785989,14945.43531164686,21633.39403170253,16868.281038315286,1098.0018076863064,-15.63938,28.087991666666667,Borehole/Tubewell,Hand Pump - India Mark,Well,Hand Pump,Lusaka,False,1,Kafue,2014,5GPC936Q+65X
9.0,822.0,30411.58147446285,13352.0380815398,19560.57353748199,14979.586310661603,1850.066547316071,-15.638776666666669,28.11550666666667,Borehole/Tubewell,Hand Pump - India Mark,Well,Hand Pump,Lusaka,False,1,Kafue,2014,5GPC9468+F6J
25.0,312.0,29731.00556944011,15090.740376261125,19028.29961634049,14294.281583261463,855.4849840373079,-15.625088333333334,28.107543333333336,Borehole/Tubewell,Hand Pump - India Mark,Well,Hand Pump,Lusaka,False,1,Kafue,2014,5GPC94F5+X27
29.0,1326.0,25046.18066121668,9332.856271382518,15520.60470758712,12770.03512833831,100.81989052155537,-15.6418,28.260278333333336,Borehole/Tubewell,Hand Pump - India Mark,Well,Hand Pump,Lusaka,False,1,Chilanga,2014,5GPC9756+74J
8.0,218.0,29872.25202197811,22162.49954683277,21065.381757027884,13639.600262429522,6356.418485434047,-15.611303333333334,28.474856666666664,Borehole/Tubewell,Hand Pump - India Mark,Well,Hand Pump,Lusaka,False,1,Kafue,2014,5GPC9FQF+FWH
9.0,157.0,32951.30001272922,21807.585769862504,23328.599891884624,18422.566519046824,5889.165161501914,-15.598388333333332,28.039025,Protected Well,Hand Pump - India Mark,Well,Hand Pump,Lusaka,False,1,Chilanga,2014,5GPCC22Q+JJR
20.0,666.0,19579.80263446785,9513.59989838949,12436.01126007887,11691.706701608751,7041.451218231359,-15.575325,28.36249,Borehole/Tubewell,Hand Pump,Well,Hand Pump,Lusaka,False,1,Kafue,2014,5GPCC9F6+VXH
20.0,1502.0,18949.45133078136,10344.449628056604,11343.674916360114,10169.457426894032,6304.78348599909,-15.564026666666669,28.37174333333333,Borehole/Tubewell,Hand Pump - India Mark,Well,Hand Pump,Lusaka,False,1,Kafue,2014,5GPCC9PC+9MQ
20.0,441.0,20039.298329360183,12363.524686899618,11890.384253333968,9480.579207178149,7520.490857266449,-15.563888333333333,28.390598333333333,Borehole/Tubewell,Hand Pump - India Mark,Well,Hand Pump,Lusaka,False,1,Kafue,2014,5GPCC9PR+C6X
7.0,281.0,28428.32697181354,21535.756874030547,19539.01524667279,12157.655432429148,4606.181846585353,-15.594915,28.47274833333333,Borehole/Tubewell,Hand Pump - India Mark,Well,Hand Pump,Lusaka,False,1,Kafue,2014,5GPCCF4F+23Q
1.0,128.0,28895.608690920933,24160.450644353357,19848.001404491966,8272.60023362619,2577.428470258935,-15.569383333333333,28.500435,Borehole/Tubewell,Hand Pump - India Mark,Well,Hand Pump,Lusaka,False,1,Kafue,2014,5GPCCGJ2+65V
0.0,276.0,58820.09829457371,30863.900221833817,48996.33098330008,64.9724506214353,7585.101935849297,-15.579846666666668,28.803801666666665,Borehole/Tubewell,Hand Pump - India Mark,Well,Hand Pump,Lusaka,False,1,Chongwe,2014,5GPCCRC3+3G7
3.0,2324.0,11899.71409137829,9087.282310669812,4908.290830375751,6827.961634371079,60.27503140277448,-15.507301666666669,28.341481666666663,Borehole/Tubewell,Hand Pump - India Mark,Well,Hand Pump,Lusaka,False,1,Kafue,2014,5GPCF8VR+3HH
3.0,2712.0,11523.080323708478,9257.860187731529,4531.604981994997,6644.13775052835,161.96231254070096,-15.503831666666668,28.34056,Borehole/Tubewell,Hand Pump - India Mark,Well,Hand Pump,Lusaka,False,1,Kafue,2014,5GPCF8WR+F67
35.0,832.0,17249.21064112621,9874.562313572722,9601.323579945069,8789.177250534907,4616.233974681585,-15.548881666666666,28.366948333333333,Borehole/Tubewell,Hand Pump - India Mark,Well,Hand Pump,Lusaka,False,1,Chilanga,2014,5GPCF928+CQW
54.0,77.0,31007.958847824622,27404.14325741173,22146.31842156332,3324.083134289524,3440.1836388155475,-15.535955,28.54351833333333,Borehole/Tubewell,Hand Pump - India Mark,Well,Hand Pump,Lusaka,False,1,Kafue,2014,5GPCFG7V+JC6
,34.0,33517.16586154627,25938.41899377991,24737.09146557302,2285.8454403837804,4489.111262278382,-15.535258333333337,28.569465,Borehole/Tubewell,Hand Pump - India Mark,Well,Hand Pump,Lusaka,False,1,Kafue,2014,5GPCFH79+VQW
25.0,149.0,46422.17371283787,22503.80947993619,36451.28273179616,3239.3864297330774,288.2381251006416,-15.530161666666666,28.698553333333333,Borehole/Tubewell,Hand Pump - India Mark,Well,Hand Pump,Lusaka,False,1,Chongwe,2014,5GPCFM9X+WCM
12.0,191.0,54619.82255747767,25183.7107315397,44163.529274074965,4486.298751275034,5093.450890675224,-15.535693333333333,28.77606833333333,Borehole/Tubewell,Hand Pump - India Mark,Well,Hand Pump,Lusaka,False,1,Chongwe,2014,5GPCFQ7G+PCG
10.0,266.0,55287.846233681936,25267.903060021414,44744.816512526726,4062.23827407278,6195.696449563406,-15.533414999999998,28.783050000000003,Borehole/Tubewell,Hand Pump - India Mark,Well,Hand Pump,Lusaka,False,1,Chongwe,2014,5GPCFQ8M+J6M
6.0,201.0,37087.51791420607,19251.15100940408,26882.505687213525,4228.6485183849245,7462.437940025371,-15.490659999999998,28.619151666666667,Borehole/Tubewell,Hand Pump - India Mark,Well,Hand Pump,Lusaka,False,1,Chongwe,2014,5GPCGJ59+PMJ
4.0,107.0,35559.249318448594,19744.78313149303,25497.212814696893,3519.1156435104454,5082.378577624591,-15.489716666666668,28.604761666666665,Protected Well,Hand Pump - India Mark,Well,Hand Pump,Lusaka,False,1,Chongwe,2014,5GPCGJ63+4W6
0.0,276.0,49749.75935254376,19205.11748778557,38649.66479761956,4447.007717269205,46.05614940429213,-15.49172,28.73917,Borehole/Tubewell,Motorized Pump,Well,Motorized Pump,Lusaka,False,1,Chongwe,2013,5GPCGP5Q+8M7
58.0,151.0,53287.602421847005,20857.884039621345,42075.72170026961,1527.4957230172035,1948.356915116972,-15.494105,28.772181666666665,Borehole/Tubewell,Hand Pump - India Mark,Well,Hand Pump,Lusaka,False,1,Chongwe,2014,5GPCGQ4C+9V3
10.0,316.0,54677.52282184216,20896.481543368613,43271.65638944772,40.5980526072698,1751.2533587679786,-15.486401666666666,28.786490000000004,Borehole/Tubewell,Hand Pump - India Mark,Well,Hand Pump,Lusaka,False,1,Chongwe,2014,5GPCGQ7P+CHQ
0.0,137.0,59996.64313301974,24953.255080090134,48586.57747355008,2365.1557193346985,4987.941701699181,-15.496653333333333,28.835045,Borehole/Tubewell,Hand Pump - India Mark,Well,Hand Pump,Lusaka,False,1,Chongwe,2014,5GPCGR3P+82M
15.0,856.0,27333.30043985424,20610.38332377485,16667.458035770618,4893.773817537635,129.61522723725142,-15.447768333333332,28.53476,Borehole/Tubewell,Hand Pump - India Mark,Well,Hand Pump,Lusaka,False,1,Chongwe,2014,5GPCHG2M+VWR
14.0,712.0,26873.652675727648,20697.60665600814,16118.793761781528,5012.944553853235,29.007167072496227,-15.444416666666664,28.530865,Borehole/Tubewell,Hand Pump - India Mark,Well,Hand Pump,Lusaka,False,1,Chongwe,2014,5GPCHG4J+68Q
1.0,577.0,27227.67982451203,19969.37131249408,16175.685967465164,5778.122721554136,791.4049159259719,-15.438625000000002,28.53479333333333,Borehole/Tubewell,Hand Pump - India Mark,Well,Hand Pump,Lusaka,False,1,Chongwe,2014,5GPCHG6M+HW3
1.0,318.0,53012.413457014285,15037.648858713714,40692.31934429603,168.83438862677798,1751.1205527884372,-15.42773,28.7759,Borehole/Tubewell,Motorized Pump,Well,Motorized Pump,Lusaka,False,1,Chongwe,2013,5GPCHQCG+W92
6.0,670.0,45088.51129843839,4459.237014956648,31917.192316318447,1495.2811296613754,4162.516513936185,-15.364096666666669,28.69867166666667,Borehole/Tubewell,Hand Pump - India Mark,Well,Hand Pump,Lusaka,False,1,Chongwe,2014,5GPCJMPX+9F7
36.0,1155.0,12807.229839607156,28241.76246997752,5232.123469091695,259.18939917015825,329.7918177419435,-15.307743333333333,28.323113333333332,Borehole/Tubewell,Hand Pump - Rope,Well,,Central,False,1,Chibombo,2014,5GPCM8RF+W65
13.0,767.0,13289.229785681811,28469.376384497573,6585.317400091261,209.92463955399623,1028.4920407896088,-15.308206666666669,28.33577833333333,Borehole/Tubewell,Hand Pump - India Mark,Well,Hand Pump,Lusaka,False,1,Chongwe,2014,5GPCM8RP+P86
1.0,719.0,13430.847010730122,28581.47346270322,6759.318980808891,97.8151092317146,1199.555652838268,-15.307526666666668,28.337353333333333,Borehole/Tubewell,Hand Pump - India Mark,Well,Hand Pump,Lusaka,False,1,Chongwe,2014,5GPCM8RP+XWQ
16.0,1492.0,25669.31464364318,20438.628887640338,12084.146366749592,4095.73255694891,3160.7441032400275,-15.305871666666668,28.49232333333333,Borehole/Tubewell,Hand Pump - India Mark,Well,Hand Pump,Lusaka,False,1,Chongwe,2014,5GPCMFVR+MW4
14.0,4890.0,43671.60980050114,990.4264856048673,30193.037067668614,913.1857248616448,815.6802143466887,-15.336386666666666,28.68047,Borehole/Tubewell,Hand Pump - India Mark,Well,Hand Pump,Lusaka,False,1,Chongwe,2014,5GPCMM7J+C5X
24.0,4680.0,43841.9200786403,194.1750458710931,30282.70555951008,1717.910114794858,672.9612181740933,-15.326491666666668,28.67984,Borehole/Tubewell,Hand Pump - India Mark,Well,Hand Pump,Lusaka,False,1,Chongwe,2014,5GPCMMFH+CW4
12.0,4347.0,44536.43041661923,562.6232123993888,30986.1413058235,2171.869083612816,1278.3942447570712,-15.326431666666668,28.686465,Borehole/Tubewell,Hand Pump - India Mark,Well,Hand Pump,Lusaka,False,1,Chongwe,2014,5GPCMMFP+CHG
22.0,3741.0,44177.22955105791,1050.0302330852364,30561.02874550875,2541.19007707602,1448.3722658099591,-15.317995,28.680911666666663,Borehole/Tubewell,Hand Pump - India Mark,Well,Hand Pump,Lusaka,False,1,Chongwe,2014,5GPCMMJJ+R93
16.0,1807.0,13486.218773021496,28856.6787807818,948.9404025756522,739.3792643871183,3805.227516676756,-15.299425,28.24705333333333,Borehole/Tubewell,Hand Pump - India Mark,Well,Hand Pump,Central,False,1,Chibombo,2014,5GPCP62W+6RM
19.0,321.0,31562.53944530476,15108.07557827748,17848.73427283402,9348.169610741128,42.5997422778187,-15.29052,28.545910000000003,Borehole/Tubewell,Hand Pump - India Mark,Well,Hand Pump,Lusaka,False,1,Chongwe,2014,5GPCPG5W+Q9V
1.0,488.0,32039.8072885046,14241.843189126948,18287.154561807933,10137.106766030736,174.01072389549344,-15.294966666666667,28.55302333333333,Borehole/Tubewell,Hand Pump - India Mark,Well,Hand Pump,Lusaka,False,1,Chongwe,2014,5GPCPH43+266
20.0,341.0,34902.026908924454,12188.014099758566,21148.23810244206,11466.433600277112,2595.9449738806643,-15.283898333333331,28.57711,Borehole/Tubewell,Hand Pump - India Mark,Well,Hand Pump,Lusaka,False,1,Chongwe,2014,5GPCPH8G+CRX
6.0,274.0,36393.153340558645,13710.34280720474,22798.585707201502,13344.979988254174,2690.8101982496014,-15.255283333333333,28.57759,Borehole/Tubewell,Hand Pump - India Mark,Well,Hand Pump,Lusaka,False,1,Chongwe,2014,5GPCPHVH+V2P
9.0,503.0,41006.03218193921,7837.520673990874,27222.49564260749,7998.952373644996,109.97099986432345,-15.273255,28.634381666666663,Borehole/Tubewell,Hand Pump - Rope,Well,,Lusaka,False,1,Chongwe,2014,5GPCPJGM+MQR
6.0,234.0,42255.13755301661,7754.133190895251,28473.299021245384,8193.382914262484,26.9157944039728,-15.267265000000002,28.64439833333333,Borehole/Tubewell,Hand Pump - India Mark,Well,Hand Pump,Lusaka,False,1,Chongwe,2014,5GPCPJMV+3QR
25.0,151.0,42570.18997126404,7785.043732236771,28789.02107786265,8291.692041280185,188.48718221182128,-15.265591666666667,28.646851666666667,Borehole/Tubewell,Hand Pump - India Mark,Well,Hand Pump,Lusaka,False,1,Chongwe,2014,5GPCPJMW+QP9
22.0,249.0,40940.56396728489,9746.254398247498,27196.76734872831,9953.822519712208,678.190829379809,-15.257381666666667,28.626385,Borehole/Tubewell,Hand Pump - India Mark,Well,Hand Pump,Lusaka,False,1,Chongwe,2014,5GPCPJVG+2HR
20.0,239.0,46754.63895271301,7004.010258138073,32969.5388934906,8355.235683584046,1579.83394507692,-15.264556666666666,28.68846333333333,Borehole/Tubewell,Hand Pump - India Mark,Well,Hand Pump,Lusaka,False,1,Chongwe,2014,5GPCPMPQ+59G
29.0,503.0,48925.76133827982,7122.196275733495,35157.434367646965,8779.12844154631,191.10097327787776,-15.270541666666668,28.712271666666663,Borehole/Tubewell,,Well,,Lusaka,False,1,Chongwe,2014,5GPCPPH6+QWJ
20.0,495.0,48976.79370576813,7226.048748201206,35206.83079436415,8879.712195797612,286.1035746901922,-15.269556666666665,28.712418333333336,Borehole/Tubewell,Hand Pump - India Mark,Well,Hand Pump,Lusaka,False,1,Chongwe,2014,5GPCPPJ6+5XF
11.0,828.0,23167.80303213166,26543.89868206401,11019.800172818088,10705.552590684778,7569.00343821519,-15.207738333333335,28.29886666666666,Borehole/Tubewell,Hand Pump - India Mark,Well,Hand Pump,Central,False,1,Chibombo,2014,5GPCQ7RX+WH7
44.0,777.0,20939.438009213867,28461.288670528145,9990.797235499296,7737.744218172242,7886.95038699606,-15.233390000000002,28.331571666666665,Protected Well,Hand Pump - India Mark,Well,Hand Pump,Central,False,1,Chibombo,2014,5GPCQ88J+JJW
0.0,757.0,21040.11449747797,28363.37521841019,10093.861006012256,7779.999182437775,7981.218468833578,-15.232571666666669,28.332051666666665,Borehole/Tubewell,Hand Pump - Rope,Well,,Central,False,1,Chibombo,2014,5GPCQ88J+XRF
1.0,72.0,24243.71275822216,27893.73770447158,15424.69601654069,4443.289447462944,2322.0632913698487,-15.23068,28.40185,Borehole/Tubewell,Motorized Pump,Well,Motorized Pump,Lusaka,False,1,Chongwe,2013,5GPCQC92+PPH
19.0,567.0,30296.70320703631,21092.009491532503,17524.309450419398,6624.789022535603,989.2958045626292,-15.246653333333333,28.503486666666664,Borehole/Tubewell,Hand Pump - India Mark,Well,Hand Pump,Lusaka,False,1,Chongwe,2014,5GPCQG33+89Q
19.0,241.0,39067.68527282173,15042.140951262449,25662.04968912758,15060.943075590963,192.5950194270782,-15.225815,28.588363333333337,Borehole/Tubewell,Hand Pump - India Mark,Well,Hand Pump,Lusaka,False,1,Chongwe,2014,5GPCQHFQ+M8H
6.0,346.0,42982.45627813624,12368.121687298964,29366.34899322354,12887.8967360578,2699.260540837889,-15.226745,28.63142833333333,Borehole/Tubewell,Hand Pump - India Mark,Well,Hand Pump,Lusaka,False,1,Chongwe,2014,5GPCQJFJ+8H3
10.0,373.0,43733.69091945071,13523.340247027149,30187.211029564016,14114.985000226752,2365.818209585316,-15.214856666666666,28.63243333333333,Borehole/Tubewell,Hand Pump - India Mark,Well,Hand Pump,Lusaka,False,1,Chongwe,2014,5GPCQJPJ+3X3
4.0,486.0,61645.494581873805,18122.94772370896,47910.98944446699,16334.920201871848,4817.86923989516,-15.25,28.83,Borehole/Tubewell,,Well,,Lusaka,False,1,Rufunsa,2021,5GPCQR2J+222
21.0,223.0,36047.90977334035,44250.46676670783,24989.85253394462,18712.29788071141,17.497415571268185,-15.199255,28.03197833333333,Borehole/Tubewell,Hand Pump - India Mark,Well,Hand Pump,Central,False,1,Chibombo,2014,5GPCR22J+7QX
4.0,1132.0,29011.68990215068,24571.506159947083,16363.765426835082,16419.548935284613,9458.80092776608,-15.157605,28.239138333333337,Borehole/Tubewell,Hand Pump - India Mark,Well,Hand Pump,Central,False,1,Chibombo,2014,5GPCR6RQ+XM2
8.0,256.0,40239.20120623903,17922.71283692383,27174.30022294615,16530.215539991364,0.6411521244696918,-15.197713333333336,28.581478333333333,Borehole/Tubewell,Hand Pump - India Mark,Well,Hand Pump,Lusaka,False,1,Chongwe,2014,5GPCRH2J+WH9
8.0,141.0,41524.78594833811,17859.02254949167,28434.448075057888,17815.623119550448,1111.2601186869065,-15.191556666666669,28.59168,Borehole/Tubewell,Hand Pump - India Mark,Well,Hand Pump,Central,False,1,Chisamba,2014,5GPCRH5R+9MF
22.0,246.0,46390.2202264888,15224.861117604669,32917.975930643566,16062.552159433772,1530.737967055316,-15.193718333333331,28.64810333333333,Borehole/Tubewell,Hand Pump - India Mark,Well,Hand Pump,Lusaka,False,1,Chongwe,2014,5GPCRJ4X+G69
1.0,124.0,51463.09164663504,14385.082612348046,37778.59518958264,15776.429535279622,3910.937595058176,-15.199719999999996,28.706135000000003,Borehole/Tubewell,Hand Pump - India Mark,Well,Hand Pump,Lusaka,False,1,Chongwe,2014,5GPCRP24+4F6
20.0,172.0,96419.72077357954,28502.36280393931,42467.866632198486,40761.218058353945,3120.950216575896,-15.864256666666666,29.053526666666667,Borehole/Tubewell,Hand Pump - India Mark,Well,Hand Pump,Lusaka,False,1,Kafue,2014,5GPF43P3+7CR
14.0,165.0,96377.32897535322,28560.671215567698,42507.13963254084,40698.273649006944,3201.3435696408665,-15.863473333333332,29.05354833333333,Borehole/Tubewell,Hand Pump - India Mark,Well,Hand Pump,Lusaka,False,1,Kafue,2014,5GPF43P3+JC7
21.0,92.0,98513.13955995068,33551.87935707724,47451.05865956917,41571.91111984148,7920.311738692911,-15.837281666666668,29.091705,Borehole/Tubewell,Hand Pump - India Mark,Well,Hand Pump,Lusaka,False,1,Kafue,2014,5GPF537R+3MP
3.0,248.0,84989.9627761711,41794.38970403283,71865.23604402338,32546.128152063506,16094.03893916814,-15.3435,29.0702,Borehole/Tubewell,,Well,,Lusaka,False,1,Rufunsa,2021,5GPFM34C+J34
4.0,536.0,80851.90813298158,36882.45610783006,67290.64240195879,30558.964976875304,15668.796229417556,-15.26028,29.01769,Borehole/Tubewell,Hand Pump,Well,Hand Pump,Lusaka,False,1,Rufunsa,2021,5GPFP2Q9+W38
3.0,347.0,84047.47866375439,40080.45154592832,70491.27426015177,33622.37740349339,18631.407770650712,-15.25593,29.04716,Borehole/Tubewell,,Well,,Lusaka,False,1,Rufunsa,2021,5GPFP2VW+JVF
7.0,347.0,,33940.489036301755,44646.87168500728,42180.27380596134,4191.467959819359,-14.98105,23.42395,Borehole/Tubewell,Hand Pump - India Mark,Well,Hand Pump,Western,False,1,Limulunga,2018,5GQ52C9F+HHP
8.0,132.0,,8199.93455752251,151595.26324576975,5848.871741792974,8829.933061696025,-14.8725,24.77881944,Borehole/Tubewell,Hand Pump,Well,Hand Pump,Western,False,1,Kaoma,2017,5GQ64QHH+2G4
10.0,76.0,,11649.091686724025,158352.0357435642,8865.284580488149,12144.395599795507,-14.8937,24.84973,Borehole/Tubewell,Hand Pump,Well,Hand Pump,Western,False,1,Nkeyema,2018,5GQ64R4X+FXQ
8.0,206.0,,14144.175078046552,160326.94123815242,12013.79059568206,14282.669255866958,-14.8782,24.90325,Borehole/Tubewell,Hand Pump,Well,Hand Pump,Western,False,1,Nkeyema,2017,5GQ64WC3+P8C
10.0,269.0,,6575.373600728467,144012.83769043902,6347.875379493696,6650.855489575101,-14.8153,24.73929722,Borehole/Tubewell,Hand Pump,Well,Hand Pump,Western,False,1,Kaoma,2018,5GQ65PMQ+VPM
9.0,902.0,,9541.76044537726,154395.1286582012,8339.254394733385,9401.356731114707,-14.8282,24.88265833,Borehole/Tubewell,Hand Pump,Well,Hand Pump,Western,False,1,Kaoma,2018,5GQ65VCM+P3F
11.0,656.0,,5060.784935794031,143277.55946890108,4390.48693492625,1295.2819661475446,-14.75529722,24.80184972,Borehole/Tubewell,Hand Pump,Well,Hand Pump,Western,False,1,Kaoma,2018,5GQ66RV2+VPQ
,2334.0,,70407.87551379747,88037.3134784581,7655.18353530647,25.347419011985828,-14.55319,24.19647,Protected Well,Hand Pump,Well,Hand Pump,Western,False,1,Kaoma,2019,5GQ6C5WW+PHH
5.0,108.0,,28275.72140145502,133256.36853709124,27694.75260655173,251.3898484127005,-14.56397222,24.89688889,Borehole/Tubewell,Hand Pump - India Mark,Well,Hand Pump,Western,False,1,Kaoma,2018,5GQ6CVPW+CQ6
5.0,125.0,,27431.84354509848,137638.14163809686,26918.668172803948,4222.265587195759,-14.5885,24.9299,Borehole/Tubewell,Hand Pump,Well,Hand Pump,Western,False,1,Kaoma,2014,5GQ6CW6H+JX2
9.0,195.0,,33106.285835113085,137655.1799239823,32617.221244013235,6735.5308776715865,-14.5528,24.97033889,Borehole/Tubewell,Hand Pump,Well,Hand Pump,Western,False,1,Kaoma,2018,5GQ6CXWC+V4P
,1341.0,,71338.23586293079,86161.28435863485,6102.1076664581815,1222.0277824543457,-14.53531,24.1951,Protected Well,Hand Pump,Well,Hand Pump,Western,False,1,Kaoma,2021,5GQ6F57W+V2H
,2642.0,,69933.68350439197,87579.95066788101,6411.697137913028,250.04500188879533,-14.54515,24.20485,Protected Well,Hand Pump,Well,Hand Pump,Western,False,1,Kaoma,2019,5GQ6F633+WWX
,2937.0,,70158.95950224891,87447.29760883203,6501.4715730135,99.22948643716724,-14.54474,24.20275,Protected Well,Hand Pump,Well,Hand Pump,Western,False,1,Kaoma,2019,5GQ6F643+442
,2216.0,,70263.86785730788,86827.77592717147,5721.240792064808,341.1261109018441,-14.53767,24.20495,Protected Well,Hand Pump,Well,Hand Pump,Western,False,1,Kaoma,2021,5GQ6F663+WXM
,2252.0,,70076.45559566737,86973.74344106167,5697.789024434524,161.0037698129292,-14.53844,24.2065,Protected Well,Hand Pump,Well,Hand Pump,Western,False,1,Kaoma,2021,5GQ6F664+JJC
0.0,0.0,,40367.76314170172,107383.42821996192,19705.65486526781,28282.7055161633,-14.49483,24.594654,Borehole/Tubewell,Hand Pump,Well,Hand Pump,Western,False,1,Kaoma,2018,5GQ6GH4V+3V6
11.0,94.0,,39468.42690715509,127953.53325122665,38932.12220524639,1792.58863710857,-14.4868,24.97216944,Borehole/Tubewell,Hand Pump,Well,Hand Pump,Western,False,1,Kaoma,2018,5GQ6GX7C+7VM
,0.0,,68262.68410467838,56554.93119662148,25077.545207012958,35376.13245473125,-14.21546,24.21084,Protected Well,Hand Pump,Well,Hand Pump,Western,False,1,Lukulu,2021,5GQ6Q6M6+R88
7.0,104.0,,39887.15627047272,173347.8924535762,38812.05457034471,340.306522928938,-14.8598,25.16416667,Borehole/Tubewell,Hand Pump,Well,Hand Pump,Western,False,1,Nkeyema,2018,5GQ745R7+3MM
0.0,83.0,,31750.266025398243,167031.78621833786,30774.63843011572,6692.962241600561,-14.840068,25.0907757,Borehole/Tubewell,Hand Pump,Well,Hand Pump,Western,False,1,Nkeyema,2018,5GQ7535R+X8C
5.0,3.0,,27725.476199264584,149427.3486248663,27600.32469265808,19433.801414152254,-14.68836111,25.02861111,Borehole/Tubewell,Hand Pump - India Mark,Well,Hand Pump,Western,False,1,Nkeyema,2018,5GQ7826H+MC5
38.0,272.0,67523.86779963676,59162.10485959561,55979.5879639111,9874.378112335564,729.1621681311447,-14.996376666666666,27.826313333333328,Borehole/Tubewell,Hand Pump - India Mark,Well,Hand Pump,Central,False,1,Chibombo,2014,5GQ92R3G+CGW
9.0,345.0,60781.7863311921,47352.27247538999,48501.00033144431,7622.72316774522,8020.87232749415,-14.982093333333331,27.935868333333328,Borehole/Tubewell,Hand Pump - India Mark,Well,Hand Pump,Central,False,1,Chibombo,2014,5GQ92W9P+589
9.0,264.0,63582.20609023588,47463.5168302699,51173.81468168093,4131.683596634964,4635.213161776209,-14.950498333333334,27.935893333333336,Borehole/Tubewell,Hand Pump - India Mark,Well,Hand Pump,Central,False,1,Chibombo,2014,5GQ92WXP+R92
14.0,585.0,82297.41500285735,70001.99003960413,70667.11466436947,201.472536246864,251.81610692087983,-14.900571666666668,27.730543333333337,Borehole/Tubewell,Hand Pump - India Mark,Well,Hand Pump,Central,False,1,Chibombo,2014,5GQ93PXJ+Q6F
3.0,337.0,77676.78960393205,63811.40576384944,65780.16680222178,44.74967648082018,1371.2040583329208,-14.9040688,27.7880933,Borehole/Tubewell,,Well,,Central,False,1,Chibombo,2021,5GQ93QWQ+96G
4.0,423.0,63573.35233677297,46494.91090899509,51100.66261656586,3446.574772864425,3698.097753150499,-14.944045,27.94544166666667,Borehole/Tubewell,Hand Pump - India Mark,Well,Hand Pump,Central,False,1,Chibombo,2014,5GQ93W4W+95P
21.0,240.0,63875.44776582382,45322.46948426616,51321.74775711136,2559.344014636416,2559.344014636416,-14.932853333333332,27.957561666666667,Borehole/Tubewell,Hand Pump - India Mark,Well,Hand Pump,Central,False,1,Chibombo,2014,5GQ93X85+V23
10.0,240.0,118503.1033838172,32659.179313672244,108320.59429966495,10893.956424267835,15891.58963335134,-14.863451666666666,27.337996666666665,Borehole/Tubewell,Hand Pump - India Mark,Well,Hand Pump,Central,False,1,Chibombo,2014,5GQ948PQ+J59
9.0,122.0,119510.85283571114,33188.7192115692,109242.06050159132,12506.486295694023,17346.968057420763,-14.848838333333331,27.33622666666667,Borehole/Tubewell,Hand Pump - India Mark,Well,Hand Pump,Central,False,1,Chibombo,2014,5GQ9582P+FF9
18.0,191.0,81996.62142079318,59192.291447242445,69464.03894035278,11936.544918257228,4508.536065325141,-14.80068,27.857781666666664,Protected Well,Hand Pump - India Mark,Well,Hand Pump,Central,False,1,Chibombo,2014,5GQ95VX5+P4F
11.0,219.0,124880.93721402244,35432.078647395,114302.13252387496,19739.710466263223,23725.618302383817,-14.785551666666668,27.31897666666667,Borehole/Tubewell,Hand Pump - India Mark,Well,Hand Pump,Central,False,1,Chibombo,2014,5GQ96879+QHH
9.0,191.0,124777.16869445672,35513.82427725428,114195.43570106178,19680.430085511947,23729.93106247294,-14.785679999999996,27.320051666666668,Borehole/Tubewell,Hand Pump - India Mark,Well,Hand Pump,Central,False,1,Chibombo,2014,5GQ9687C+P2F
9.0,105.0,97044.18325320436,66584.21112538673,85252.20216356062,8291.82209679901,1302.9958446108492,-14.79259,27.647659999999995,Borehole/Tubewell,Hand Pump - India Mark,Well,Hand Pump,Central,False,1,Chibombo,2014,5GQ96J4X+X37
1.0,146.0,87845.86451824017,64640.1367891465,75348.15730695474,15821.528229930547,37.68517533415084,-14.762759999999998,27.81845,Borehole/Tubewell,Hand Pump - India Mark,Well,Hand Pump,Central,False,1,Chibombo,2014,5GQ96RP9+V9W
16.0,248.0,82617.4087429569,56078.66600717874,69919.55805567002,15949.65272650601,125.16427917458374,-14.766866666666663,27.90323166666667,Borehole/Tubewell,Hand Pump - India Mark,Well,Hand Pump,Central,False,1,Chibombo,2014,5GQ96WM3+775
24.0,333.0,77605.50787431169,47577.081113681415,64815.35172224703,12837.22293768746,7889.742515345895,-14.776618333333332,27.986473333333333,Borehole/Tubewell,Hand Pump - India Mark,Well,Hand Pump,Central,False,1,Chibombo,2014,5GQ96XFP+9H5
15.0,61.0,104900.7475759959,66631.03620343501,92945.62415651302,16363.252001044635,2585.71279714079,-14.72179,27.618206666666666,Borehole/Tubewell,Hand Pump - India Mark,Well,Hand Pump,Central,False,1,Chibombo,2014,5GQ97JH9+77P
9.0,113.0,97844.14825225234,76206.90629454669,85548.04978916241,18015.311894940944,10236.578062047149,-14.721176666666668,27.719864999999995,Borehole/Tubewell,Hand Pump - India Mark,Well,Hand Pump,Central,False,1,Chibombo,2014,5GQ97PH9+GWH
9.0,105.0,89253.1977108355,65433.53646690094,76732.34071292386,17353.259068862444,1507.0418029802488,-14.748685,27.81646166666667,Borehole/Tubewell,Hand Pump - India Mark,Well,Hand Pump,Central,False,1,Chibombo,2014,5GQ97R28+GHG
12.0,146.0,89509.08705448553,63745.32225082767,76889.71807756956,19719.10156355419,3458.580206279,-14.729391666666666,27.842696666666665,Borehole/Tubewell,Hand Pump - India Mark,Well,Hand Pump,Central,False,1,Chibombo,2014,5GQ97RCV+63W
12.0,146.0,83804.87157544472,52389.53149858247,71013.44723228172,19042.26901498957,8374.190256429903,-14.723921666666667,27.966548333333336,Borehole/Tubewell,Hand Pump - India Mark,Well,Hand Pump,Central,False,1,Chibombo,2014,5GQ97XG8+CJM
9.0,69.0,130001.19292110264,42390.04347240664,118974.21703836133,30998.14926176227,14552.792611528,-14.69968,27.32420666666667,Borehole/Tubewell,Hand Pump - India Mark,Well,Hand Pump,Central,False,1,Chibombo,2014,5GQ9882F+4MG
16.0,73.0,123897.10284055264,54703.58511527436,112301.81436308044,28788.950286184117,9617.323632273929,-14.653746666666668,27.438635,Borehole/Tubewell,Hand Pump - India Mark,Well,Hand Pump,Central,False,1,Chibombo,2014,5GQ98CWQ+GF2
9.0,117.0,116182.64220730025,59213.31344509508,104436.62260022004,23864.27163363281,7761.834292037372,-14.679191666666668,27.512833333333333,Borehole/Tubewell,Hand Pump - India Mark,Well,Hand Pump,Central,False,1,Chibombo,2014,5GQ98GC7+84G
21.0,113.0,110941.37518393648,65735.72728795646,98954.84156099,21916.00935850684,140.1513763623201,-14.678018333333334,27.58424833333333,Borehole/Tubewell,Hand Pump - India Mark,Well,Hand Pump,Central,False,1,Chibombo,2014,5GQ98HCM+QMX
1.0,109.0,105144.18786310728,73677.39876432321,92891.18589836454,21233.22566397432,8690.355822621934,-14.676881,27.668184,Borehole/Tubewell,,Well,,Central,False,1,Chibombo,2021,5GQ98MF9+67V
10.0,386.0,96634.36428045612,71346.22749108731,84087.78109957886,23582.356438978964,8875.18685806323,-14.689353333333337,27.784315,Borehole/Tubewell,Hand Pump - India Mark,Well,Hand Pump,Central,False,1,Chibombo,2014,5GQ98Q6M+7P4
16.0,89.0,125902.35449162975,54454.036352133415,114310.21708232246,30528.965795749053,8878.511971541111,-14.642151666666669,27.424291666666665,Borehole/Tubewell,Hand Pump - India Mark,Well,Hand Pump,Central,False,1,Chibombo,2014,5GQ99C5F+4PM
15.0,162.0,123357.6253984996,57606.69626683783,111636.31396460193,29728.784017685808,6887.569395788551,-14.63836,27.460665,Borehole/Tubewell,Hand Pump - India Mark,Well,Hand Pump,Central,False,1,Chibombo,2014,5GQ99F66+M73
9.0,138.0,119849.11673816796,65729.005100327,107812.01458609175,30373.00631155034,288.08906572606975,-14.611676666666664,27.536305,Borehole/Tubewell,Hand Pump - India Mark,Well,Hand Pump,Central,False,1,Chibombo,2014,5GQ99GQP+8GF
10.0,1167.0,114002.27989030836,68741.20659816597,101875.09760875454,26245.9872071104,1.7078781075760616,-14.63622,27.589828333333337,Borehole/Tubewell,Hand Pump - India Mark,Well,Hand Pump,Central,False,1,Chibombo,2014,5GQ99H7Q+GW8
10.0,1147.0,113889.93348517016,69014.85016345243,101753.17159420472,26271.68426556834,183.09489878182023,-14.635445,27.59235833333333,Borehole/Tubewell,Hand Pump - India Mark,Well,Hand Pump,Central,False,1,Chibombo,2014,5GQ99H7R+RWH
7.0,1155.0,113650.4545597663,69012.56895352075,101514.94030231552,26047.350569462164,111.0990807662066,-14.637263333333332,27.593595,Borehole/Tubewell,Hand Pump - India Mark,Well,Hand Pump,Central,False,1,Chibombo,2014,5GQ99H7V+3CX
9.0,471.0,114878.58188406196,68274.4524926905,102764.59100660388,26852.15844093757,424.9765530046892,-14.632431666666664,27.581886666666666,Borehole/Tubewell,Hand Pump - India Mark,Well,Hand Pump,Central,False,1,Chibombo,2014,5GQ99H9J+2QC
20.0,321.0,114869.7365274424,69634.45621964471,102706.27976106042,27477.422168658104,772.3032259361395,-14.624471666666668,27.591573333333333,Borehole/Tubewell,Hand Pump - India Mark,Well,Hand Pump,Central,False,1,Chibombo,2014,5GQ99HGR+6J8
9.0,154.0,104414.37962909714,79780.14871089894,91959.13330326063,25431.23716421414,13535.851211204612,-14.648551666666666,27.717818333333337,Borehole/Tubewell,Hand Pump - India Mark,Well,Hand Pump,Central,False,1,Chibombo,2014,5GQ99P29+H4G
9.0,260.0,128010.17764428558,63469.27431315195,116051.5508993078,36632.19445980791,36.35227417851392,-14.571153333333331,27.46958833333333,Borehole/Tubewell,Hand Pump - India Mark,Well,Hand Pump,Central,False,1,Chibombo,2014,5GQ9CFH9+GRP
9.0,252.0,127729.65369595763,63784.66719799159,115759.11840839437,36534.66242307795,138.62884677430273,-14.570971666666669,27.473615,Borehole/Tubewell,Hand Pump - India Mark,Well,Hand Pump,Central,False,1,Chibombo,2014,5GQ9CFHF+JC9
10.0,1370.0,48578.81121144571,25525.024365473077,35843.64848786803,15696.617430867658,5624.576450126711,-14.999791666666663,28.13967,Borehole/Tubewell,Hand Pump - India Mark,Well,Hand Pump,Central,False,1,Chibombo,2014,5GQC242Q+3VM
24.0,233.0,64005.18331552965,35773.80599976222,51216.17949185662,101.08315928947049,12305.917786483817,-14.879795,28.05990333333333,Protected Well,Hand Pump - India Mark,Well,Hand Pump,Central,False,1,Chibombo,2014,5GQC43C5+3XJ
21.0,423.0,77739.852401539,44654.98902279375,64963.77016349392,13933.67301858789,12865.064117276925,-14.758221666666667,28.02931,Borehole/Tubewell,Hand Pump - India Mark,Well,Hand Pump,Central,False,1,Chibombo,2014,5GQC62RH+PP7
9.0,767.0,77515.47645139822,42109.48206026011,64794.28641398547,14622.194289157398,16925.57032356826,-14.748243333333336,28.065603333333332,Borehole/Tubewell,Hand Pump - India Mark,Well,Hand Pump,Central,False,1,Chibombo,2014,5GQC7328+P65
9.0,455.0,83066.01813369968,45560.658673730046,70390.24639127874,20612.49830419406,19775.83102099551,-14.694288333333336,28.071116666666665,Borehole/Tubewell,Hand Pump - India Mark,Well,Hand Pump,Central,False,1,Chibombo,2014,5GQC834C+7CQ
8.0,3966.0,83165.3056050362,44179.96451912772,70483.70795398155,21797.197807083627,22677.845152651757,-14.686558333333334,28.09755333333333,Borehole/Tubewell,Hand Pump - India Mark,Well,Hand Pump,Central,False,1,Chibombo,2014,5GQC837X+92F
25.0,3734.0,83352.18641782297,44289.55155625225,70670.23422830195,22013.65542105501,22834.295252323103,-14.684676666666666,28.098153333333336,Protected Well,Hand Pump - India Mark,Well,Hand Pump,Central,False,1,Chibombo,2014,5GQC838X+47C
24.0,2945.0,85857.23914974742,46873.00040666782,73184.21738723945,23673.870139504677,21730.004456962422,-14.66685,28.075875,Protected Well,Hand Pump - India Mark,Well,Hand Pump,Central,False,1,Chibombo,2014,5GQC83MG+796
6.0,3238.0,85896.9502407697,46816.20175834767,73223.61454697684,23726.695508565623,21785.55180787564,-14.666393333333334,28.076203333333336,Borehole/Tubewell,Hand Pump - India Mark,Well,Hand Pump,Central,False,1,Chibombo,2014,5GQC83MG+CFW
28.0,3189.0,86637.5614552611,46758.08392693916,73965.27998616303,24378.37239814818,21826.36311456654,-14.660301666666664,28.07298833333333,Protected Well,Hand Pump - India Mark,Well,Hand Pump,Central,False,1,Chibombo,2014,5GQC83QF+V5H
8.0,2891.0,82584.01687176038,43039.53519810299,69899.98813999954,21839.235748831867,23808.24443838863,-14.68894,28.11063166666667,Borehole/Tubewell,Hand Pump - India Mark,Well,Hand Pump,Central,False,1,Chisamba,2014,5GQC8466+C7C
,224.0,176764.04653597032,13910.817817800951,29657.29069688958,56851.254103856016,140.3104708504581,-12.376725,25.935736,Protected Well,Hand Pump,Well,Hand Pump,North-Western,False,1,Solwezi,2021,5GV7JWFP+879
1.0,50.0,80067.78060088135,60192.32098532263,59831.96091202663,53918.77260807779,26184.65408755946,-12.355695,27.265338333333336,Borehole/Tubewell,Hand Pump - India Mark,Well,Hand Pump,North-Western,False,1,Mushindano,2014,5GV9J7V8+P4G
9.0,1119.0,80935.03727409802,55207.73472753111,54827.82906767985,56094.7495999066,23437.446260872177,-12.378425,27.321318333333338,Borehole/Tubewell,Rope and Bucket,Well,Rope and Bucket,Copperbelt,False,1,Chingola,2014,5GV9J8CC+JGP
12.0,386.0,212649.38662444247,82897.80734513878,46062.61426776326,82327.89908725793,12334.386790543827,-12.827981666666668,30.86738833333333,Borehole/Tubewell,Hand Pump - India Mark,Well,Hand Pump,Muchinga,False,1,Lavushimanda,2014,5GVG5VC8+RX2
0.0,368.0,212815.49458654912,82926.52982484543,46028.65044864664,82363.03105819828,12542.922892605196,-12.826213333333332,30.866544999999995,Borehole/Tubewell,Hand Pump - India Mark,Well,Hand Pump,Muchinga,False,1,Lavushimanda,2014,5GVG5VF8+GJ7
15.0,377.0,212624.6593195737,83072.3205482395,46206.67256245055,82504.74329965004,12476.854362920118,-12.826518333333334,30.868341666666662,Protected Well,Rope and Bucket,Well,Rope and Bucket,Muchinga,False,1,Lavushimanda,2014,5GVG5VF9+98W
11.0,40.0,202842.5131036641,95008.49957479432,58783.42774811979,94324.45958860216,17126.28357148049,-12.801338333333335,30.98146,Protected Well,Rope and Bucket,Well,Rope and Bucket,Muchinga,False,1,Lavushimanda,2014,5GVG5XXJ+FH8
3.0,72.0,210178.9765851291,92333.73177962392,54525.68521498201,91834.18562289454,19973.70600644651,-12.761251666666665,30.926585,Borehole/Tubewell,Hand Pump - India Mark,Well,Hand Pump,Muchinga,False,1,Lavushimanda,2014,5GVG6WQG+FJW
8.0,69.0,210557.38364455337,92549.8038489954,54531.60235918451,92064.6113697913,20504.058408870285,-12.756118333333331,30.92540166666667,Protected Well,Rope and Bucket,Well,Rope and Bucket,Muchinga,False,1,Lavushimanda,2014,5GVG6WVG+H52
3.0,23.0,203390.5098218816,96154.3754531922,60185.50372221734,96277.07596408222,19730.23929980316,-12.778433333333332,30.98803,Protected Well,Rope and Bucket,Well,Rope and Bucket,Muchinga,False,1,Lavushimanda,2014,5GVG6XCQ+J6C
3.0,52.0,205188.9033509493,97579.59512173026,62099.693672638256,99578.3821044007,24719.744647428903,-12.733731666666666,30.99413666666667,Protected Well,Rope and Bucket,Well,Rope and Bucket,Muchinga,False,1,Lavushimanda,2014,5GVG7X8V+GM2
9.0,170.0,224501.4209775954,101023.92327844274,28654.38927495681,87519.41947815182,57502.53330627248,-12.406205,30.621901666666663,Borehole/Tubewell,Hand Pump - India Mark,Well,Hand Pump,Muchinga,False,1,Lavushimanda,2012,5GVGHJVC+GQ6
9.0,1606.0,225728.6427775407,100178.77765213492,37291.66620883554,99797.78490259644,46458.31905087807,-12.242883333333335,30.577594999999995,Borehole/Tubewell,Hand Pump - India Mark,Well,Hand Pump,Muchinga,False,1,Lavushimanda,2012,5GVGQH4H+R2X
10.0,613.0,222166.22937083268,103421.26118986848,43697.73938295614,109858.5450918508,39601.077077062095,-12.102758333333334,30.49065,Borehole/Tubewell,Hand Pump - India Mark,Well,Hand Pump,Muchinga,False,1,Lavushimanda,2012,5GVGVFWR+V7R
5.0,372.0,223211.38085477584,102294.82672812093,43110.43699122715,108368.79527321318,39892.17615709145,-12.122441666666669,30.507515,Borehole/Tubewell,Hand Pump - India Mark,Well,Hand Pump,Muchinga,False,1,Lavushimanda,2012,5GVGVGH5+22C
11.0,527.0,222250.5001089708,103413.20375903371,44479.5120172536,110759.76074054274,38835.43498095683,-12.091498333333334,30.48749833333333,Borehole/Tubewell,Hand Pump - India Mark,Well,Hand Pump,Muchinga,False,1,Lavushimanda,2012,5GVGWF5P+CX5
7.0,520.0,221429.5758102772,104368.61787154872,44788.85779948426,111264.102794968,38683.57051603617,-12.079309999999998,30.475111666666667,Borehole/Tubewell,Hand Pump - India Mark,Well,Hand Pump,Muchinga,False,1,Lavushimanda,2012,5GVGWFCG+72H
0.0,78.0,199288.68975112317,92135.32419752656,62683.43092424215,97444.87390065395,18023.21679568243,-12.801044999999998,31.01855,Borehole/Tubewell,Hand Pump - India Mark,Well,Hand Pump,Muchinga,False,1,Lavushimanda,2014,5GVH52X9+HCM
5.0,78.0,203835.99113006957,96225.97654541826,63273.36339131167,100232.06522277591,24316.765102442583,-12.739209999999998,31.005281666666665,Borehole/Tubewell,Hand Pump - India Mark,Well,Hand Pump,Muchinga,False,1,Lavushimanda,2014,5GVH7264+642
4.0,174.0,210373.9697387418,97729.85459111568,64430.89234386195,104999.17729492426,35975.948130412,-12.631805000000002,31.000453333333333,Borehole/Tubewell,Hand Pump - India Mark,Well,Hand Pump,Muchinga,False,1,Lavushimanda,2014,5GVH9292+75G
12.0,156.0,212144.62458728257,89230.2017592819,69231.60104756369,109081.43111247878,44301.57597533895,-12.559905,31.029046666666662,Borehole/Tubewell,Hand Pump - India Mark,Well,Hand Pump,Muchinga,False,1,Lavushimanda,2014,5GVHC2RH+2JM
12.0,156.0,212287.0730264851,89126.54757514225,69169.11449776238,109224.4138291352,44440.34533422131,-12.558533333333331,31.028415000000003,Borehole/Tubewell,Hand Pump - India Mark,Well,Hand Pump,Muchinga,False,1,Lavushimanda,2014,5GVHC2RH+H9M
14.0,357.0,214506.1244577534,79497.7378354927,73294.86534796958,111195.13076525876,51914.31171195691,-12.477776666666667,31.06237,Borehole/Tubewell,Hand Pump - India Mark,Well,Hand Pump,Muchinga,False,1,Lavushimanda,2014,5GVHG3C6+VWQ
4.0,313.0,214443.3785097976,79428.34208910569,73395.30638249977,111127.0652164782,51899.34043770615,-12.477536666666667,31.06327666666667,Borehole/Tubewell,Hand Pump - India Mark,Well,Hand Pump,Muchinga,False,1,Lavushimanda,2014,5GVHG3C7+X8J
3.0,208.0,218508.3635476491,67654.20306124892,67266.46420134394,112776.20744673251,58136.08744472341,-12.375141666666666,31.09833833333333,Protected Well,Hand Pump - Rope,Well,,Muchinga,False,1,Lavushimanda,2012,5GVHJ3FX+W8W
13.0,208.0,218558.8534971352,67666.39424255978,67276.88819818312,112830.15228844305,58155.62628023028,-12.375,31.097853333333333,Borehole/Tubewell,Hand Pump - India Mark,Well,Hand Pump,Muchinga,False,1,Lavushimanda,2014,5GVHJ3GX+245
4.0,387.0,228100.40062128176,50851.33687532488,50212.43313106003,119258.46727050302,42793.95516086049,-12.213443333333332,31.127623333333336,Borehole/Tubewell,Hand Pump - India Mark,Well,Hand Pump,Muchinga,False,1,Mpika,2014,5GVHQ4PH+J2H
0.0,554.0,224153.06158423936,42958.47156552244,42603.53657574982,109060.10482660746,33798.51201559712,-12.18154,31.211391666666668,Borehole/Tubewell,Hand Pump - India Mark,Well,Hand Pump,Muchinga,False,1,Mpika,2014,5GVHR696+9HJ
15.0,4030.0,228033.2728067132,21594.894945330827,21663.07106338582,88078.97228034597,11940.376676884593,-12.026373333333334,31.337926666666664,Borehole/Tubewell,Hand Pump - India Mark,Well,Hand Pump,Muchinga,False,1,Mpika,2014,5GVHX8FQ+F53
11.0,3321.0,215120.42210863603,112960.72232146916,48916.220058990846,119264.51119206149,41062.013123442855,-11.98738,30.37614333333333,Borehole/Tubewell,Hand Pump - India Mark,Well,Hand Pump,Muchinga,False,1,Lavushimanda,2012,5GWG297G+2FR
1.0,3694.0,215702.41773730773,112721.84665509417,50156.01528416237,118539.2498822888,40422.89892741916,-11.975398333333333,30.376698333333334,Borehole/Tubewell,Hand Pump - India Mark,Well,Hand Pump,Muchinga,False,1,Lavushimanda,2012,5GWG29FG+RMW
9.0,1490.0,270168.33619827643,62599.9417798065,54162.325420560046,82333.80396700528,102.55301039167465,-11.773303333333336,30.832245,Borehole/Tubewell,Hand Pump - India Mark,Well,Hand Pump,Muchinga,False,1,Kanchibiya,2014,5GWG6RGJ+MVH
14.0,1156.0,269470.79557191377,64240.23432431166,54921.25330871717,82143.59794224701,19.65262275551381,-11.759371666666668,30.818953333333337,Protected Well,Hand Pump - India Mark,Well,Hand Pump,Muchinga,False,1,Kanchibiya,2014,5GWG6RR9+7H4
5.0,1009.0,257499.716471166,81307.95551824977,68745.87511928484,89297.40781074938,1305.3675681563643,-11.702821666666669,30.66991666666667,Borehole/Tubewell,Hand Pump - Rope,Well,,Muchinga,False,1,Kanchibiya,2014,5GWG7MW9+VXF
5.0,380.0,255216.5615332103,90497.49607907866,72888.93798345044,89842.12116378611,29.38917721064962,-11.622621666666666,30.602621666666664,Borehole/Tubewell,Hand Pump - Rope,Well,,Muchinga,False,1,Kanchibiya,2014,5GWG9JG3+X25
10.0,349.0,255398.45827565715,90310.02189737788,72694.7734455111,89666.15327849018,119.46066942634522,-11.622469999999998,30.60445,Borehole/Tubewell,Hand Pump - India Mark,Well,Hand Pump,Muchinga,False,1,Kanchibiya,2014,5GWG9JH3+2Q8
1.0,434.0,228116.07578445377,14148.091362643858,14239.364604732242,81092.5262058234,1633.3398019846554,-11.969216666666666,31.413476666666664,Borehole/Tubewell,Hand Pump - India Mark,Well,Hand Pump,Muchinga,False,1,Mpika,2014,5GWH2CJ7+899
2.0,1142.0,228648.4318384484,12884.91323522442,12640.137279832612,79595.45119880878,66.72958300241058,-11.956451666666664,31.4232,Borehole/Tubewell,Hand Pump - India Mark,Well,Hand Pump,Muchinga,False,1,Mpika,2014,5GWH2CVF+C78
2.0,2058.0,233007.24142062195,7430.218517826258,6537.75653750683,73518.1017067972,283.3810051317998,-11.902053333333331,31.432538333333333,Borehole/Tubewell,Hand Pump - India Mark,Well,Hand Pump,Muchinga,False,1,Mpika,2014,5GWH3CXM+52F
1.0,187.0,226945.2855102763,14930.453998077404,11136.639673090966,74409.95836683104,7632.815582511327,-11.910726666666667,31.520245,Borehole/Tubewell,Hand Pump - India Mark,Well,Hand Pump,Muchinga,False,1,Mpika,2014,5GWH3GQC+P35
3.0,341.0,246162.42568448535,18038.970974452102,15454.061614219803,74011.01819187871,8732.883571475833,-11.890359999999998,31.24439,Borehole/Tubewell,Hand Pump - India Mark,Well,Hand Pump,Muchinga,False,1,Kanchibiya,2014,5GWH465V+VQ2
2.0,80.0,243879.6153454593,15037.578572829194,13087.97620916963,73869.4872856675,8605.533990072683,-11.893313333333332,31.27472,Borehole/Tubewell,Hand Pump - India Mark,Well,Hand Pump,Muchinga,False,1,Mpika,2014,5GWH474F+MVH
3.0,310.0,255448.5212404753,20180.94747319531,13491.104068383054,64848.27759012513,9.468660717197452,-11.80159,31.221795,Protected Well,Hand Pump,Well,Hand Pump,Muchinga,False,1,Kanchibiya,2014,5GWH56XC+9P7
4.0,768.0,251194.1078390875,15526.841648225873,10518.556342113676,66050.6548365494,755.8319034179389,-11.820206666666666,31.261641666666662,Borehole/Tubewell,Hand Pump - India Mark,Well,Hand Pump,Muchinga,False,1,Kanchibiya,2014,5GWH57H6+WM6
11.0,807.0,251207.78979746983,15502.07680601439,10469.788975470094,66005.92462939912,706.7026611129652,-11.819841666666663,31.26193,Borehole/Tubewell,Hand Pump - India Mark,Well,Hand Pump,Muchinga,False,1,Kanchibiya,2014,5GWH57J6+3Q7
13.0,465.0,247096.08512432568,8498.823181331163,3548.175284381713,65129.76808022255,17.61328347270161,-11.818461666666668,31.32812333333333,Borehole/Tubewell,Hand Pump - India Mark,Well,Hand Pump,Muchinga,False,1,Kanchibiya,2014,5GWH58JH+J69
3.0,5380.0,241639.0310624577,1760.265369243157,253.1523535291884,67086.46078044144,1424.72287967502,-11.838455,31.38663833333333,Borehole/Tubewell,Hand Pump - India Mark,Well,Hand Pump,Muchinga,False,1,Mpika,2014,5GWH596P+JM6
1.0,7880.0,238677.87856191923,3991.293250447818,475.6596380311836,66225.03041673984,6260.461974774044,-11.836386666666666,31.43865166666667,Borehole/Tubewell,Motorized Pump,Well,Motorized Pump,Muchinga,True,1,Mpika,2014,5GWH5C7Q+CFR
2.0,1965.0,240529.61998541217,2678.0780103499947,659.8368306241125,65358.120125548194,4888.787660111097,-11.827138333333334,31.422005,Borehole/Tubewell,Hand Pump - India Mark,Well,Hand Pump,Muchinga,False,1,Mpika,2014,5GWH5CFC+4RR
9.0,12572.0,238214.578985101,6413.366604204592,2473.8417549305195,65179.602556522375,4790.650069680902,-11.828015,31.459606666666662,Borehole/Tubewell,Hand Pump - India Mark,Well,Hand Pump,Muchinga,True,1,Mpika,2014,5GWH5FC5+QRX
9.0,9618.0,237902.444747318,6709.144404885362,2623.689036097949,65322.631639853455,4893.42799219393,-11.82941,31.46271,Borehole/Tubewell,Hand Pump - India Mark,Well,Hand Pump,Muchinga,True,1,Mpika,2014,5GWH5FC7+63P
9.0,12993.0,238509.73587970636,6317.023421771555,2549.381778104944,64941.246094636175,4579.733861123298,-11.825803333333331,31.45809,Borehole/Tubewell,Hand Pump - India Mark,Well,Hand Pump,Muchinga,True,1,Mpika,2014,5GWH5FF5+M6G
4.0,16.0,153849.91640436242,5133.65776792584,110294.08609377728,4791.019090019151,19993.55470831618,-17.40101,27.23218,Borehole/Tubewell,Motorized Pump,Well,Motorized Pump,Southern,False,0,Sinazongwe,2013,5GJ9H6XJ+HVV
9.0,11636.0,238861.6138925997,6125.380818317264,2594.22664668916,64712.68806177242,4392.841011360297,-11.823633333333332,31.455541666666665,Borehole/Tubewell,Hand Pump - India Mark,Well,Hand Pump,Muchinga,True,1,Mpika,2014,5GWH5FG4+G6V
6.0,13153.0,238793.82955954157,6458.985169419321,2860.1594933640667,64581.237168757165,4220.611297195866,-11.822558333333332,31.45840333333333,Borehole/Tubewell,Hand Pump - India Mark,Well,Hand Pump,Muchinga,True,1,Mpika,2014,5GWH5FG5+X9C
9.0,12726.0,238415.8578929779,6717.304909898072,2893.401217023956,64797.32469367593,4386.921211791426,-11.824623333333331,31.461566666666663,Borehole/Tubewell,Hand Pump - India Mark,Well,Hand Pump,Muchinga,True,1,Mpika,2014,5GWH5FG6+5J4
9.0,11883.0,239023.5610380917,6244.0691383313415,2809.935692645934,64489.52092412848,4167.14240464416,-11.821631666666669,31.45596,Borehole/Tubewell,Hand Pump - India Mark,Well,Hand Pump,Muchinga,True,1,Mpika,2014,5GWH5FH4+89W
3.0,7185.0,239525.61943570737,6987.482390941373,3779.444708066086,63604.01315364878,3235.2197649835525,-11.813773333333332,31.45990833333333,Protected Well,Hand Pump,Well,Hand Pump,Muchinga,False,1,Mpika,2014,5GWH5FP5+FXV
2.0,203.0,228842.07316165228,29836.71600766935,25431.267102152706,64875.88670388513,14019.098968963552,-11.804036666666663,31.673538333333333,Borehole/Tubewell,Hand Pump - India Mark,Well,Hand Pump,Muchinga,False,1,Mpika,2014,5GWH5MWF+9CM
6.0,185.0,228862.7213382193,30000.297193779654,25597.455367358714,64771.74881811355,14024.059613840323,-11.803121666666668,31.674921666666663,Borehole/Tubewell,Hand Pump - India Mark,Well,Hand Pump,Muchinga,False,1,Mpika,2014,5GWH5MWF+QX3
11.0,761.0,241651.17519483867,8202.204908020529,5800.773792674324,61211.37696626504,913.2309647694692,-11.792066666666663,31.458275000000004,Borehole/Tubewell,Hand Pump - India Mark,Well,Hand Pump,Muchinga,False,1,Mpika,2014,5GWH6F55+58C
7.0,962.0,241585.72456260197,8409.689595461743,5963.871787648975,61140.50590170875,800.7033084683205,-11.791503333333331,31.460316666666667,Borehole/Tubewell,Hand Pump - India Mark,Well,Hand Pump,Muchinga,False,1,Mpika,2014,5GWH6F56+94W
8.0,233.0,243171.4485459802,9727.90596755704,7586.465952322004,59284.22474459098,1067.239754893811,-11.774705,31.46015833333333,Borehole/Tubewell,Hand Pump - India Mark,Well,Hand Pump,Muchinga,False,1,Mpika,2014,5GWH6FG6+437
7.0,1517.0,246120.8577569985,14155.462444826217,12184.167101392886,54860.48071942096,5608.011468162017,-11.735061666666663,31.4741,Borehole/Tubewell,Hand Pump - India Mark,Well,Hand Pump,Muchinga,False,1,Mpika,2014,5GWH7F7F+XJH
3.0,481.0,247663.9613155839,16256.242992114798,14352.49959893382,52724.83014487592,7375.490465874799,-11.715800000000002,31.479223333333334,Borehole/Tubewell,Hand Pump - India Mark,Well,Hand Pump,Muchinga,False,1,Mpika,2014,5GWH7FMH+MMQ
3.0,113.0,231100.5624219235,47135.89444503005,42937.89127893517,54620.79714284329,12099.93792396506,-11.71582833333333,31.81558166666667,Borehole/Tubewell,Hand Pump - India Mark,Well,Hand Pump,Muchinga,False,1,Mpika,2014,5GWH7RM8+M68
0.0,36.0,269389.9135781743,29436.287828358,11215.006170444643,49061.44561438191,15774.258186099703,-11.651383333333335,31.21378,Protected Well,Hand Pump - India Mark,Well,Hand Pump,Muchinga,False,1,Kanchibiya,2014,5GWH86X7+CGR
0.0,1002.0,259283.52959303735,19092.013150420786,385.9800191279381,50568.74607848985,13974.9111609481,-11.686505,31.32597333333333,Borehole/Tubewell,Hand Pump - India Mark,Well,Hand Pump,Muchinga,False,1,Mpika,2014,5GWH887G+99X
12.0,1002.0,259581.71873498935,19455.606308162285,181.44456458241527,50039.98559062156,14537.864793302608,-11.681853333333333,31.328166666666668,Borehole/Tubewell,Hand Pump - India Mark,Well,Hand Pump,Muchinga,False,1,Mpika,2014,5GWH889H+773
4.0,401.0,252980.591929646,18433.955308248067,12451.59814151216,48965.56174447311,11644.664758121684,-11.680343333333331,31.44436,Protected Well,Hand Pump,Well,Hand Pump,Muchinga,False,1,Mpika,2014,5GWH8C9V+VP9
4.0,427.0,253218.36532220157,18830.311049049124,12580.370245286516,48584.73490018695,11987.418534993574,-11.677001666666,31.445771666666666,Protected Well,Hand Pump,Well,Hand Pump,Muchinga,False,1,Mpika,2014,5GWH8CFW+58R
1.0,296.0,243092.17936602296,45936.42974476303,42330.41740814174,44769.512775611285,16.960027442518086,-11.621495,31.759651666666667,Borehole/Tubewell,Hand Pump - India Mark,Well,Hand Pump,Muchinga,False,1,Mpika,2014,5GWH9QH5+CV2
2.0,49.0,238404.354787306,55028.17747137693,51285.03947678511,41545.88606849432,36.11763981405527,-11.597426666666667,31.842113333333334,Borehole/Tubewell,Hand Pump - India Mark,Well,Hand Pump,Muchinga,False,1,Mpika,2014,5GWHCR3R+2RH
3.0,777.0,229799.364571704,62853.56549042118,58954.13404614836,42307.87511146932,116.78655408582938,-11.593113333333331,31.920838333333336,Borehole/Tubewell,Hand Pump - India Mark,Well,Hand Pump,Muchinga,False,1,Mpika,2014,5GWHCW4C+Q84
0.0,4718.0,261318.36578618645,61287.17523622021,63290.85869249445,20042.98820901224,153.0988753178452,-10.81873,29.93866,Borehole/Tubewell,Motorized Pump,Well,Motorized Pump,Northern,False,1,Chilubi,2014,5GXF5WJQ+GF3
0.0,3946.0,262045.5557770553,60833.47503321072,63176.69164464245,19353.263855747755,29.181646921662605,-10.81446,29.94408,Borehole/Tubewell,Motorized Pump,Well,Motorized Pump,Northern,False,1,Chilubi,2014,5GXF5WPV+6J8
0.0,1413.0,262742.09015691554,62232.42677265674,64763.20129166109,19366.40361240559,22.412453253707923,-10.82556,29.97081,Borehole/Tubewell,Motorized Pump,Well,Motorized Pump,Northern,False,1,Chilubi,2014,5GXF5XFC+Q8F
0.0,195.0,263270.83237552975,56061.60801944239,56604.86969931115,18388.872138812872,4204.309716963706,-10.77111,29.89988,Borehole/Tubewell,Motorized Pump,Well,Motorized Pump,Northern,False,1,Lupososhi,2014,5GXF6VHX+HX2
0.0,173.0,263896.333712075,57053.14505410724,58861.31542202305,17342.107655102664,3657.2597039920206,-10.78064,29.92441,Borehole/Tubewell,Motorized Pump,Well,Motorized Pump,Northern,False,1,Lupososhi,2014,5GXF6W9F+PQV
0.0,684.0,261048.4707870611,53996.63967308507,49211.43512771916,23807.96476879261,6593.477152997641,-10.74076,29.81428,Borehole/Tubewell,Motorized Pump,Well,Motorized Pump,Northern,False,1,Lupososhi,2014,5GXF7R57+MPR
1.0,358.0,262727.1741343028,51952.51916442127,47082.23359921546,23172.03235599052,8410.192587812595,-10.721,29.811,Borehole/Tubewell,Motorized Pump,Well,Motorized Pump,Northern,False,1,Lupososhi,2014,5GXF7RH6+JC2
0.0,250.0,274513.13952568633,50026.89573979977,52479.8751255893,6733.207358941492,42.67363049609579,-10.71174,29.99435,Borehole/Tubewell,Motorized Pump,Well,Motorized Pump,Northern,False,1,Lupososhi,2014,5GXF7XQV+8P5
0.0,337.0,264062.15060454793,46342.837772984174,43641.22351833695,19244.738666994333,12044.581253618127,-10.674,29.833,Borehole/Tubewell,Motorized Pump,Well,Motorized Pump,Northern,False,1,Lupososhi,2014,5GXF8RGM+C62
0.0,337.0,254331.97952937023,29258.40310030996,31769.77349875175,4876.260223244357,14514.44233119934,-10.529,29.938,Borehole/Tubewell,Motorized Pump,Well,Motorized Pump,Northern,False,1,Luwingu,2014,5GXFFWCQ+C62
0.0,293.0,254895.4574762408,29394.76434463772,31928.22074255248,3755.965557193282,15546.903570163948,-10.5295,29.94839,Borehole/Tubewell,Motorized Pump,Well,Motorized Pump,Northern,False,1,Luwingu,2014,5GXFFWCX+692
0.0,608.0,254127.65399055355,26902.37866009982,29083.08781067313,265.2663915991841,10623.240086488964,-10.498,29.994,Borehole/Tubewell,Motorized Pump,Well,Motorized Pump,Northern,False,1,Luwingu,2014,5GXFGX2V+RJ2
0.0,956.0,248742.6544309153,21235.15766607618,23347.64541135957,35.95066595389222,7778.1549481184065,-10.44659,29.98654,Borehole/Tubewell,Motorized Pump,Well,Motorized Pump,Northern,False,1,Luwingu,2014,5GXFHX3P+9J7
12.0,72.0,310831.2575007805,96908.53912757836,32146.37290349365,51780.8867816522,21247.598362769648,-10.983975000000004,30.775535,Borehole/Tubewell,Hand Pump - India Mark,Well,Hand Pump,Northern,False,1,Kasama,2014,5GXG2Q8G+C67
2.0,51.0,320930.4183840826,85224.61053884299,28938.984405127067,49918.11689633637,21899.41957514912,-10.882433333333331,30.81024333333333,Borehole/Tubewell,Hand Pump - India Mark,Well,Hand Pump,Northern,False,1,Kasama,2014,5GXG4R96+23H
1.0,13.0,323570.3471675193,81294.16866468165,31199.52016550077,47518.72192244965,19829.262699613795,-10.836848333333334,30.802461666666662,Borehole/Tubewell,Hand Pump - India Mark,Well,Hand Pump,Northern,False,1,Kasama,2014,5GXG5R72+7X8
2.0,96.0,329430.20344533527,74170.74565769034,34155.71674019818,46767.65203972392,21072.431887131963,-10.764811666666668,30.80948,Borehole/Tubewell,Hand Pump - India Mark,Well,Hand Pump,Northern,False,1,Kasama,2014,5GXG6RP5+3QH
0.0,43.0,280232.4252937464,57974.20777665308,58312.90758665512,7769.298568781915,10973.388622231096,-10.74703,30.13166,Borehole/Tubewell,Motorized Pump,Well,Motorized Pump,Northern,False,1,Chilubi,2014,5GXG743J+5MM
0.0,608.0,271753.78990192444,45306.38453748313,47550.18870333595,381.7719536937669,159.62710125656594,-10.66225,30.0243,Borehole/Tubewell,Motorized Pump,Well,Motorized Pump,Northern,False,1,Luwingu,2014,5GXG82QF+4P3
0.0,554.0,271091.8575078672,44624.57885346204,46868.95288328137,115.86048230324252,180.15975165660265,-10.65625,30.02287,Borehole/Tubewell,Motorized Pump,Well,Motorized Pump,Northern,False,1,Luwingu,2014,5GXG82VF+G45
0.0,326.0,276883.43582788086,49140.48036513946,49644.26350526508,143.02571449164284,10350.122640723826,-10.66661,30.11565,Borehole/Tubewell,Motorized Pump,Well,Motorized Pump,Northern,False,1,Luwingu,2014,5GXG84M8+972
0.0,228.0,280828.65338840627,52976.9574450221,50051.64678283758,58.39768040827308,4363.53252735574,-10.67405,30.17553,Borehole/Tubewell,Motorized Pump,Well,Motorized Pump,Northern,False,1,Luwingu,2014,5GXG85GG+96J
0.0,141.0,269638.3915953136,43314.277358580846,45604.408415506165,49.35022231719503,1660.9012249102277,-10.64635,30.01328,Borehole/Tubewell,Motorized Pump,Well,Motorized Pump,Northern,False,1,Luwingu,2014,5GXG9237+F86
0.0,217.0,265283.02096161194,38463.35236132823,40663.78294677087,181.51098511189588,6407.391440459288,-10.60029,30.01664,Borehole/Tubewell,Motorized Pump,Well,Motorized Pump,Northern,False,1,Luwingu,2014,5GXG92X8+VMJ
1.0,250.0,274719.592162418,46861.89635340047,46216.059659281855,3722.990260691522,8983.429821333513,-10.63693,30.12875,Borehole/Tubewell,Motorized Pump,Well,Motorized Pump,Northern,False,1,Luwingu,2014,5GXG947H+6GC
1.0,347.0,267933.1845239286,40147.88182693029,41808.85083798606,6937.385714938845,9916.191963492476,-10.5915,30.08393,Borehole/Tubewell,Motorized Pump,Well,Motorized Pump,Northern,False,1,Luwingu,2014,5GXGC35M+CH3
0.0,0.0,263901.09245913365,36107.57163403026,37779.92587101251,6858.840541591128,12646.42327559695,-10.5585,30.0681,Borehole/Tubewell,Motorized Pump,Well,Motorized Pump,Northern,False,1,Luwingu,2014,5GXGC3R9+J65
0.0,250.0,258956.0619341456,32548.815716540736,26707.522004123628,10385.822538241304,109.59474598273266,-10.4613,30.14535,Borehole/Tubewell,Motorized Pump,Well,Motorized Pump,Northern,False,1,Luwingu,2014,5GXGG4QW+F4Q
9.0,107.0,320292.6919726511,38304.46618595423,22563.173584295964,36277.13675869153,28.730922491028025,-10.493278333333334,30.988758333333333,Borehole/Tubewell,Hand Pump - India Mark,Well,Hand Pump,Northern,False,1,Kasama,2014,5GXGGX4Q+MGJ
0.0,260.0,250762.2954409117,23086.1546972268,24173.379311802324,6106.717522176684,848.2650729585808,-10.43077,30.05195,Borehole/Tubewell,Motorized Pump,Well,Motorized Pump,Northern,False,1,Luwingu,2014,5GXGH392+MQW
2.0,29.0,309098.3459286844,38920.38030905806,15789.065892964196,30715.154838383376,12.96191842054832,-10.428066666666666,30.910315,Borehole/Tubewell,Hand Pump - India Mark,Well,Hand Pump,Northern,False,1,Kasama,2014,5GXGHWC6+Q4G
17.0,364.0,286182.2187602192,50450.552442083936,525.617578248516,28643.63853204244,10380.6794000898,-10.305928333333332,30.738296666666663,Borehole/Tubewell,Rope and Bucket,Well,Rope and Bucket,Northern,False,1,Kasama,2014,5GXGMPVQ+J8F
11.0,496.0,261915.43765260483,60602.496554336925,796.3795107505239,30542.84273095979,8375.064703183933,-10.248761666666669,30.477016666666668,Borehole/Tubewell,Hand Pump - India Mark,Well,Hand Pump,Northern,False,1,Kasama,2014,5GXGQF2G+FRR
9.0,387.0,262067.98846035445,60767.6519446463,842.9795329424708,30646.107663145973,8202.018221438384,-10.249266666666667,30.47854,Borehole/Tubewell,Hand Pump - India Mark,Well,Hand Pump,Northern,False,1,Kasama,2014,5GXGQF2H+7CV
7.0,1013.0,250017.4699247114,31766.770062328207,9495.75903379756,65.8535018679152,6073.267980424324,-10.10182,30.919255,Borehole/Tubewell,Hand Pump - India Mark,Well,Hand Pump,Northern,False,1,Kasama,2014,5GXGVWX9+7PC
4.0,651.0,249932.9311834168,27163.05145006278,7207.31259624193,115.4018557773738,1565.0339638523826,-10.113715,30.95973333333333,Borehole/Tubewell,Hand Pump - India Mark,Well,Hand Pump,Northern,False,1,Kasama,2014,5GXGVXP5+GV9
3.0,372.0,240824.73151624057,33179.5643897988,16562.437366071495,8844.180956174074,9521.113238990209,-10.024226666666667,30.94964333333333,Borehole/Tubewell,Hand Pump - India Mark,Well,Hand Pump,Northern,False,1,Kasama,2014,5GXGXWGX+8V2
10.0,94.0,349056.8514929451,53097.97094022412,42.57913440176655,53357.32371637029,7510.413950203256,-10.688255,31.163495,Borehole/Tubewell,Hand Pump - India Mark,Well,Hand Pump,Northern,False,1,Kasama,2014,5GXH8567+M9X
1.0,244.0,347489.9295869582,50515.20086591197,55.77416235149006,50770.48359982649,5848.750804885642,-10.665016666666668,31.16635833333333,Borehole/Tubewell,Hand Pump - India Mark,Well,Hand Pump,Northern,False,1,Kasama,2014,5GXH85M8+XGX
8.0,61.0,344488.71120461135,45015.46830421859,189.07536013152895,45207.37219180699,4405.618376732706,-10.615631666666664,31.176071666666665,Borehole/Tubewell,Hand Pump - India Mark,Well,Hand Pump,Northern,False,1,Kasama,2014,5GXH95MG+PCW
4.0,328.0,341479.7717096209,40815.81317941757,1283.417295998471,41095.71660557339,280.4872932561708,-10.577586666666663,31.174366666666668,Borehole/Tubewell,Hand Pump - India Mark,Well,Hand Pump,Northern,False,1,Kasama,2014,5GXHC5CF+XP9
10.0,499.0,242189.20121369505,8886.9231138107,86895.59261825836,42020.384342309946,26.87531785804466,-10.583765,31.992415,Borehole/Tubewell,Hand Pump - India Mark,Well,Hand Pump,Muchinga,False,1,Chinsali,2014,5GXHCX8R+FXV
9.0,126.0,307466.6210804657,36146.04052597822,710.373280799806,36062.81779977703,5056.982945711444,-10.535453333333331,31.198956666666664,Borehole/Tubewell,Hand Pump - India Mark,Well,Hand Pump,Northern,False,1,Kasama,2014,5GXHF57X+RH8
4.0,266.0,297636.06058583106,20605.050640553607,485.3279646850604,20420.073149260184,9177.444016993124,-10.39393,31.209516666666666,Borehole/Tubewell,Hand Pump - India Mark,Well,Hand Pump,Northern,False,1,Kasama,2014,5GXHJ645+CRC
9.0,271.0,297297.25778370764,20676.748664885752,65.67714467255553,20367.5779955794,8991.8799983297,-10.394113333333332,31.213345,Borehole/Tubewell,Hand Pump - India Mark,Well,Hand Pump,Northern,False,1,Kasama,2014,5GXHJ647+985
8.0,131.0,295996.8230979158,18598.70975786979,39.56285062220498,18246.74932901237,7088.770301173234,-10.374913333333334,31.214825000000005,Borehole/Tubewell,Hand Pump - India Mark,Well,Hand Pump,Northern,False,1,Kasama,2014,5GXHJ6G7+2WP
4.0,61.0,290423.3515090168,17231.748096357056,4727.295995848347,14891.823821066837,2744.632982113401,-10.348433333333332,31.25808833333333,Borehole/Tubewell,Hand Pump - India Mark,Well,Hand Pump,Northern,False,1,Kasama,2014,5GXHM725+J6G
7.0,328.0,286188.3365534767,17646.72065649237,8499.204884687637,13441.544635738526,59.05323337051056,-10.330525,31.29243166666667,Borehole/Tubewell,Hand Pump - India Mark,Well,Hand Pump,Northern,False,1,Kasama,2014,5GXHM79R+QXV
8.0,3719.0,290278.07588495844,6782.945898158599,354.72945434733714,6889.00594089734,2654.6572015398515,-10.266928333333334,31.208091666666665,Borehole/Tubewell,Hand Pump - India Mark,Well,Hand Pump,Northern,False,1,Kasama,2014,5GXHP6M5+66G
13.0,1334.0,287262.3093967243,8508.65290272858,3045.159955331316,5968.65059497087,3629.269797555619,-10.266311666666669,31.239875,Protected Well,Hand Pump,Well,Hand Pump,Northern,False,1,Kasama,2014,5GXHP6MQ+FXC
13.0,3585.0,289657.8520782032,6709.599289014814,256.0149109580187,6612.004539505506,2846.452686277041,-10.264285,31.213093333333337,Borehole/Tubewell,Hand Pump - India Mark,Well,Hand Pump,Northern,False,1,Kasama,2014,5GXHP6P7+76P
14.0,16999.0,289141.92711213627,1949.5374917043084,205.05172486849847,2320.0964082104438,2711.199222265181,-10.225075,31.195176666666665,Borehole/Tubewell,Hand Pump - India Mark,Well,Hand Pump,Northern,True,1,Kasama,2014,5GXHQ5FW+X3F
8.0,227.0,284126.186585976,7090.443894777795,5253.769676142368,1646.627671423502,7769.242614240001,-10.228048333333334,31.249995,Borehole/Tubewell,Hand Pump - India Mark,Well,Hand Pump,Northern,False,1,Kasama,2014,5GXHQ6CX+QXQ
6.0,16476.0,288256.26272452465,2220.046917749077,1024.102417824636,1952.6314547981772,3102.29524872823,-10.222555,31.20304666666667,Borehole/Tubewell,Hand Pump - India Mark,Well,Hand Pump,Northern,True,1,Kasama,2012,5GXHQ6G3+X6F
11.0,15471.0,287496.8794809138,2281.266749535165,1584.5939904211014,1391.355396594343,3183.2140770569936,-10.216583333333334,31.20755166666667,Borehole/Tubewell,Hand Pump - India Mark,Well,Hand Pump,Northern,True,1,Kasama,2014,5GXHQ6M5+927
6.0,356.0,253203.4795307768,19941.76325341742,119.21391628409826,1392.300813968321,6194.431105829139,-10.159891666666663,31.013101666666664,Borehole/Tubewell,Hand Pump - India Mark,Well,Hand Pump,Northern,False,1,Kasama,2014,5GXHR2R7+26X
4.0,1206.0,252277.45696029128,17672.615456461514,297.7464971310724,3821.6998094646806,5826.124783250747,-10.15726,31.03561,Borehole/Tubewell,Hand Pump - India Mark,Well,Hand Pump,Northern,False,1,Kasama,2014,5GXHR2VP+36X
2.0,4736.0,251226.55899521252,3706.499125827128,2986.791113970303,3257.875217796892,39.89473185113742,-10.179196666666666,31.172476666666665,Borehole/Tubewell,Hand Pump - India Mark,Well,Hand Pump,Northern,False,1,Kasama,2014,5GXHR5CC+8XH
5.0,5367.0,250979.00171931612,4200.273268688809,3429.7579633911782,3783.9146660564447,64.61523523921318,-10.17616,31.16872833333333,Borehole/Tubewell,Hand Pump - India Mark,Well,Hand Pump,Northern,False,1,Kasama,2014,5GXHR5F9+GFQ
3.0,3154.0,250039.55175650533,5393.368804256967,4616.721874283533,4938.632546251395,121.42302150240462,-10.166495,31.163846666666668,Borehole/Tubewell,Hand Pump - India Mark,Well,Hand Pump,Northern,False,1,Kasama,2014,5GXHR5M7+CG5
1.0,2026.0,249794.83964111068,5867.275070858368,5051.226134277128,5432.087373609228,186.21285226444155,-10.163528333333334,31.160411666666665,Borehole/Tubewell,Hand Pump - India Mark,Well,Hand Pump,Northern,False,1,Kasama,2014,5GXHR5P6+H5M
7.0,615.0,251226.7479524384,8789.44843877576,7566.546869572217,26.4471214700244,5213.027527835613,-10.199768333333331,31.291481666666662,Borehole/Tubewell,Hand Pump - India Mark,Well,Hand Pump,Northern,False,1,Kasama,2014,5GXHR72R+3HX
9.0,710.0,250925.912300632,9204.254674541928,6890.423180715293,518.4068466557926,5759.512728490884,-10.196256666666669,31.28629833333333,Protected Well,Hand Pump,Well,Hand Pump,Northern,False,1,Kasama,2014,5GXHR73P+FGV
28.0,479.0,250189.7383105421,9843.001880379365,5656.052347380328,1613.896609192636,6669.52737944755,-10.188331666666668,31.27836666666667,Protected Well,Hand Pump,Well,Hand Pump,Northern,False,1,Kasama,2014,5GXHR76H+M89
3.0,1644.0,247341.94260983603,7108.823884191457,4662.417467456865,6315.423657728205,2321.8343009098708,-10.145008333333331,31.18067333333333,Borehole/Tubewell,Hand Pump - India Mark,Well,Hand Pump,Northern,False,1,Kasama,2014,5GXHV53J+X7V
2.0,392.0,245452.4475350119,9021.383080074043,5950.653311009943,8205.222563530495,2793.1187893966035,-10.127593333333332,31.180766666666667,Borehole/Tubewell,Hand Pump - India Mark,Well,Hand Pump,Northern,False,1,Kasama,2014,5GXHV5CJ+X86
8.0,2060.0,246006.8871904881,9459.380855547946,127.60544009713324,6827.498386741662,7529.488265271875,-10.14469,31.245345,Protected Well,Hand Pump - India Mark,Well,Hand Pump,Northern,False,1,Kasama,2014,5GXHV64W+44H
22.0,1881.0,245469.36447764208,9898.035520663434,284.377205365723,7353.498894989441,7021.587376799611,-10.13983,31.245761666666667,Borehole/Tubewell,Hand Pump - India Mark,Well,Hand Pump,Northern,False,1,Kasama,2014,5GXHV66W+386
10.0,382.0,241925.03024725828,12581.3449978618,2603.4040854679038,10846.50078173866,4673.660382083761,-10.105723333333334,31.23672,Borehole/Tubewell,Hand Pump - India Mark,Well,Hand Pump,Northern,False,1,Kasama,2014,5GXHV6VP+PM9
13.0,2575.0,245419.8317096361,18655.638427844027,7132.353675432705,9393.966585628974,279.15377935691004,-10.099225,31.058871666666665,Borehole/Tubewell,Hand Pump - India Mark,Well,Hand Pump,Northern,False,1,Kasama,2014,5GXHW325+8G9
32.0,2388.0,245084.6360241522,18312.76559525481,7575.871047223522,10002.481140263117,374.01488251427605,-10.097555,31.064526666666666,Borehole/Tubewell,Hand Pump - India Mark,Well,Hand Pump,Northern,False,1,Kasama,2014,5GXHW327+XRC
11.0,2233.0,245260.287939484,19182.40199380433,7216.971534734212,9199.70620691948,624.1358988546875,-10.096660000000002,31.054763333333334,Borehole/Tubewell,Hand Pump - India Mark,Well,Hand Pump,Northern,False,1,Kasama,2014,5GXHW333+8WJ
11.0,2130.0,245111.6282280918,19420.988123591116,7345.884003305442,9194.412999424989,866.3642121932633,-10.094913333333333,31.053405,Borehole/Tubewell,Hand Pump - India Mark,Well,Hand Pump,Northern,False,1,Kasama,2014,5GXHW343+29J
0.0,111.0,237753.85116909328,8494.475554465915,90727.56476891342,38460.33381680429,28.10146809722852,-10.614021666666668,32.02326,Borehole/Tubewell,Hand Pump - India Mark,Well,Hand Pump,Muchinga,False,1,Chinsali,2012,5GXJ92PF+98R
9.0,1302.0,223650.223110611,13313.881354173416,112336.5605522974,39149.51777391397,576.6008665904938,-10.629906666666669,32.15704166666667,Borehole/Tubewell,Hand Pump - India Mark,Well,Hand Pump,Muchinga,False,1,Chinsali,2014,5GXJ95C4+2RM
7.0,499.0,239291.0735810765,6213.028521284327,90020.31660466155,41754.65490988131,224.65140343319663,-10.584285,32.02113833333333,Borehole/Tubewell,Hand Pump - India Mark,Well,Hand Pump,Muchinga,False,1,Chinsali,2014,5GXJC28C+7CH
13.0,685.0,240085.12150414343,4354.255949778601,90262.76544637166,44978.70453671904,2796.4510924870974,-10.555016666666663,32.02662833333333,Borehole/Tubewell,Hand Pump - India Mark,Well,Hand Pump,Muchinga,False,1,Chinsali,2014,5GXJC2VG+XMR
9.0,249.0,225489.59514826132,11110.838863697683,111220.2662964081,45055.579656830654,3146.0535876762992,-10.575768333333334,32.16419833333334,Borehole/Tubewell,Hand Pump - India Mark,Well,Hand Pump,Muchinga,False,1,Chinsali,2012,5GXJC5F7+MMW
2.0,207.0,238122.02416570816,6059.403872613995,89542.62418330609,49581.97279013861,3593.6512617385647,-10.513421666666666,32.02484833333333,Borehole/Tubewell,Hand Pump - India Mark,Well,Hand Pump,Muchinga,False,1,Chinsali,2014,5GXJF2PF+JWQ
3.0,1913.0,236060.35133357585,2287.3876088920565,95026.52338772672,47896.089120846365,12.979484507303034,-10.530501666666664,32.073125,Borehole/Tubewell,Hand Pump - India Mark,Well,Hand Pump,Muchinga,False,1,Chinsali,2014,5GXJF39F+Q7R
2.0,292.0,226117.0803132872,13221.85822029608,108834.8807107643,49236.042740930345,17.940995018310367,-10.497044999999998,32.17439,Borehole/Tubewell,Hand Pump - India Mark,Well,Hand Pump,Muchinga,False,1,Chinsali,2014,5GXJG53F+5QJ
7.0,132.0,223717.2897872748,14885.079125007447,107806.98653435464,46364.14666894451,1938.399765514472,-10.469715,32.175235,Borehole/Tubewell,Hand Pump - India Mark,Well,Hand Pump,Muchinga,False,1,Chinsali,2014,5GXJG5JG+439
15.0,164.0,226786.76815851385,14438.020633893171,94277.46870075964,45170.4001782403,319.8761735079928,-10.419710000000002,32.074525,Borehole/Tubewell,Rope and Bucket,Well,Rope and Bucket,Muchinga,False,1,Chinsali,2014,5GXJH3JF+4R6
10.0,170.0,210222.23337761476,30428.140040645914,119934.77419613578,36126.11948102009,9143.387763542289,-10.421098333333337,32.31164666666667,Borehole/Tubewell,Hand Pump - India Mark,Well,Hand Pump,Muchinga,False,1,Chinsali,2014,5GXJH8H6+HM6
2.0,484.0,174240.7296329693,17064.87735816449,99180.70445055093,63.55418008074156,14588.378321040524,-10.140083333333331,32.48175166666667,Borehole/Tubewell,Hand Pump - India Mark,Well,Hand Pump,Muchinga,False,1,Chinsali,2014,5GXJVF5J+XP6
2.0,116.0,174037.192467634,20439.51732827121,100590.86412847486,15.83502152556764,13950.079654469631,-10.115555,32.45435166666667,Borehole/Tubewell,Hand Pump - India Mark,Well,Hand Pump,Muchinga,False,1,Chinsali,2014,5GXJVFM3+QPH
2.0,143.0,180631.3778661568,35703.07081281717,112259.13279718338,100.52309285773916,999.6589715668129,-10.076043333333333,32.32064333333334,Borehole/Tubewell,Hand Pump - India Mark,Well,Hand Pump,Muchinga,False,1,Chinsali,2014,5GXJW8FC+H7J
3.0,910.0,242515.71938122367,49092.63453585371,27181.844984918123,198.47106685593695,23284.65848968183,-9.986733333333332,30.800473333333336,Borehole/Tubewell,Hand Pump - India Mark,Well,Hand Pump,Northern,False,1,Kasama,2014,6G2G2R72+855
2.0,910.0,242498.8610803713,49113.64265927131,27206.754488883867,189.95119877969248,23262.58296504264,-9.986528333333332,30.800371666666667,Protected Spring,Hand Pump - Afridev,Spring,Hand Pump,Northern,False,1,Kasama,2014,6G2G2R72+94Q
3.0,113.0,231716.7272372929,36162.95136821993,23330.223419745453,17084.145206657853,16264.78973778415,-9.949676666666669,30.987123333333336,Borehole/Tubewell,Hand Pump - India Mark,Well,Hand Pump,Northern,False,1,Kasama,2014,6G2G3X2P+4RH
4.0,10.0,224292.0626082349,44000.2533622266,23222.35095083307,21779.199425099607,18048.13663623808,-9.873981666666667,30.971578333333333,Borehole/Tubewell,Hand Pump - India Mark,Well,Hand Pump,Northern,False,1,Kasama,2014,6G2G4XGC+CJ4
1.0,2011.0,209977.2098496465,45521.23363449058,133.26661678307113,42210.863194726975,14489.48273742932,-9.797531666666666,31.173806666666664,Borehole/Tubewell,Hand Pump - India Mark,Well,Hand Pump,Northern,False,1,Kasama,2014,6G2H652F+XGM
7.0,414.0,172589.92585529928,49660.17067749424,126222.4159809686,8613.255332356786,1.0445245694140373,-9.903931666666669,32.26033833333334,Borehole/Tubewell,Hand Pump - India Mark,Well,Hand Pump,Muchinga,False,1,Chinsali,2014,6G2J37W6+C4G
0.0,0.0,135250.59566809123,91382.22653592192,121531.56973118328,75583.73171666621,15206.315013367936,-15.071333,29.489833,Borehole/Tubewell,,Well,,Lusaka,False,0,Rufunsa,2016,5GPFWFHQ+FW8
1.0,44.0,119814.16800166052,61643.85360553728,133633.80115716872,60390.79021505373,5380.6498258076,-14.129167,27.971111,Borehole/Tubewell,,Well,,Central,False,0,Kapiri Mposhi,2022,5GQ9VXCC+8CQ
,0.0,174931.85459437894,41883.15725211427,69488.07998692695,96464.13546907356,13019.5518232063,-12.29703,25.53353,Protected Well,Hand Pump,Well,Hand Pump,North-Western,False,0,Kalumbila,2021,5GV7PG3M+5CJ
,35.0,189348.9412782708,25113.77768083688,28116.39089032684,66945.3831029919,1526.9063404291298,-12.4769,25.88083,Protected Well,Hand Pump,Well,Hand Pump,North-Western,False,0,Kalumbila,2021,5GV7GVFJ+68W
,2919.0,,70220.07234467863,87309.51331174563,6377.032493258333,31.87589974108324,-14.54338,24.20275,Protected Well,Hand Pump,Well,Hand Pump,Western,False,1,Kaoma,2019,5GQ6F643+J4R
,,13329.217412724694,23199.95317867127,2064.5905823515477,178.6104403835999,910.4482253944452,-15.3896,28.4032,Piped Water,Public Tapstand,Piped Water,Public Tapstand,Lusaka,True,0,Lusaka,2017,5GPCJC63+578
,,13950.510239781772,23456.80134374284,2437.877224317475,173.75900488201884,973.5974130244132,-15.3913,28.4095,Piped Water,Public Tapstand,Piped Water,Public Tapstand,Lusaka,True,0,Chongwe,2017,5GPCJC55+FRJ
0.0,,42963.79813115181,7679.772926112125,29181.801740012947,8269.975220210961,357.8087500011813,-15.264851666666669,28.65051,Piped Water,Motorized Pump - Electric,Piped Water,Motorized Pump,Lusaka,False,0,Chongwe,2014,5GPCPMP2+362
,,14040.532861549196,23424.921653847035,2606.371893054992,170.5919287933392,818.1399824600542,-15.3925,28.4106,Piped Water,Public Tapstand,Piped Water,Public Tapstand,Lusaka,True,0,Chongwe,2017,5GPCJC56+265
0.0,2273.0,99907.48784291276,15329.380260760585,5789.050741259552,12830.802235512014,14946.27513336652,-16.1633444,28.8060099,Borehole/Tubewell,,Well,,Lusaka,False,0,Chirundu,2018,5GMCRRP4+MC6
0.0,411.0,173988.24482690473,19791.2399147532,96832.87316093055,216.96145940852625,8978.648079157336,-17.24976,27.37452,Borehole/Tubewell,Motorized Pump,Well,Motorized Pump,Southern,False,0,Sinazongwe,2014,5GJ9Q92F+3RR
2.0,52.0,269306.8892079994,30262.27877283937,25789.000627908103,29145.19709592681,4630.799629322023,-15.451357,22.928464,Borehole/Tubewell,Hand Pump - India Mark,Well,Hand Pump,Western,False,0,Mongu,2018,5GP4GWXH+F94
2.0,123.0,,20326.096980373564,11650.788694984843,58088.7171528545,11050.772789735667,-15.16197222,22.59563889,Borehole/Tubewell,Hand Pump,Well,Hand Pump,Western,False,0,Kalabo,2015,5GP4RHQW+676
1.0,318.0,,12464.076712326429,3867.159816461256,55717.885191462,11150.270808804067,-15.10130556,22.63609444,Borehole/Tubewell,Hand Pump,Well,Hand Pump,Western,False,0,Kalabo,2013,5GP4VJXP+FCH
2.0,297.0,,11626.965021618367,3578.688503966161,56544.69646718176,12186.054914195884,-15.091473,22.631596,Borehole/Tubewell,Hand Pump - India Mark,Well,Hand Pump,Western,False,0,Kalabo,2017,5GP4WJ5J+CJ9
4.0,161.0,200733.9541662639,31984.84049882639,14422.546552561342,72848.55020064424,15802.511488659273,-15.86703,23.47275,Borehole/Tubewell,Hand Pump,Well,Hand Pump,Western,False,0,Senanga,2014,5GP54FMF+54J
3.0,0.0,204556.31434647125,39382.2765196689,21716.72839501008,70373.46054704642,25274.433385964174,-15.80124,23.53748,Borehole/Tubewell,Hand Pump,Well,Hand Pump,Western,False,0,Senanga,2014,5GP55GXP+GX5
4.0,0.0,90510.07533998856,25047.06924976165,7969.360053678301,1503.5281259780118,24407.389914605,-16.1515,28.652667,Borehole/Tubewell,,Well,,Lusaka,False,0,Chirundu,2020,5GMCRMX3+C33
5.0,159.0,,17475.152656641363,364.236588152455,45505.97565631839,1387.0070341272142,-15.14647222,22.72069444,Borehole/Tubewell,Hand Pump,Well,Hand Pump,Western,False,0,Kalabo,2018,5GP4VP3C+C78
1.0,7.0,61334.73703822582,36717.95100339539,53043.598105608806,36299.17956880623,8937.393541722493,-15.5288,27.722463333333334,Borehole/Tubewell,Public Tapstand,Well,Public Tapstand,Lusaka,False,0,Shibuyunji,2014,5GP9FPCC+FXP
5.0,283.0,225972.3358590043,39455.471571129885,33422.35964474649,59074.03232223005,10872.033518900242,-15.56347222,23.62505556,Borehole/Tubewell,Hand Pump,Well,Hand Pump,Western,False,0,Mongu,2018,5GP5CJPG+J27
1.0,308.0,233584.7245907681,56936.399337070696,51841.48572960604,68755.0310215579,11607.640148464434,-15.451662,23.773484,Borehole/Tubewell,Hand Pump - India Mark,Well,Hand Pump,Western,False,0,Mongu,2015,5GP5GQXF+89Q
5.0,320.0,,21675.19322201533,20601.463783057166,19495.343096070923,521.4035676159951,-15.2353,23.33567,Borehole/Tubewell,Hand Pump,Well,Hand Pump,Western,False,0,Limulunga,2014,5GP5Q87P+V7M
4.0,137.0,,11121.40650914002,26367.267348400223,24369.75508134243,4454.95237859907,-15.037612,23.190179,Borehole/Tubewell,Hand Pump - India Mark,Well,Hand Pump,Western,False,0,Limulunga,2015,5GP5X56R+X33
0.0,460.0,90657.20195217806,10718.595229891716,81054.61767153145,18947.308390911057,3535.782170424761,-15.87549,27.58184,Borehole/Tubewell,Motorized Pump,Well,Motorized Pump,Southern,False,0,Mazabuka,2012,5GP94HFJ+RP4
2.0,917.0,52555.15347162565,50675.90180460385,43969.60873980011,27893.397844019542,18.102047847553877,-15.401535,27.792801666666666,Protected Well,Hand Pump - Rope,Well,,Lusaka,False,0,Shibuyunji,2014,5GP9HQXV+94M
10.0,278.0,48718.34955373785,49143.036368599925,40151.047622325554,24079.58998216243,3195.2092991374266,-15.419138333333336,27.82829166666667,Borehole/Tubewell,Hand Pump - India Mark,Well,Hand Pump,Lusaka,False,0,Shibuyunji,2014,5GP9HRJH+88V
0.0,49.0,72062.16398485981,20478.124705181614,10304.670200680112,18126.89259228652,18340.56043054474,-15.9353333,28.6883333,Borehole/Tubewell,Hand Pump - India Mark,Well,Hand Pump,Lusaka,False,0,Chirundu,2015,5GPC3M7Q+V88
25.0,,86074.8725153409,10267.93318973897,21445.330670037445,24906.733696569383,17.205186422514128,-15.941835,28.87423,Piped Water,Public Tapstand,Piped Water,Public Tapstand,Lusaka,False,0,Kafue,2014,5GPC3V5F+7M9
39.0,85.0,57537.78494682982,63660.16094979139,48453.05470423786,34717.83964425179,2909.497695443265,-15.251733333333334,27.77392833333333,Borehole/Tubewell,Hand Pump - Afridev,Well,Hand Pump,Central,False,0,Chibombo,2014,5GP9PQXF+8H3
,,14163.13406008528,23597.711164880275,2517.900670074771,56.88261189044643,937.3405199701396,-15.3912,28.4115,Piped Water,Public Tapstand,Piped Water,Public Tapstand,Lusaka,True,0,Chongwe,2017,5GPCJC56+GJC
5.0,2657.0,186171.9253627552,1471.2947273124023,2122.077251878192,92801.99776737168,714.2699241861334,-16.11613889,23.29597222,Borehole/Tubewell,Hand Pump - India Mark,Well,Hand Pump,Western,False,0,Senanga,2018,5GM5V7MW+G9X
0.0,477.0,34938.621134851266,7212.025919447614,23936.01726757983,19905.24088932036,1622.9718595647776,-15.695951666666668,28.130636666666668,Borehole/Tubewell,Hand Pump - India Mark,Well,Hand Pump,Lusaka,False,0,Kafue,2014,5GPC843J+J76
6.0,4.0,174557.08468099777,18298.048654951446,14932.834697701315,99733.03838809628,18286.513890373157,-16.13494444,23.46986111,Borehole/Tubewell,Hand Pump,Well,Hand Pump,Western,False,0,Senanga,2018,5GM5VF89+2WH
8.0,277.0,82086.78543092862,58387.08751326356,73139.56562136098,33136.576770527055,11988.984560274286,-15.23045,27.542188333333332,Borehole/Tubewell,Hand Pump - India Mark,Well,Hand Pump,Central,False,0,Mumbwa,2014,5GP9QG9R+RVG
8.0,225.0,81824.21069894309,58314.70911378632,72830.42917793487,31786.399843974905,9432.033339829197,-15.216851666666663,27.54852166666667,Borehole/Tubewell,Hand Pump - India Mark,Well,Hand Pump,Central,False,0,Mumbwa,2014,5GP9QGMX+7C2
17.0,523.0,34986.858909835435,7764.124140349059,23983.54758886623,19876.56945394392,1061.8237217517965,-15.693768333333333,28.125488333333337,Borehole/Tubewell,Hand Pump - India Mark,Well,Hand Pump,Lusaka,False,0,Kafue,2014,5GPC844G+F5X
5.0,212.0,82360.66503395645,57573.141617737696,73331.50246364517,30365.4383621688,8003.832189840487,-15.204006666666665,27.54717,Borehole/Tubewell,Hand Pump - India Mark,Well,Hand Pump,Central,False,0,Mumbwa,2014,5GP9QGWW+9VV
10.0,174.0,78861.0749900216,61746.78828665874,69944.47646884981,35425.287260000805,12434.815242378514,-15.246018333333332,27.569088333333337,Borehole/Tubewell,Hand Pump - India Mark,Well,Hand Pump,Central,False,0,Mumbwa,2014,5GP9QH39+HJW
0.0,875.0,35182.87724504744,8736.564630389965,24189.77753861891,19955.58366032997,116.85912686787026,-15.690578333333333,28.11598833333333,Borehole/Tubewell,Hand Pump - India Mark,Well,Hand Pump,Lusaka,False,0,Kafue,2014,5GPC8458+Q99
3.0,732.0,35007.37594508006,9080.851790365085,24020.12258187077,19751.24391455626,85.37857333797842,-15.687768333333334,28.11431166666667,Borehole/Tubewell,Hand Pump - India Mark,Well,Hand Pump,Lusaka,False,0,Kafue,2014,5GPC8467+VPV
,,10896.690863859489,16978.135148890866,3370.039044592641,871.6838867149588,353.51802161720946,-15.4434,28.3798,Piped Water,Public Tapstand,Piped Water,Public Tapstand,Lusaka,False,0,Lusaka,2017,5GPCH94H+JWV
,,11585.625076772538,17548.075360537117,4082.187955089332,1507.6789865590906,882.6652340778302,-15.4425,28.3867,Piped Water,Public Tapstand,Piped Water,Public Tapstand,Lusaka,False,0,Lusaka,2017,5GPCH95P+2M4
3.0,570.0,34555.337228458906,10231.224999721971,23598.476028142966,19213.819148230992,72.0683021931144,-15.679156666666666,28.10799666666667,Borehole/Tubewell,Hand Pump - India Mark,Well,Hand Pump,Lusaka,False,0,Kafue,2014,5GPC84C5+85Q
0.0,522.0,80421.26546365782,59913.62542723527,71461.34261224866,33459.21987356334,11065.754699826362,-15.230265,27.55827,Borehole/Tubewell,Hand Pump - India Mark,Well,Hand Pump,Central,False,0,Mumbwa,2014,5GP9QH95+V8R
2.0,489.0,80952.15595176916,59385.6496523097,71990.73624671675,33177.65832447411,12855.783031768851,-15.228663333333335,27.553596666666667,Borehole/Tubewell,Hand Pump - India Mark,Well,Hand Pump,Central,False,0,Mumbwa,2014,5GP9QHC3+GCQ
4.0,483.0,81011.64472319013,59285.8033404888,72044.19030627355,32969.51253973143,12732.61449579934,-15.226748333333337,27.553553333333337,Borehole/Tubewell,Hand Pump - India Mark,Well,Hand Pump,Central,False,0,Mumbwa,2014,5GP9QHF3+8C3
2.0,496.0,80859.20815908496,59414.59274431528,71888.82828879978,32948.781828444524,10563.128865365856,-15.226213333333332,27.55517166666667,Borehole/Tubewell,Hand Pump - India Mark,Well,Hand Pump,Central,False,0,Mumbwa,2014,5GP9QHF4+G37
21.0,502.0,80833.8597835438,59422.71100305913,71861.01128477216,32885.47425787,10497.433246342474,-15.225533333333331,27.55560666666667,Borehole/Tubewell,Hand Pump - India Mark,Well,Hand Pump,Central,False,0,Mumbwa,2014,5GP9QHF4+Q6Q
3.0,374.0,191848.07928565115,7697.446990530602,382.0466875979462,84875.89505018335,3723.976497909103,-16.037688,23.323207,Borehole/Tubewell,Hand Pump - India Mark,Well,Hand Pump,Western,False,0,Senanga,2017,5GM5X86F+W7G
3.0,440.0,77627.70361118237,62096.9535862902,68561.13901661948,31690.536166721864,7843.975561453971,-15.203281666666664,27.593515000000004,Protected Well,Rope and Bucket,Well,Rope and Bucket,Lusaka,False,0,Shibuyunji,2014,5GP9QHWV+MCJ
9.0,381.0,77718.77252461757,61978.87723450608,68644.16394877496,31377.295479300632,7509.717669475683,-15.20020333333333,27.59364833333333,Borehole/Tubewell,Hand Pump - India Mark,Well,Hand Pump,Lusaka,False,0,Shibuyunji,2014,5GP9QHXV+WF6
12.0,129.0,31795.54576653733,7350.216476812418,20844.54034792166,17199.356719961495,5234.106665986019,-15.679308333333331,28.162433333333336,Borehole/Tubewell,Hand Pump - India Mark,Well,Hand Pump,Lusaka,False,0,Kafue,2014,5GPC85C6+7XF
7.0,666.0,30254.932678381727,8852.925949610788,19289.545986501216,15610.471157068025,6066.983799642243,-15.665159999999998,28.164995,Borehole/Tubewell,Hand Pump - India Mark,Well,Hand Pump,Lusaka,False,0,Chilanga,2014,5GPC85M7+WXQ
8.0,425.0,71629.16737672631,68355.72019046803,62637.00646007664,37499.26991640286,7382.704971762419,-15.241021666666663,27.640091666666663,Borehole/Tubewell,Hand Pump - India Mark,Well,Hand Pump,Lusaka,False,0,Shibuyunji,2014,5GP9QJ5R+H2W
0.0,753.0,29964.95690266941,8987.64180193612,19008.934337197985,15380.108624080707,6434.338366856278,-15.663615,28.168031666666668,Borehole/Tubewell,Hand Pump - India Mark,Well,Hand Pump,Lusaka,False,0,Chilanga,2014,5GPC85P9+H63
0.0,117.0,75113.33520883978,64762.87296828805,66088.57900119043,34467.78796895173,8815.84340743908,-15.223314999999998,27.61162333333333,Borehole/Tubewell,Hand Pump - India Mark,Well,Hand Pump,Lusaka,False,0,Shibuyunji,2014,5GP9QJG6+MJH
12.0,258.0,30083.649321102243,9571.164464645946,19089.621340851085,15231.474636710518,5584.754497483966,-15.659851666666668,28.157225,Borehole/Tubewell,,Well,,Lusaka,False,0,Chilanga,2014,5GPC85R4+3V5
5.0,702.0,29258.343369622857,9400.890324791768,18327.14573151892,14817.875261340712,7291.986144691814,-15.659558333333331,28.1749,Borehole/Tubewell,Hand Pump - India Mark,Well,Hand Pump,Lusaka,False,0,Chilanga,2014,5GPC85RF+5XC
19.0,352.0,74824.11337359757,64829.84094182473,65737.60284974368,32892.35388647288,6667.414686839582,-15.203835,27.620776666666664,Borehole/Tubewell,Hand Pump - India Mark,Well,Hand Pump,Lusaka,False,0,Shibuyunji,2014,5GP9QJWC+F86
7.0,234.0,70076.35246485328,69723.64412306345,61043.75651791631,37584.44882119972,6659.199784221351,-15.233448333333335,27.65744,Borehole/Tubewell,Hand Pump - India Mark,Well,Hand Pump,Lusaka,False,0,Shibuyunji,2014,5GP9QM84+JXG
11.0,352.0,67245.01258847777,69793.9344362852,58182.74705722724,37165.18438254981,4027.818666007661,-15.232038333333332,27.685495,Borehole/Tubewell,Hand Pump - India Mark,Well,Hand Pump,Lusaka,False,0,Shibuyunji,2014,5GP9QM9P+55Q
13.0,309.0,28397.665934697,9998.97918605166,17505.259001399805,14156.99579164476,7307.044705675255,-15.654453333333333,28.183136666666663,Borehole/Tubewell,Hand Pump - India Mark,Well,Hand Pump,Lusaka,False,0,Chilanga,2014,5GPC85WM+676
15.0,931.0,29658.35710554872,9549.547371829736,19548.26777670649,16802.58847927763,1118.355109277756,-15.680616666666667,28.235401666666668,Borehole/Tubewell,Hand Pump - India Mark,Well,Hand Pump,Lusaka,False,0,Chilanga,2012,5GPC869P+Q52
5.0,370.0,191390.1380736189,7703.179113959553,190.900641448471,85189.34039740957,3684.59417268032,-16.03941667,23.32841667,Borehole/Tubewell,Hand Pump,Well,Hand Pump,Western,False,0,Senanga,2017,5GM5X86H+69M
1.0,152.0,148557.37818523537,35908.97884604783,158252.47617289473,37856.74525791021,4987.899077482745,-16.72182,26.61339,Borehole/Tubewell,Motorized Pump,Well,Motorized Pump,Southern,False,0,Kalomo,2013,5GM87JH7+79C
1.0,178.0,147240.91026672514,39798.81624947322,157038.24744036054,50225.87396197997,12311.7948424899,-16.66415,26.48266,Borehole/Tubewell,Motorized Pump,Well,Motorized Pump,Southern,False,0,Kalomo,2013,5GM88FPM+83V
0.0,40.0,61028.71899683992,67340.81460585246,51906.37196652981,36455.53150700537,1603.868374427467,-15.230886666666668,27.746985,Borehole/Tubewell,Hand Pump - India Mark,Well,Hand Pump,Central,False,0,Chibombo,2014,5GP9QP9W+JQX
2.0,173.0,160674.6451633602,55612.68477816089,170485.11045359544,47349.40670715799,6070.790892287465,-16.52181,26.46384,Borehole/Tubewell,Motorized Pump,Well,Motorized Pump,Southern,False,0,Kalomo,2013,5GM8FFH7+7GG
9.0,95.0,61418.63549830485,68021.45220431902,52263.03258981084,35047.172155736625,2467.509086782768,-15.218193333333334,27.74796666666667,Borehole/Tubewell,Hand Pump - India Mark,Well,Hand Pump,Central,False,0,Chibombo,2014,5GP9QPJX+P5G
1.0,95.0,159494.79390836362,59853.92737349355,169279.83718855033,56897.90251340201,15954.604505628407,-16.49614,26.36622,Borehole/Tubewell,Motorized Pump,Well,Motorized Pump,Southern,False,0,Kalomo,2013,5GM8G938+GFX
33.0,45.0,55446.575981408416,61875.429260882986,46331.1036183391,32901.56717631224,4341.252430712651,-15.249223333333337,27.79541333333333,Protected Well,Hand Pump - Rope,Well,,Central,False,0,Chibombo,2012,5GP9QQ2W+857
1.0,216.0,166648.8995621978,60954.2866368312,176459.48371370364,43706.56436598671,3542.2419056800263,-16.47292,26.48762,Borehole/Tubewell,Motorized Pump,Well,Motorized Pump,Southern,False,0,Kalomo,2013,5GM8GFGQ+R2Q
5.0,1443.0,26890.951567131557,11635.285439329004,16654.784651640522,13917.747156680714,2592.0186141457093,-15.654466666666668,28.231565,Borehole/Tubewell,Hand Pump - India Mark,Well,Hand Pump,Lusaka,False,0,Chilanga,2014,5GPC86WJ+6J8
1.0,137.0,163389.8473754716,10298.51035452302,129509.64433351292,21380.82109971384,5345.88858707355,-16.60834,27.38117,Borehole/Tubewell,Motorized Pump,Well,Motorized Pump,Southern,False,0,Pemba,2013,5GM999RJ+MF7
1.0,298.0,25163.693993134224,10901.526292775226,18454.101791151865,16135.443034299982,6456.38161200851,-15.637735,28.336215,Borehole/Tubewell,Hand Pump - India Mark,Well,Hand Pump,Lusaka,False,0,Kafue,2014,5GPC986P+WF4
1.0,172.0,145819.08512988267,6821.804412799031,129732.14282375452,4811.165211261059,484.8688555552063,-16.49609,27.50127,Borehole/Tubewell,Motorized Pump,Well,Motorized Pump,Southern,False,0,Pemba,2013,5GM9GG32+HG6
43.0,34.0,61757.31598151664,29752.31235601663,51119.45009288787,1844.617182913105,10677.996025343728,-15.546751666666667,28.841765,Protected Well,Hand Pump - Rope,Well,,Lusaka,False,0,Chongwe,2014,5GPCFR3R+7PR
3.0,1860.0,39995.77564925067,3193.2008108198097,29109.529011303173,20014.40999392624,1181.1952815314146,-15.753383,28.147162,Borehole/Tubewell,,Well,,Lusaka,True,0,Kafue,2021,5GPC64WW+JVV
4.0,15366.0,90687.55144492134,771.8832675101725,15430.14848195288,16801.941588356513,75.09066394313089,-16.027617,28.84585,Borehole/Tubewell,,Well,,Lusaka,False,0,Chirundu,2021,5GMCXRCW+X85
1.0,204.0,256596.51928827885,32462.008449800946,32281.71865444914,37248.07820029131,1798.9452698166644,-15.571626,22.954651,Borehole/Tubewell,Hand Pump - India Mark,Well,Hand Pump,Western,False,0,Nalolo,2018,5GP4CXH3+8VR
0.0,4639.0,12358.696103303157,20759.7803826372,4411.015572653514,821.426916403384,984.1669815985516,-15.412967,28.397233,Borehole/Tubewell,,Well,,Lusaka,False,0,Lusaka,2017,5GPCH9PW+RV9
6.0,209.0,190123.75483264087,23055.546817118742,13316.952601738754,83399.00983540177,12025.130511790465,-15.974792,23.470738,Borehole/Tubewell,Hand Pump,Well,Hand Pump,Western,False,0,Senanga,2018,5GP52FGC+37Q
,,10914.68217788952,17145.503084959477,3504.804130980337,1025.7381315148457,307.6660670104417,-15.4419,28.3804,Piped Water,Public Tapstand,Piped Water,Public Tapstand,Lusaka,False,0,Lusaka,2017,5GPCH95J+65R
8.0,1795.0,240415.83925782357,1755.1214336190617,630.6338343323251,33094.635251222986,11535.65098396941,-15.56315,23.2714883,Borehole/Tubewell,Hand Pump,Well,Hand Pump,Western,False,0,Nalolo,2017,5GP5C7PC+PHX
0.0,69.0,64112.719697080254,31216.244241800898,53364.73920496304,4171.0091034111565,12397.807527550647,-15.546763333333336,28.86431166666667,Borehole/Tubewell,Hand Pump - India Mark,Well,Hand Pump,Lusaka,False,0,Chongwe,2014,5GPCFV37+7PV
1.0,2242.0,41784.9803247064,2732.578821449453,28136.08444783536,2448.2491101933115,100.56377434936802,-15.317943333333336,28.65786333333333,Borehole/Tubewell,Hand Pump - India Mark,Well,Hand Pump,Lusaka,False,0,Chongwe,2014,5GPCMMJ5+R4H
17.0,87.0,64130.82609018991,28803.027860011724,52812.2417279692,5391.071391482555,5973.989198469294,-15.510885,28.87175,Borehole/Tubewell,Hand Pump - India Mark,Well,Hand Pump,Lusaka,False,0,Chongwe,2014,5GPCFVQC+JPR
1.0,378.0,54944.42633726097,18689.738712017544,43048.84003521052,1536.7784427633176,901.6970201738764,-15.45762,28.79231,Borehole/Tubewell,Motorized Pump,Well,Motorized Pump,Lusaka,False,0,Chongwe,2013,5GPCGQRR+XW3
1.0,236.0,49771.65395579804,6195.494444853394,36094.61133461072,7784.562673891717,947.0905863782392,-15.295343333333337,28.728581666666667,Borehole/Tubewell,Hand Pump - India Mark,Well,Hand Pump,Lusaka,False,0,Chongwe,2014,5GPCPP3H+VC8
4.0,158.0,69424.60205943798,25452.18840173039,55857.90847604907,19790.68576529222,5644.507027365631,-15.27952,28.91312,Borehole/Tubewell,Hand Pump,Well,Hand Pump,Lusaka,False,0,Rufunsa,2021,5GPCPWC7+672
10.0,254.0,49835.60405196408,7779.990028858115,36699.09886331342,1922.4339141752928,6388.146643839956,-15.36405,28.74321833333333,Borehole/Tubewell,Hand Pump - India Mark,Well,Hand Pump,Lusaka,False,0,Chongwe,2014,5GPCJPPV+97P
,,11644.144267739195,17346.916524500575,3972.599700258963,1331.2520735392106,1042.1402798985862,-15.4449,28.3866,Piped Water,Public Tapstand,Piped Water,Public Tapstand,Lusaka,False,0,Lusaka,2017,5GPCH94P+2JX
48.0,308.0,48048.20712600189,47339.33167944142,39517.05038466479,23514.29231310241,1510.0662699509066,-15.43667,27.834993333333333,Protected Well,Hand Pump - Rope,Well,,Lusaka,False,0,Shibuyunji,2014,5GP9HR7M+8XQ
5.0,759.0,45100.87683080308,2565.6665210641777,31417.900171558504,4092.0815921611406,634.4630867626762,-15.304759999999998,28.68613,Borehole/Tubewell,Hand Pump - India Mark,Well,Hand Pump,Lusaka,False,0,Chongwe,2014,5GPCMMWP+3FR
1.0,154.0,47068.18358252636,4178.418722729043,33730.07160395203,3689.001707626436,3203.9295560060827,-15.34694,28.714682,Borehole/Tubewell,,Well,,Lusaka,False,0,Chongwe,2019,5GPCMP37+6VF
,,11290.089416134884,17594.05583466208,3991.728499209576,1373.9413448419837,527.9444459519164,-15.44,28.3845,Piped Water,Public Tapstand,Piped Water,Public Tapstand,Lusaka,False,0,Lusaka,2017,5GPCH96M+2R2
11.0,110.0,43471.54168029195,45304.42426587632,34912.27230495435,18856.385811538326,1744.1406503060043,-15.422769999999998,27.877211666666668,Protected Well,Hand Pump - Rope,Well,,Lusaka,False,0,Shibuyunji,2014,5GP9HVGG+VVW
0.0,74.0,72746.4619085832,28909.619640870173,59310.89683823128,21973.70470238341,7039.168493159746,-15.301017,28.94915,Borehole/Tubewell,,Well,,Lusaka,False,0,Rufunsa,2017,5GPCMWXX+HMR
11.0,183.0,39138.37031164327,42055.97501088572,30551.61180013014,14481.06503479918,3014.8665217544603,-15.403348333333334,27.917795,Borehole/Tubewell,Hand Pump - India Mark,Well,Hand Pump,Lusaka,False,0,Shibuyunji,2014,5GP9HWW9+M47
18.0,242.0,59903.46707218054,54633.43248874885,51318.12953589569,35338.60113385373,5351.332762052272,-15.3659,27.726591666666664,Borehole/Tubewell,Hand Pump - India Mark,Well,Hand Pump,Lusaka,False,0,Shibuyunji,2014,5GP9JPMG+JJW
36.0,225.0,60340.119101117954,66170.3478410572,51283.87460549673,37286.795403461394,167.7747815084747,-15.251726666666665,27.74648833333333,Protected Well,Hand Pump - Rope,Well,,Central,False,0,Chibombo,2014,5GP9PPXW+8H5
5.0,2986.0,,2269.7764821941914,148015.78525553347,1487.8278190065023,2876.1259075724784,-14.81989722,24.79055,Borehole/Tubewell,Hand Pump,Well,Hand Pump,Western,False,0,Kaoma,2016,5GQ65QJR+26V
1.0,502.0,159838.5534912179,16362.760154240554,101611.71958189628,15567.52687245574,27777.29004957469,-17.47464,27.31506,Borehole/Tubewell,Motorized Pump,Well,Motorized Pump,Southern,False,0,Sinazongwe,2012,5GJ9G8G8+42V
5.0,1441.0,167558.52763143703,18664.094382869724,94024.34804411276,17912.05958299764,22548.422094131693,-17.45836,27.38575,Borehole/Tubewell,Motorized Pump,Well,Motorized Pump,Southern,False,0,Sinazongwe,2013,5GJ9G9RP+M82
1.0,337.0,157599.04003612758,6657.733298012794,106456.61944827836,5791.921741048528,22630.343964248983,-17.39792,27.26838,Borehole/Tubewell,Motorized Pump,Well,Motorized Pump,Southern,False,0,Sinazongwe,2012,5GJ9J729+R9J
6.0,362.0,157033.69220291328,5613.791940044855,107299.31963831947,4797.162199849663,21578.00271796488,-17.392,27.26063,Borehole/Tubewell,Motorized Pump,Well,Motorized Pump,Southern,False,0,Sinazongwe,2014,5GJ9J756+57C
1.0,222.0,168240.35117089242,14341.045474527233,97024.23741880154,6715.75666633511,14829.523738244205,-17.35583,27.35914,Borehole/Tubewell,Motorized Pump,Well,Motorized Pump,Southern,False,0,Sinazongwe,2012,5GJ9J9V5+MM6
8.0,41.0,165119.71144855046,10334.793882324384,101766.0982253988,1752.177411029904,16728.636673950576,-17.32655,27.31673,Borehole/Tubewell,Motorized Pump,Well,Motorized Pump,Southern,False,0,Sinazongwe,2012,5GJ9M8F8+9MQ
1.0,658.0,178880.10528681683,24240.59796640943,88447.17899751932,9338.19386662311,4238.50937062074,-17.30263,27.44557,Borehole/Tubewell,Motorized Pump,Well,Motorized Pump,Southern,False,0,Sinazongwe,2012,5GJ9MCWW+W6W
0.0,650.0,168546.9694304488,14094.3058162035,100530.81348945825,42.96385501312877,13492.140248843943,-17.28333,27.33362,Borehole/Tubewell,Motorized Pump,Well,Motorized Pump,Southern,False,0,Sinazongwe,2012,5GJ9P88M+MC9
2.0,296.0,171992.37228893774,17366.76046243791,97202.22503784962,1463.442608093599,9976.628352312006,-17.27754,27.36613,Borehole/Tubewell,Motorized Pump,Well,Motorized Pump,Southern,False,0,Sinazongwe,2013,5GJ9P9C8+XFJ
0.0,197.0,172625.61456786527,18345.165594928112,97692.31490250396,178.5911903336029,9957.724007364644,-17.25889,27.36461,Borehole/Tubewell,Motorized Pump,Well,Motorized Pump,Southern,False,0,Sinazongwe,2014,5GJ9P9R7+CRX
18.0,260.0,89334.93079595317,50303.35607860431,80172.2550016994,21207.344028904,180.006399271253,-15.12644,27.505995,Borehole/Tubewell,Hand Pump - India Mark,Well,Hand Pump,Central,False,0,Mumbwa,2014,5GP9VGF4+C9H
2.0,84.0,116414.93644046238,46573.77748107319,35333.77543807683,139099.67515064322,39114.66578524167,-16.50919444,23.92847222,Borehole/Tubewell,Hand Pump - India Mark,Well,Hand Pump,Western,False,0,Senanga,2015,5GM5FWRH+89H
3.0,32.0,135510.11016553445,37809.21525289487,30940.30815808521,138314.63617648606,36962.96510440325,-16.382036,23.773917,Borehole/Tubewell,Hand Pump - India Mark,Well,Hand Pump,Western,False,0,Senanga,2017,5GM5JQ9F+5HM
28.0,81.0,62806.25250897342,58514.35066919821,51634.89471997347,15615.654531834312,1239.5830773709936,-15.048904999999998,27.836666666666662,Protected Well,Hand Pump - Rope,Well,,Central,False,0,Chibombo,2014,5GP9XR2P+CMM
4.0,56.0,177920.6931252215,12600.753924201848,9801.975348702574,97355.1903833606,12747.258458976174,-16.129926,23.416532,Borehole/Tubewell,Hand Pump,Well,Hand Pump,Western,False,0,Senanga,2015,5GM5VCC8+2JF
4.0,36.0,177875.04760341783,18747.457559259103,17144.834785003994,96067.24338364531,17537.54723691015,-16.096813,23.476886,Borehole/Tubewell,Hand Pump,Well,Hand Pump,Western,False,0,Senanga,2015,5GM5WF3G+7QC
1.0,143.0,142939.8050801435,30895.84003483043,152654.4798222857,43465.42560513496,9619.223629403788,-16.75531,26.56965,Borehole/Tubewell,Motorized Pump,Well,Motorized Pump,Southern,False,0,Kalomo,2013,5GM86HV9+VVC
1.0,103.0,164696.097739661,58422.35357060615,174506.7557195367,43340.56677290113,2114.564212571838,-16.49583,26.49614,Borehole/Tubewell,Motorized Pump,Well,Motorized Pump,Southern,False,0,Kalomo,2013,5GM8GF3W+MF6
1.0,164.0,164541.39422630766,59711.69012007724,174350.9395300276,46289.931182976,5370.136166965163,-16.48464,26.46586,Borehole/Tubewell,Motorized Pump,Well,Motorized Pump,Southern,False,0,Kalomo,2013,5GM8GF88+48X
3.0,736.0,170006.77025085664,62966.56601729886,179817.16329652208,39734.02412923197,127.17264425840028,-16.454,26.521,Borehole/Tubewell,Motorized Pump,Well,Motorized Pump,Southern,False,0,Kalomo,2013,5GM8GGWC+CC2
5.0,259.0,175505.66692335156,62541.81565991252,185313.55676476704,34754.49170305245,3236.7606401892385,-16.417,26.5609,Borehole/Tubewell,Motorized Pump,Well,Motorized Pump,Southern,False,0,Kalomo,2013,5GM8HHM6+692
7.0,502.0,176212.44096430577,65784.30345752911,186023.26086339707,37110.5638447844,745.8210819869279,-16.39923,26.53643,Borehole/Tubewell,Motorized Pump,Well,Motorized Pump,Southern,False,0,Kalomo,2013,5GM8JG2P+8H3
3.0,77.0,61015.28207929882,23076.061187101168,50391.13107812921,1560.1555363886978,9898.79803977036,-15.94985,28.1379255,Borehole/Tubewell,,Well,,Southern,False,0,Mazabuka,2021,5GPC342Q+357
5.0,339.0,,43875.38458523457,177113.26741265156,42709.17872582616,21.08954641072831,-14.87759,25.19852,Borehole/Tubewell,Hand Pump,Well,Hand Pump,Western,False,0,Nkeyema,2017,5GQ745CX+XC6
1.0,301.0,128878.80118925146,25931.984889865493,119026.19484936626,40830.40348615804,463.8946169099427,-16.10409,27.31154,Borehole/Tubewell,Motorized Pump,Well,Motorized Pump,Southern,False,0,Monze,2012,5GM9V8W6+9J7
0.0,200.0,125630.7053383629,17933.91294034084,115483.11646855027,34240.0415118247,1178.5872452150352,-16.14267,27.38098,Borehole/Tubewell,Motorized Pump,Well,Motorized Pump,Southern,False,0,Monze,2013,5GM9V94J+W9Q
0.0,125.0,121520.23254740138,15729.649150699768,111261.59699474958,33242.81115265134,4059.7333563005855,-16.14106,27.43002,Borehole/Tubewell,Motorized Pump,Well,Motorized Pump,Southern,False,0,Monze,2013,5GM9VC5J+H2C
1.0,178.0,154912.23656233205,53262.55206454161,145765.13961323551,10006.991528000164,738.1859523058044,-16.09198,27.01614,Borehole/Tubewell,Motorized Pump,Well,Motorized Pump,Southern,False,0,Namwala,2014,5GM9W258+6F2
1.0,252.0,152181.13600894556,50963.31604255359,143003.84523557572,12500.116430317456,582.7980249663505,-16.08637,27.04208,Borehole/Tubewell,Motorized Pump,Well,Motorized Pump,Southern,False,0,Namwala,2014,5GM9W27R+FR4
1.0,165.0,151535.86904830133,53300.68623262958,142499.78935480854,10524.489290676574,3451.0380342631183,-16.05694,27.03251,Borehole/Tubewell,Motorized Pump,Well,Motorized Pump,Southern,False,0,Namwala,2014,5GM9W2VM+62C
1.0,141.0,,80251.69994854477,84999.76041815267,63444.00686937591,987.2380239109626,-14.97894,23.8777,Borehole/Tubewell,Hand Pump,Well,Hand Pump,Western,False,0,Kaoma,2017,5GQ52VCH+C3G
0.0,305.0,102339.16042656034,8163.935554327164,91825.91474930482,28817.61988124493,3327.521224949577,-16.0741,27.61077,Borehole/Tubewell,Motorized Pump,Well,Motorized Pump,Southern,False,0,Mazabuka,2012,5GM9WJG6+986
1.0,194.0,95111.95738781802,13243.74860863052,84376.638123742,24455.84452920648,4063.898423192424,-16.07144,27.70749,Borehole/Tubewell,Motorized Pump,Well,Motorized Pump,Southern,False,0,Mazabuka,2013,5GM9WPH4+CXH
4.0,719.0,92769.55132742116,34407.825404686606,15986.61252318186,295.6640667054812,21696.36578413732,-16.2027,28.58265,Borehole/Tubewell,,Well,,Lusaka,False,0,Chirundu,2021,5GMCQHWM+W3C
3.0,223.0,87967.63480334016,44736.40383143837,27559.20440975982,8254.58686901946,12612.361591800722,-16.191,28.467,Borehole/Tubewell,Hand Pump - India Mark,Well,Hand Pump,Southern,False,0,Chikankanta,2018,5GMCRF58+JR2
0.0,719.0,96777.26737635898,19272.51801340691,750.4153321622016,7744.494549745073,18730.948881300086,-16.169667,28.741167,Borehole/Tubewell,Hand Pump - India Mark,Well,Hand Pump,Lusaka,False,0,Chirundu,2016,5GMCRPJR+4FM
9.0,227.0,,17736.615940316362,158319.29611246588,16793.602337769,17436.307394188563,-14.8265,24.96122778,Borehole/Tubewell,Hand Pump - India Mark,Well,Hand Pump,Western,False,0,Nkeyema,2017,5GQ65XF6+CF5
2.0,90.0,89096.68488281613,11029.981178750406,5205.61978077971,6099.335950103226,10377.71962965924,-16.076,28.759,Borehole/Tubewell,Hand Pump - India Mark,Well,Hand Pump,Lusaka,False,0,Chirundu,2018,5GMCWQF5+JJ2
2.0,900.0,93772.58091092862,5059.837516053752,12315.054485315915,13826.78932028537,4661.873823957906,-16.074333,28.833667,Borehole/Tubewell,Hand Pump - India Mark,Well,Hand Pump,Lusaka,False,0,Chirundu,2018,5GMCWRGM+7F7
2.0,661.0,92805.57136327816,3394.362093845964,12672.53107023654,14652.188907560769,2978.9697101294632,-16.059667,28.837833,Borehole/Tubewell,Hand Pump - India Mark,Well,Hand Pump,Lusaka,False,0,Chirundu,2018,5GMCWRRQ+44P
0.0,653.0,30874.2113639813,13109.081852484296,20017.753644382025,15443.737572584,1635.1478676614183,-15.642463333333334,28.11340333333333,Borehole/Tubewell,Hand Pump - India Mark,Well,Hand Pump,Lusaka,False,0,Kafue,2014,5GPC9457+296
3.0,1041.0,80978.47029828587,17460.324937659465,731.1308788796704,7423.703213947063,16819.8002586884,-16.0335,28.688333,Borehole/Tubewell,Hand Pump - India Mark,Well,Hand Pump,Lusaka,False,0,Chirundu,2019,5GMCXM8Q+J84
3.0,380.0,80252.08322936461,18149.488097589365,1399.843853726626,8033.713524512136,17505.639587018264,-16.029675,28.681904,Borehole/Tubewell,,Well,,Lusaka,False,0,Chirundu,2021,5GMCXMCJ+4QJ
3.0,768.0,80140.72794420864,17153.146604135254,731.7941989344199,8531.672040296546,16503.77322925879,-16.0225,28.6915,Borehole/Tubewell,Hand Pump - India Mark,Well,Hand Pump,Lusaka,False,0,Chirundu,2018,5GMCXMHR+2J2
0.0,5381.0,90611.496001929,2122.9910982991905,13612.090472772812,15022.026073464964,1463.5815786088697,-16.0379333,28.8326222,Borehole/Tubewell,,Well,,Lusaka,False,0,Chirundu,2018,5GMCXR6M+R2H
4.0,743.0,88710.55093992104,4500.120525055272,12125.323961004222,13062.965475541125,3862.539243466132,-16.034333,28.8095,Borehole/Tubewell,Hand Pump - India Mark,Well,Hand Pump,Lusaka,False,0,Chirundu,2019,5GMCXR85+7R6
3.0,2041.0,89508.94399386318,2616.466239640063,16879.15179588409,18384.842890661017,679.3076929357384,-16.008333,28.851333,Borehole/Tubewell,Hand Pump - India Mark,Well,Hand Pump,Lusaka,False,0,Chirundu,2018,5GMCXVR2+MG8
2.0,103.0,268370.2427423446,26955.81923636853,23059.42485403835,25866.6145780762,8307.378303235193,-15.441428,22.961414,Borehole/Tubewell,Hand Pump,Well,Hand Pump,Western,False,0,Mongu,2018,5GP4HX56+CHF
1.0,318.0,301606.80771669385,42291.78841647447,28854.851716699275,62986.13675684159,505.7048570436868,-15.355996,22.54514,Borehole/Tubewell,Hand Pump - India Mark,Well,Hand Pump,Western,False,0,Kalabo,2016,5GP4JGVW+J32
,2488.0,,70663.18215703298,86853.12242341533,6266.885113171221,501.4559438601957,-14.54017,24.19972,Protected Well,Hand Pump,Well,Hand Pump,Western,False,0,Kaoma,2021,5GQ6F55X+WVQ
0.0,59.0,36187.808150598976,25375.19026119255,27958.807618127143,1891.2471007975728,6875.024952923472,-15.540626666666666,28.594130000000003,Borehole/Tubewell,Hand Pump - India Mark,Well,Hand Pump,Lusaka,False,0,Kafue,2014,5GPCFH5V+PMR
,1891.0,,70210.7827239392,86692.0048170787,5449.472382169773,423.3491132227026,-14.53568,24.20643,Protected Well,Hand Pump,Well,Hand Pump,Western,False,0,Kaoma,2021,5GQ6F674+PHF
4.0,326.0,,24766.227811403027,3686.275723616784,40997.64686925784,524.8653242510577,-15.20696,22.74868,Borehole/Tubewell,Hand Pump - India Mark,Well,Hand Pump,Western,False,0,Kalabo,2018,5GP4QPVX+6F7
5.0,289.0,,14451.283772989242,771.0122149379864,47397.40122078012,4371.583816569865,-15.12069444,22.71119444,Borehole/Tubewell,Hand Pump,Well,Hand Pump,Western,False,0,Kalabo,2018,5GP4VPH6+PFG
2.0,751.0,,15816.765599934632,9777.14121667973,41509.70494152921,10566.446933410309,-15.086379,22.787692,Borehole/Tubewell,Hand Pump - India Mark,Well,Hand Pump,Western,False,0,Kalabo,2017,5GP4WQ7Q+C3W
3.0,324.0,,43693.42080983664,41418.41981076204,96254.24845422464,140.42938603178658,-15.01411111,22.26875556,Borehole/Tubewell,Hand Pump,Well,Hand Pump,Western,False,0,Sikongo,2015,5GP4X7P9+9G2
2.0,314.0,,42988.63164351216,40764.33855397129,95669.2253589016,186.3000092797857,-15.01176,22.275207,Borehole/Tubewell,Hand Pump,Well,Hand Pump,Western,False,0,Sikongo,2014,5GP4X7QG+656
9.0,191.0,86627.18767122462,54577.3195701641,73835.04528561141,21886.41287151299,9477.27812568393,-14.699271666666668,27.95904,Borehole/Tubewell,Hand Pump - India Mark,Well,Hand Pump,Central,False,0,Chibombo,2014,5GQ98X25+7JV
1.0,205.0,200870.1494849506,17536.45017488539,2547.192363965701,74868.04846308022,2987.7442358892727,-15.94625,23.31633333,Borehole/Tubewell,Hand Pump,Well,Hand Pump,Western,False,0,Senanga,2014,5GP53838+GG4
3.0,310.0,205881.143735157,23003.265047755445,2603.8733390327243,69406.29352250064,3566.772999135025,-15.89644,23.31162,Borehole/Tubewell,Hand Pump,Well,Hand Pump,Western,False,0,Senanga,2014,5GP54836+CJH
6.0,191.0,36326.98200559779,19637.141056125824,26237.85813613548,3726.6601657988954,5412.120791920325,-15.491566666666666,28.611663333333333,Borehole/Tubewell,Hand Pump - India Mark,Well,Hand Pump,Lusaka,False,0,Chongwe,2014,5GPCGJ56+9MF
3.0,326.0,210293.6606024936,28371.807284124705,85.34274415694547,64386.851799862525,8120.048262052461,-15.84808333,23.31613889,Borehole/Tubewell,Hand Pump,Well,Hand Pump,Western,False,0,Senanga,2016,5GP55828+QF6
4.0,221.0,214774.23262997085,26523.313796951745,1857.1511257160407,59655.31378528444,12885.386606618626,-15.80533333,23.30955556,Borehole/Tubewell,Hand Pump,Well,Hand Pump,Western,False,0,Senanga,2017,5GP558V5+VR7
8.0,636.0,227295.3179135083,13214.27331766626,791.1253911769011,46508.18916934156,24795.75944532557,-15.684965,23.2942717,Borehole/Tubewell,Hand Pump,Well,Hand Pump,Western,False,0,Senanga,2017,5GP5878V+2P6
9.0,448.0,229062.05306762533,12294.52650836731,3817.757826416742,45197.683379484624,24637.709656850853,-15.681907,23.264952,Borehole/Tubewell,Hand Pump,Well,Hand Pump,Western,False,0,Nalolo,2017,5GP58797+6XP
7.0,429.0,229187.93215877985,12159.850968406186,3819.651606399664,45064.63225111366,24506.836497505625,-15.68069722,23.26479722,Borehole/Tubewell,Hand Pump,Well,Hand Pump,Western,False,0,Nalolo,2016,5GP58797+PWF
15.0,122.0,114502.59085814076,74754.13196058775,102170.34442332516,29849.81518973981,5890.609686377331,-14.598056666666666,27.630585,Protected Well,Rope and Bucket,Well,Rope and Bucket,Central,False,0,Chibombo,2014,5GQ9CJ2J+Q6G
1.0,9.0,245776.9720794947,26134.26610404133,28085.522210861636,41155.78813424247,4736.62438395029,-15.64361111,23.02538889,Borehole/Tubewell,Hand Pump,Well,Hand Pump,Western,False,0,Nalolo,2014,5GP5924G+H52
4.0,488.0,245790.3127997926,5475.0497355120415,2572.57227871381,27848.92032470625,8773.283003757813,-15.52597222,23.23625,Borehole/Tubewell,Hand Pump,Well,Hand Pump,Western,False,0,Nalolo,2017,5GP5F6FP+JG6
3.0,370.0,247071.14860670036,6750.849053645101,2966.497838154953,26594.0690456288,7861.03265067477,-15.516254,23.229626,Borehole/Tubewell,Hand Pump - India Mark,Well,Hand Pump,Western,False,0,Nalolo,2017,5GP5F6MH+FVR
1.0,759.0,46409.15284301345,6680.426247743532,33439.95621569352,196.8612283812705,5453.3867154533,-15.379563333333332,28.712795,Borehole/Tubewell,Hand Pump - India Mark,Well,Hand Pump,Lusaka,False,0,Chongwe,2014,5GPCJPC7+54F
9.0,105.0,91487.45832969045,71942.39302462956,79289.28979331844,13301.814090259131,4980.940663492637,-14.778893333333334,27.740295,Borehole/Tubewell,Hand Pump - India Mark,Well,Hand Pump,Central,False,0,Chibombo,2014,5GQ96PCR+C4V
5.0,102.0,235407.66699605997,43014.70575242384,38180.83570173038,56167.17499906867,395.4054681332042,-15.468398,23.643998,Borehole/Tubewell,Hand Pump,Well,Hand Pump,Western,False,0,Mongu,2018,5GP5GJJV+JHX
2.0,412.0,261432.00506356935,14942.57115859847,2443.3329672907857,12189.526201845883,7160.6969487877,-15.395087,23.180228,Borehole/Tubewell,Hand Pump - India Mark,Well,Hand Pump,Western,False,0,Mongu,2017,5GP5J53J+X39
8.0,3233.0,83533.78977237178,44377.33511506787,70851.40985425687,22240.474238157432,23026.21694586398,-14.682763333333332,28.09910166666667,Borehole/Tubewell,Hand Pump - India Mark,Well,Hand Pump,Central,False,0,Chibombo,2014,5GQC838X+VJX
1.0,1353.0,,6826.7250243616345,8887.361391002434,7040.781567488684,545.3778028211593,-15.190825,23.150363,Borehole/Tubewell,Hand Pump - India Mark,Well,Hand Pump,Western,False,0,Mongu,2016,5GP5R552+M4H
0.0,20.0,161000.7369521278,38216.93985712701,84764.61683604606,3294.7035694051697,23212.057576152016,-16.79204,27.79204,Borehole/Tubewell,Motorized Pump,Well,Motorized Pump,Southern,False,0,Gwembe,2015,5GM96Q5R+5RM
9.0,146.0,,35503.390377700416,36684.50919109845,35400.99002013845,2157.7927291677565,-15.17722222,23.47416667,Borehole/Tubewell,Hand Pump - India Mark,Well,Hand Pump,Western,False,0,Limulunga,2018,5GP5RFFF+4M7
0.0,150.0,83717.95035904148,52250.49707144879,70926.2540427193,18968.83750423619,8484.08058111495,-14.7242,27.9679,Borehole/Tubewell,,Well,,Central,False,0,Chibombo,2020,5GQ97XG9+85C
2.0,,317263.6897933012,2528.4150982863566,1413.3278488570718,3467.9348999729104,2829.854793469095,-10.230605,31.18120833333333,Piped Water,Rope and Bucket,Piped Water,Rope and Bucket,Northern,True,0,Kasama,2014,5GXHQ59J+QF4
10.0,347.0,,56020.7465100116,58978.42827316733,57915.50358597224,8048.793358528098,-15.095699,23.667549,Borehole/Tubewell,Hand Pump,Well,Hand Pump,Western,False,0,Limulunga,2014,5GP5WM39+P2F
7.0,5293.0,42794.625637106124,1182.305544146475,29254.005212141838,805.9380901968531,319.3299643099402,-15.330610000000002,28.67081166666667,Protected Well,Hand Pump - Rope,Well,,Lusaka,False,0,Chongwe,2014,5GPCMM9C+Q83
4.0,65.0,113689.32607400537,61159.721408917365,101878.42841895611,22417.70777636664,4939.189344645877,-14.685593333333337,27.539013333333333,Protected Well,Rope and Bucket,Well,Rope and Bucket,Central,False,0,Chibombo,2014,5GQ98G7Q+QJ6
0.0,89.0,173152.40059641306,85899.4698294924,154391.94004772973,41011.8977058192,14659.286473895016,-14.967288,29.825572,Borehole/Tubewell,,Well,,Lusaka,False,0,Rufunsa,2018,5GQF2RMG+36P
1.0,96.0,152964.5755908002,55038.82051916416,143974.8164325698,8712.817437960752,3332.043424516434,-16.05397,27.01586,Borehole/Tubewell,Motorized Pump,Well,Motorized Pump,Southern,False,0,Namwala,2014,5GM9W2W8+C89
0.0,4369.0,43115.80709348401,1439.5129351120922,29493.291897036743,2049.7003589696724,660.2364747500321,-15.319171666666668,28.671018333333336,Borehole/Tubewell,Hand Pump - India Mark,Well,Hand Pump,Lusaka,False,0,Chongwe,2014,5GPCMMJC+8CJ
11.0,545.0,88890.55245827569,5867.797628737008,78919.88859863824,15049.163952636643,4973.603056768272,-15.91197,27.62959,Borehole/Tubewell,Motorized Pump,Well,Motorized Pump,Southern,False,0,Mazabuka,2013,5GP93JQH+6R8
5.0,522.0,87027.39040500358,3895.89219255999,76908.95281982402,12744.28224408395,7279.506565273991,-15.92092,27.65941,Borehole/Tubewell,Motorized Pump,Well,Motorized Pump,Southern,False,0,Mazabuka,2014,5GP93MH5+JQM
1.0,97.0,94992.527626257,23969.84975261272,86315.86647607971,30244.49944745672,16005.800204832043,-15.78853,27.48394,Borehole/Tubewell,Motorized Pump,Well,Motorized Pump,Southern,False,0,Mazabuka,2013,5GP96F6M+HHP
12.0,374.0,44253.17405226787,39201.96863769082,36101.51506754173,21939.409128468204,3843.769988280045,-15.525198333333332,27.885315,Borehole/Tubewell,Hand Pump - India Mark,Well,Hand Pump,Lusaka,False,0,Shibuyunji,2014,5GP9FVFP+W4G
23.0,542.0,42537.80329275018,40106.096950209736,34295.009217051906,19659.354151970598,1432.4974854642169,-15.503586666666669,27.89609833333333,Protected Well,Hand Pump - Rope,Well,,Lusaka,False,0,Shibuyunji,2014,5GP9FVWW+HC9
0.0,1573.0,160245.86779348715,12629.461302373044,102263.82792568085,11389.737006566274,24994.47545080618,-17.43661,27.30756,Borehole/Tubewell,Motorized Pump,Well,Motorized Pump,Southern,False,0,Sinazongwe,2014,5GJ9H875+923
11.0,140.0,167763.27339713342,13119.968652427207,100655.37027662928,50.67280942329689,14097.311720080514,-17.29543,27.33076,Borehole/Tubewell,Motorized Pump,Well,Motorized Pump,Southern,False,0,Sinazongwe,2013,5GJ9P83J+R8C
2.0,16.0,165906.5108778049,11481.739951085689,102732.0249220428,1723.4718060047944,16058.784345436832,-17.29387,27.31128,Borehole/Tubewell,Motorized Pump,Well,Motorized Pump,Southern,False,0,Sinazongwe,2013,5GJ9P846+FG2
0.0,586.0,96900.15419178242,19596.711843990517,1018.3717675555356,7587.676794969111,19055.14240323835,-16.172,28.739333,Borehole/Tubewell,Hand Pump - India Mark,Well,Hand Pump,Lusaka,False,0,Chirundu,2016,5GMCRPHQ+6P4
0.0,572.0,59924.89475991488,45195.02372928275,51412.54688096859,35431.03767593719,387.7243796707487,-15.451566666666668,27.725015,Borehole/Tubewell,Hand Pump - India Mark,Well,Hand Pump,Lusaka,False,0,Shibuyunji,2014,5GP9GPXG+92C
5.0,634.0,181685.5296902708,29170.480948010027,94814.29051509388,25.012475826277104,1088.7160643483496,-17.16583,27.41495,Borehole/Tubewell,Motorized Pump,Well,Motorized Pump,Southern,False,0,Sinazongwe,2013,5GJ9RCM7+MX8
3.0,557.0,54975.95315937049,41275.72718425614,46587.05552575112,30913.169428238318,5508.136125765312,-15.485701666666667,27.774906666666663,Protected Well,Hand Pump - Rope,Well,,Lusaka,False,0,Shibuyunji,2014,5GP9GQ7F+PX7
4.0,848.0,180400.81431942253,30115.92434853147,99142.1291318438,216.73083746106656,2911.7250114229864,-17.13047,27.3838,Borehole/Tubewell,Motorized Pump,Well,Motorized Pump,Southern,False,0,Sinazongwe,2013,5GJ9V99M+RG7
,436.0,181240.4768340517,30694.335471988663,98311.97679793429,1011.2827984081098,2261.382685832431,-17.12977,27.39225,Borehole/Tubewell,Motorized Pump,Well,Motorized Pump,Southern,False,0,Sinazongwe,2013,5GJ9V9CR+3WR
,2622.0,191681.20480290253,27785.434444973005,26149.11729118519,66641.86253085824,450.5582516582149,-12.501363,25.881256,Protected Well,Hand Pump,Well,Hand Pump,North-Western,False,0,Kalumbila,2019,5GV7FVXJ+FG2
4.0,447.0,44175.21733559862,43059.78781851469,35844.99332020685,20558.9005576804,1188.2022440197888,-15.484686666666668,27.8766,Borehole/Tubewell,Hand Pump - Rope,Well,,Lusaka,False,0,Shibuyunji,2014,5GP9GV8G+4JH
0.0,266.0,77878.80451989715,39972.76707025028,62982.40146755021,16135.07103418192,7258.835689947792,-16.0999333,28.1088444,Borehole/Tubewell,,Well,,Southern,False,0,Chikankanta,2018,5GMCW425+2GH
2.0,242.0,37310.69330398791,36604.35367733734,29044.052096084957,14535.619841393493,2286.4085093633,-15.487438333333332,27.942293333333332,Borehole/Tubewell,Hand Pump - India Mark,Well,Hand Pump,Lusaka,False,0,Shibuyunji,2014,5GP9GW7R+2WF
17.0,569.0,68846.55729162937,38373.43584061455,56063.848650630665,5011.945216425126,13199.416262206892,-14.835955000000002,28.05159833333333,Borehole/Tubewell,,Well,,Central,False,0,Chisamba,2014,5GQC5372+JJ9
6.0,338.0,191534.58841898895,7892.453901825997,113.2639830127638,85011.49972705684,3493.4531538008428,-16.03769444,23.32872222,Borehole/Tubewell,Hand Pump - India Mark,Well,Hand Pump,Western,False,0,Senanga,2018,5GM5X86H+WFH
,2.0,172753.67326309715,39095.71698711453,68918.95592733643,94606.4968383334,11573.92304576674,-12.27616,25.5573,Protected Well,Hand Pump,Well,Hand Pump,North-Western,False,0,Kalumbila,2021,5GV7PHF4+GWM
1.0,372.0,179612.07993215247,58919.83338738738,189407.39398249888,27884.19161030471,4164.303669920992,-16.40537,26.62413,Borehole/Tubewell,Motorized Pump,Well,Motorized Pump,Southern,False,0,Kalomo,2013,5GM8HJVF+VM2
2.0,352.0,60004.19096102653,47649.69917417871,51449.36745121151,35391.54667843188,1947.864152449254,-15.429444999999998,27.723291666666668,Borehole/Tubewell,Hand Pump - India Mark,Well,Hand Pump,Lusaka,False,0,Shibuyunji,2014,5GP9HPCF+68F
0.0,1138.0,42455.38807559001,5415.501993168925,29421.240601172394,1313.3710241809763,1434.08616242282,-15.376081666666668,28.675441666666664,Borehole/Tubewell,Hand Pump - India Mark,Well,Hand Pump,Lusaka,False,0,Chongwe,2014,5GPCJMFG+H58
1.0,114.0,169998.55448928746,61917.59935003108,161015.87589133618,5541.068208289241,6089.541798965722,-16.12,26.872,Borehole/Tubewell,Motorized Pump,Well,Motorized Pump,Southern,False,0,Namwala,2014,5GM8VVJC+2R2
1.0,82.0,157900.68755281327,55413.42191399559,148763.30764327914,7110.014278684576,1505.1465690820828,-16.10251,26.99027,Borehole/Tubewell,Motorized Pump,Well,Motorized Pump,Southern,False,0,Namwala,2014,5GM8VXWR+X4R
14.0,594.0,56781.91952264443,50373.92775264442,48198.10502036323,32119.079703024523,4183.742959739331,-15.403311666666664,27.753356666666665,Borehole/Tubewell,Hand Pump - India Mark,Well,Hand Pump,Lusaka,False,0,Shibuyunji,2014,5GP9HQW3+M8H
0.0,208.0,69056.03697327779,25148.825746656108,55394.09606553568,20625.60496473307,5815.806756123412,-15.2561667,28.9036667,Borehole/Tubewell,Hand Pump - India Mark,Well,Hand Pump,Lusaka,False,0,Rufunsa,2015,5GPCPWV3+GFM
44.0,917.0,48964.65998814664,45894.95459077545,40465.677159062834,24537.77759374364,53.28076827625463,-15.448661666666665,27.827166666666667,Borehole/Tubewell,,Well,,Lusaka,False,0,Shibuyunji,2014,5GP9HR2G+GVM
0.0,267.0,178788.71238337673,16791.460900440306,113618.43594288394,15463.55480102186,18527.11513750345,-16.79605,27.41243,Borehole/Tubewell,Motorized Pump,Well,Motorized Pump,Southern,False,0,Pemba,2013,5GM96C36+HXM
0.0,680.0,77067.68543856384,33099.19434260071,63509.56710487255,26896.746687447503,12164.474294840038,-15.2678333,28.9833333,Borehole/Tubewell,Hand Pump - India Mark,Well,Hand Pump,Lusaka,False,0,Rufunsa,2015,5GPCPXJM+V88
3.0,210.0,268425.9392268155,34693.95239927039,31046.27704132601,33578.62085673502,697.7659133679647,-15.479292,22.898847,Borehole/Tubewell,Hand Pump,Well,Hand Pump,Western,False,0,Kalabo,2017,5GP4GVCX+7GQ
24.0,286.0,48247.08309273047,49064.44600374647,39682.05298724824,23613.79544904085,3106.72389921118,-15.420508333333332,27.832691666666665,Borehole/Tubewell,Hand Pump - India Mark,Well,Hand Pump,Lusaka,False,0,Shibuyunji,2014,5GP9HRHM+Q3W
0.0,88.0,164387.06975824654,9255.966224012733,129940.9811376914,22071.6442945959,6467.040782538129,-16.61266,27.3715,Borehole/Tubewell,Motorized Pump,Well,Motorized Pump,Southern,False,0,Pemba,2013,5GM999PC+WJJ
,410.0,45144.91528180189,46175.623282202025,36633.12849912525,20686.19611780562,2379.803871237905,-15.44177,27.86236166666667,Protected Well,Rope and Bucket,Well,Rope and Bucket,Lusaka,False,0,Shibuyunji,2014,5GP9HV56+7WX
4.0,220.0,43101.99332988508,45722.63784195804,34515.66867587107,18442.499742080625,768.7505754409377,-15.402831666666668,27.880866666666662,Protected Well,Hand Pump - Rope,Well,,Lusaka,False,0,Shibuyunji,2014,5GP9HVWJ+V89
7.0,293.0,208058.0290760788,98755.5477574616,65537.32066113836,105129.01353399552,34330.56493894464,-12.648926666666666,31.01468,Protected Well,Rope and Bucket,Well,Rope and Bucket,Muchinga,False,0,Lavushimanda,2014,5GVH9227+CVF
10.0,4394.0,82592.46602734306,43476.60552268544,69909.68778840262,21452.834310830134,22944.68034068953,-14.6907,28.10257333333333,Borehole/Tubewell,Hand Pump - India Mark,Well,Hand Pump,Central,False,0,Chisamba,2014,5GQC8453+P28
13.0,715.0,35294.65007207947,36772.73611140942,26816.74754923408,11083.105773705856,618.3438790374536,-15.44244,27.954415,Borehole/Tubewell,Hand Pump - India Mark,Well,Hand Pump,Lusaka,False,0,Shibuyunji,2014,5GP9HX53+2QF
0.0,31.0,127051.40164396136,16165.9001489102,116844.53174183148,32137.1548590481,167.40381869946407,-16.16263,27.38098,Borehole/Tubewell,Motorized Pump,Well,Motorized Pump,Southern,False,0,Monze,2013,5GM9R9PJ+W9X
0.0,131.0,154550.17703389903,6863.250735597334,112332.29675562412,9276.377625181069,7311.170025654424,-11.6697,24.43199,Borehole/Tubewell,Motorized Pump,Well,Motorized Pump,North-Western,False,0,Mwinilunga,2014,5GW68CJJ+4QH
1.0,169.0,128405.11246805268,22497.7727693872,118421.63966864982,37709.46327735262,964.371300888734,-16.12615,27.33415,Borehole/Tubewell,Motorized Pump,Well,Motorized Pump,Southern,False,0,Monze,2012,5GM9V8FM+GMR
0.0,677.0,92999.0315261,35419.592071505496,16678.929856877952,263.71626218443464,20697.39073297306,-16.2077,28.574728,Borehole/Tubewell,,Well,,Lusaka,False,0,Chirundu,2018,5GMCQHRF+WVH
3.0,752.0,93015.22079063716,34616.76293231894,15976.018004518488,83.3133351579956,21523.86730769384,-16.205275,28.582068,Borehole/Tubewell,,Well,,Lusaka,False,0,Chirundu,2021,5GMCQHVJ+VRW
24.0,176.0,40506.85413762234,43714.83955145564,31917.51146577821,15891.804961628137,1660.9378988948615,-15.393233333333336,27.905565000000003,Borehole/Tubewell,Hand Pump - India Mark,Well,Hand Pump,Lusaka,False,0,Shibuyunji,2014,5GP9JW44+P64
2.0,260.0,,4619.4913189928175,1772.0266631729985,54814.047331563495,4174.1858636616,-15.036788,22.67458,Borehole/Tubewell,Hand Pump - India Mark,Well,Hand Pump,Western,False,0,Kalabo,2017,5GP4XM7F+7RP
0.0,140.0,81914.15425884236,44144.56005399226,27396.395417974734,13964.944388399688,17162.509468976168,-16.137833,28.453667,Borehole/Tubewell,Hand Pump - India Mark,Well,Hand Pump,Southern,False,0,Siavonga,2016,5GMCVF63+VF7
2.0,456.0,,4475.714228145506,719.3379525128382,55900.2961728517,4149.635926918745,-15.034294,22.664507,Borehole/Tubewell,Hand Pump - India Mark,Well,Hand Pump,Western,False,0,Kalabo,2017,5GP4XM87+7RJ
15.0,872.0,56717.74132671624,58598.87253947728,48020.50377567928,32519.871011435687,126.70858329522493,-15.328915,27.761635,Borehole/Tubewell,Hand Pump - India Mark,Well,Hand Pump,Lusaka,False,0,Shibuyunji,2014,5GP9MQC6+CMJ
5.0,24.0,91965.416958147,17084.713376397463,953.195748005915,3866.36992986926,16467.784900836585,-16.127667,28.726167,Borehole/Tubewell,Hand Pump - India Mark,Well,Hand Pump,Lusaka,False,0,Chirundu,2020,5GMCVPCG+WFM
4.0,107.0,77479.80236353552,36775.79216374049,63786.5990624692,36594.20125983,18807.12149090085,-15.088867,28.9196,Borehole/Tubewell,,Well,,Central,False,0,Chisamba,2021,5GPCWW69+FR5
2.0,229.0,215356.70332964987,25827.14218126114,2193.5762106111506,58987.87114733058,13585.956470817073,-15.79858333,23.31097222,Borehole/Tubewell,Hand Pump,Well,Hand Pump,Western,False,0,Senanga,2014,5GP56826+H99
26.0,153.0,58389.17858184539,63835.69825829929,49402.73433016555,35033.23416207413,1514.4069039495948,-15.272935,27.758876666666666,Protected Well,Hand Pump - Rope,Well,,Central,False,0,Chibombo,2014,5GP9PQG5+RHC
2.0,9199.0,89358.47817856539,2124.1605286943595,15074.629292748754,16282.480114424328,1426.5544966127743,-16.020167,28.835833,Borehole/Tubewell,Hand Pump - India Mark,Well,Hand Pump,Lusaka,False,0,Chirundu,2018,5GMCXRHP+W8P
2.0,91.0,266871.1744554808,28662.267889399573,25003.84156185158,27465.684874999333,7191.492417814746,-15.459412,22.957954,Borehole/Tubewell,Hand Pump - India Mark,Well,Hand Pump,Western,False,0,Mongu,2018,5GP4GXR5+65P
32.0,82.0,53339.48626171777,59917.49525014743,44214.75412148958,30938.154483739523,2548.280119614853,-15.252781666666666,27.814936666666668,Protected Well,Hand Pump - Rope,Well,,Central,False,0,Chibombo,2014,5GP9PRW7+VXM
3.0,931.0,206546.7104266664,98615.22129608253,65071.8180460552,103719.87431796775,31553.63820100997,-12.674455,31.015,Borehole/Tubewell,Hand Pump - India Mark,Well,Hand Pump,Muchinga,False,0,Lavushimanda,2014,5GVH82G8+626
0.0,230.0,278123.78501884954,22396.95139908048,14783.923371698464,21129.368028233883,13431.477435147412,-15.34786,22.94541,Borehole/Tubewell,Hand Pump - India Mark,Well,Hand Pump,Western,False,0,Mongu,2016,5GP4MW2W+V53
2.0,59.0,50882.27513782983,6908.348289906541,37321.55257812014,7477.939010946207,3238.8177538341583,-15.31385,28.744117,Borehole/Tubewell,,Well,,Lusaka,False,0,Chongwe,2019,5GPCMPPV+FJ9
1.0,645.0,142920.05715188014,98974.32233437269,129241.6696898842,67224.48588982812,6932.17232548954,-15.082867,29.567333,Borehole/Tubewell,,Well,,Lusaka,False,0,Rufunsa,2018,5GPFWH88+VW4
1.0,79.0,302088.9357191708,29028.186158972072,11803.516313512324,48115.565855697576,845.6100546847875,-15.25737,22.6770717,Borehole/Tubewell,Hand Pump - Afridev,Well,Hand Pump,Western,False,0,Kalabo,2018,5GP4PMVG+3R4
1.0,25.0,230683.59423707897,47730.97142390814,42350.25718146333,62561.20106841858,4099.647870736018,-15.498243,23.695836,Borehole/Tubewell,Hand Pump - India Mark,Well,Hand Pump,Western,False,0,Mongu,2015,5GP5GM2W+P84
1.0,294.0,,40482.2234151516,34279.80330955877,81084.0362213217,12324.039340679188,-15.213276,22.372298,Borehole/Tubewell,Hand Pump - India Mark,Well,Hand Pump,Western,False,0,Sikongo,2016,5GP4Q9PC+MWM
2.0,77.0,57373.02226723308,63563.63811449096,48279.87761860577,34612.747615971,3172.2243253464003,-15.249928333333331,27.776175,Protected Well,Hand Pump - Rope,Well,,Central,False,0,Chibombo,2014,5GP9QQ2G+2FF
32.0,92.0,57848.72210920586,64387.055418566015,48711.10384641525,35411.41255922258,3805.937075766332,-15.235449999999998,27.776775,Protected Well,Hand Pump - Rope,Well,,Central,False,0,Chibombo,2014,5GP9QQ7G+VPH
3.0,23.0,131772.1819608554,81231.99384998635,119068.99200490394,91612.78929513229,14051.966276583904,-11.89162,25.26607,Borehole/Tubewell,Motorized Pump,Well,Motorized Pump,North-Western,False,0,Kalumbila,2013,5GW74758+9C4
1.0,38.0,239054.3276443891,55509.365666981554,50957.71392864109,64716.51722982036,11161.872870236451,-15.407195,23.746237,Borehole/Tubewell,Hand Pump - India Mark,Well,Hand Pump,Western,False,0,Mongu,2017,5GP5HPVW+4FH
1.0,210.0,,19360.88317571586,6559.8687620999,51111.95557998407,4689.282324821995,-15.16947222,22.66038889,Borehole/Tubewell,Hand Pump,Well,Hand Pump,Western,False,0,Kalabo,2014,5GP4RMJ6+656
1.0,237.0,240375.90854613108,57017.37120543973,52576.17794441759,65397.1832316481,13001.265441925449,-15.392662,23.755788,Borehole/Tubewell,Hand Pump - Afridev,Well,Hand Pump,Western,False,0,Mongu,2017,5GP5JQ44+W8M
9.0,0.0,266854.4970497755,12395.196729029092,7685.384977838754,9690.550506659652,6302.676302018648,-15.3121,23.24212,Borehole/Tubewell,Hand Pump - India Mark,Well,Hand Pump,Western,False,0,Mongu,2018,5GP5M6QR+5R9
2.0,515.0,,26965.445271951623,71.05557304726229,32525.267927629942,10167.594696530645,-15.18159,22.83594,Borehole/Tubewell,Hand Pump,Well,Hand Pump,Western,False,0,Mongu,2018,5GP4RR9P+998
0.0,153.0,182665.52365814487,76925.08339585616,143016.75373574405,28581.364631818607,22378.833050292567,-15.0265,29.934,Borehole/Tubewell,Hand Pump - India Mark,Well,Hand Pump,Lusaka,False,0,Rufunsa,2016,5GPFXWFM+CJ2
1.0,256.0,,19380.966875764178,1808.427686005694,18368.591731792403,19018.70429994022,-15.19504,22.972008,Borehole/Tubewell,Hand Pump - India Mark,Well,Hand Pump,Western,False,0,Mongu,2016,5GP4RX3C+XRJ
1.0,187.0,90530.17913381044,49267.76357567767,81342.8880921154,19011.243012751176,2373.8098715343144,-15.10684,27.502073333333332,Borehole/Tubewell,Hand Pump - India Mark,Well,Hand Pump,Central,False,0,Mumbwa,2014,5GP9VGV2+7R8
1.0,365.0,,54251.31176117255,52682.7034691067,86006.22219248278,9521.628472803255,-14.94035,22.173349,Borehole/Tubewell,Hand Pump - India Mark,Well,Hand Pump,Western,False,0,Sikongo,2016,5GQ4355F+V89
0.0,362.0,,11055.84445488311,1005.4509232959184,50149.56119253708,7829.446584244529,-15.09296,22.695,Borehole/Tubewell,Hand Pump - India Mark,Well,Hand Pump,Western,False,0,Kalabo,2017,5GP4WM4W+R26
5.0,32.0,74201.3452245306,66965.44797815161,64603.07831540256,22921.81325934283,5420.375889858466,-15.101056666666668,27.672575,Borehole/Tubewell,Hand Pump - India Mark,Well,Hand Pump,Central,False,0,Chibombo,2014,5GP9VMXF+H2G
13.0,117.0,58490.189670998254,62924.71101511294,48600.3238660726,26214.371323626703,5528.626494611373,-15.143705,27.815691666666662,Borehole/Tubewell,Hand Pump - India Mark,Well,Hand Pump,Central,False,0,Chibombo,2014,5GP9VR48+G78
1.0,271.0,,42180.98266902931,41329.57963699618,58424.94557580948,35130.20852175872,-14.622494,22.757673,Borehole/Tubewell,Hand Pump - India Mark,Well,Hand Pump,Western,False,0,Kalabo,2016,5GQ49QH5+233
3.0,149.0,211088.30262870135,28022.152475153227,2107.476348368615,64106.71184458826,8644.394218795342,-15.85093333,23.29586111,Borehole/Tubewell,Hand Pump,Well,Hand Pump,Western,False,0,Senanga,2016,5GP547XW+J8H
14.0,148.0,77955.4261405366,64098.12783447711,68129.94633136167,19921.01452627605,7845.132983055581,-15.06849,27.651200000000003,Borehole/Tubewell,Hand Pump - India Mark,Well,Hand Pump,Central,False,0,Chibombo,2014,5GP9WMJ2+JF4
8.0,144.0,198379.11356752992,29814.66395472419,14031.64509504956,75141.11687001973,14778.492290145145,-15.890902,23.472122,Borehole/Tubewell,Hand Pump,Well,Hand Pump,Western,False,0,Senanga,2018,5GP54F5C+JRQ
4.0,128.0,199223.51028011227,30434.148406172557,13958.768966958844,74307.96308179504,14975.200232305737,-15.883,23.47091,Borehole/Tubewell,Hand Pump,Well,Hand Pump,Western,False,0,Senanga,2015,5GP54F8C+R93
10.0,69.0,,12647.615281007998,158443.48335303945,10739.205796815082,12709.865807762728,-14.8616,24.89815,Borehole/Tubewell,Hand Pump,Well,Hand Pump,Western,False,0,Nkeyema,2017,5GQ64VQX+976
1.0,169.0,119371.39471662971,32148.17961449542,110200.38222233158,41573.107886774815,8847.859667196353,-15.94706,27.3127,Borehole/Tubewell,Motorized Pump,Well,Motorized Pump,Southern,False,0,Monze,2012,5GP93837+53G
0.0,66.0,72520.94579942143,19978.387731360377,10040.022045638563,17841.227317854835,18266.964768129637,-15.93754,28.69241,Borehole/Tubewell,,Well,,Lusaka,False,0,Chirundu,2018,5GPC3M6R+XXM
4.0,271.0,280582.1917711557,41295.04895573579,33.57071967057245,30100.627679528345,17627.566830462147,-11.490495,31.27429,Protected Well,Hand Pump - Rope,Well,,Muchinga,False,0,Kanchibiya,2012,5GWHG75F+QQX
3.0,3511.0,40276.72080317286,2254.915238491472,29514.0269637103,20036.77474405113,870.3084606964253,-15.762422,28.165478,Borehole/Tubewell,,Well,,Lusaka,True,0,Kafue,2021,5GPC65Q8+25Q
0.0,540.0,36981.9661156383,6356.396113420873,25982.33006493561,21984.475306995893,313.6715450724372,-15.714042,28.12524,Borehole/Tubewell,,Well,,Lusaka,False,0,Kafue,2018,5GPC74PG+93Q
0.0,232.0,,9053.041668354634,141387.5538104175,8462.193612044637,4451.9115248232365,-14.7239,24.82693,Borehole/Tubewell,Hand Pump - India Mark,Well,Hand Pump,Western,False,0,Kaoma,2016,5GQ67RGG+CQV
2.0,361.0,246778.33462752876,8972.172043254348,3254.047584372513,26916.927485917407,3780.996735065993,-15.493829,23.282809,Borehole/Tubewell,Hand Pump - India Mark,Well,Hand Pump,Western,False,0,Nalolo,2017,5GP5G74M+F47
15.0,165.0,41706.88223606427,19053.107696256317,31296.78597168061,24338.01278871254,9768.354006415087,-15.684556666666667,28.00888166666667,Borehole/Tubewell,Hand Pump - India Mark,Well,Hand Pump,Lusaka,False,0,Kafue,2014,5GPC8285+5HC
,2488.0,,70523.97125254468,87863.67008865462,7550.348555551673,105.78330032989643,-14.5517,24.19595,Protected Well,Hand Pump,Well,Hand Pump,Western,False,0,Kaoma,2019,5GQ6C5XW+89G
11.0,165.0,250202.09336715424,16838.91517615916,10857.291887342735,25487.837808569984,41.09202419148372,-15.4376,23.33272778,Borehole/Tubewell,Hand Pump,Well,Hand Pump,Western,False,0,Nalolo,2017,5GP5H86M+X39
0.0,328.0,34922.26029540923,6499.736290419684,23927.61452609548,19999.194107916835,2252.0737257408937,-15.699018333333331,28.13715666666667,Borehole/Tubewell,Hand Pump - India Mark,Well,Hand Pump,Lusaka,False,0,Kafue,2014,5GPC842P+9VV
1.0,1359.0,261500.80749761357,14756.793755817363,1398.25721627963,12006.485931866297,6978.253239352531,-15.390062,23.189184,Borehole/Tubewell,Hand Pump,Well,Hand Pump,Western,False,0,Mongu,2016,5GP5J55Q+XMF
10.0,353.0,240849.7418028033,53487.14640118805,49157.72800754305,61926.21947229194,10221.048437438323,-15.396339,23.722055,Borehole/Tubewell,Hand Pump,Well,Hand Pump,Western,False,0,Mongu,2014,5GP5JP3C+FR7
2.0,315.0,241179.95834431125,53831.63331631656,49531.225274119846,62057.13865177947,10665.706819927836,-15.392766,23.724058,Borehole/Tubewell,Hand Pump - India Mark,Well,Hand Pump,Western,False,0,Mongu,2017,5GP5JP4F+VJV
0.0,0.0,269679.61999857926,6733.983303920763,1528.761795045198,3974.973521830956,3545.234245195836,-15.31384,23.17641,Borehole/Tubewell,Hand Pump - India Mark,Well,Hand Pump,Western,False,0,Mongu,2016,5GP5M5PG+FH7
7.0,575.0,,50880.80534676472,52109.94622737617,51666.65787647081,6704.296644592192,-15.1407,23.62077778,Borehole/Tubewell,Hand Pump,Well,Hand Pump,Western,False,0,Mongu,2014,5GP5VJ5C+P8C
38.0,938.0,23573.93989626592,7828.374489079856,14684.99603443061,12008.355830551163,513.3394613346554,-15.629453333333334,28.27802166666667,Borehole/Tubewell,Hand Pump - India Mark,Well,Hand Pump,Lusaka,False,0,Kafue,2014,5GPC97CH+666
3.0,0.0,264928.68518988945,73026.40815315049,229576.76476797616,71542.74764175828,60444.3398264893,-15.3895,25.44394444,Borehole/Tubewell,Hand Pump,Well,Hand Pump,Central,False,0,Itezhi-tezhi,2016,5GP7JC6V+6H4
22.0,37.0,282252.3234128607,8814.977897668958,7207.821835132371,1409.8147721087175,8139.886403912397,-10.223728333333334,31.267291666666665,Protected Well,Hand Pump - Rope,Well,,Northern,False,0,Kasama,2014,5GXHQ7G8+GW3
20.0,732.0,19643.17474546661,11154.02681513587,11845.336484030431,10197.282430020328,7009.228727911547,-15.567036666666668,28.379093333333337,Borehole/Tubewell,Hand Pump - India Mark,Well,Hand Pump,Lusaka,False,0,Kafue,2014,5GPCC9MH+5JP
15.0,175.0,113263.09815003826,24109.842633971897,103825.51131717672,41346.059919756844,6477.692172744778,-15.95961,27.38666,Borehole/Tubewell,Motorized Pump,Well,Motorized Pump,Southern,False,0,Monze,2013,5GP929RP+5M3
14.0,461.0,250016.68031126857,9824.872680724984,5230.158979433961,1944.918253810996,7066.797620802724,-10.186226666666666,31.274966666666668,Protected Well,Hand Pump - Rope,Well,,Northern,False,0,Kasama,2014,5GXHR77F+GX4
27.0,44.0,57968.48207108438,36040.71770370152,49708.996778594985,34604.3196512795,9787.88623130508,-15.532828333333336,27.755460000000003,Borehole/Tubewell,Hand Pump - India Mark,Well,Hand Pump,Lusaka,False,0,Shibuyunji,2014,5GP9FQ84+V58
46.0,158.0,73276.18204554681,61951.38440411995,61549.18596775031,4652.233982343064,55.69512237084033,-14.947031666666666,27.80117333333333,Borehole/Tubewell,Hand Pump - India Mark,Well,Hand Pump,Central,False,0,Chibombo,2014,5GQ93R32+5FM
44.0,159.0,34358.10212103782,22607.95780827417,25242.675864455043,728.5020513393225,4782.137768143301,-15.510311666666666,28.58733333333333,Protected Spring,Rope and Bucket,Spring,Rope and Bucket,Lusaka,False,0,Chongwe,2014,5GPCFHQP+VWG
18.0,146.0,57565.088989828575,41926.63712189678,49140.68968521952,33364.29717531095,3925.8336494265855,-15.479751666666669,27.749775,Borehole/Tubewell,Hand Pump - India Mark,Well,Hand Pump,Lusaka,False,0,Shibuyunji,2014,5GP9GPCX+3WR
5.0,2295.0,244895.6436529737,18417.314175983443,7755.238422487968,10137.857830133958,529.3979819867087,-10.09586,31.0648,Borehole/Tubewell,Motorized Pump,Well,Motorized Pump,Northern,False,0,Kasama,2013,5GXHW337+MW3
36.0,39.0,52683.017329122726,24247.894583392645,42306.67360783306,5906.960916829597,3231.3635364409465,-15.533608333333332,28.757996666666667,Protected Well,Hand Pump - India Mark,Well,Hand Pump,Lusaka,False,0,Chongwe,2014,5GPCFQ85+H55
3.0,597.0,66688.5076455174,47484.70901608676,54149.766940203466,45.5704131344052,1120.9946560945443,-14.913661,27.93998,Borehole/Tubewell,,Well,,Central,False,0,Chibombo,2022,5GQ93WPQ+GXQ
8.0,281.0,58331.83791689924,24607.687313967574,47137.1472224561,60.05037605475021,5686.862845775056,-15.5062,28.81776,Borehole/Tubewell,Motorized Pump,Well,Motorized Pump,Lusaka,False,0,Chongwe,2013,5GPCFRV9+G4C
0.0,550.0,36017.94275613186,36584.93063235445,27643.85037343112,12334.803309732404,855.3892696878972,-15.460981666666664,27.94972333333333,Borehole/Tubewell,Hand Pump - India Mark,Well,Hand Pump,Lusaka,False,0,Shibuyunji,2014,5GP9GWQX+JV5
0.0,29831.0,6848.323080808301,9427.898269732545,3399.347977525233,4089.395611013802,304.9424865224952,-15.4764,28.298,Borehole/Tubewell,,Well,,Lusaka,True,0,Lusaka,2018,5GPCG7FX+C6R
0.0,35833.0,6567.8043496376495,9508.672595198272,3421.2311158103557,3621.4434023248673,99.84606825255234,-15.4747,28.2939,Borehole/Tubewell,,Well,,Lusaka,True,0,Lusaka,2018,5GPCG7GV+4HC
0.0,34198.0,6222.085800956891,10023.516810829977,2983.9198175112474,3637.4306622247896,71.09956376150784,-15.4707,28.2974,Borehole/Tubewell,,Well,,Lusaka,True,0,Lusaka,2018,5GPCG7HW+PXC
7.0,483.0,26089.456702942305,23445.169442953684,16693.6710583431,1993.6448086982464,1316.2220781736005,-15.469278333333332,28.519058333333337,Borehole/Tubewell,Hand Pump - India Mark,Well,Hand Pump,Lusaka,False,0,Chongwe,2014,5GPCGGJ9+7JM
10.0,227.0,42332.939559882994,43200.32767789996,33854.00921212176,18018.58578468297,991.4320986664538,-15.448725,27.88914833333333,Borehole/Tubewell,Hand Pump - India Mark,Well,Hand Pump,Lusaka,False,0,Shibuyunji,2014,5GP9HV2Q+GM6
13.0,168.0,44985.41733859026,46497.43723501312,36439.13197194375,20408.031915608164,3663.023996912729,-15.429126666666663,27.863253333333333,Protected Well,Hand Pump - Rope,Well,,Lusaka,False,0,Shibuyunji,2014,5GP9HVC7+88R
1.0,82.0,54523.319869059655,60913.9911204534,45416.69274036655,31940.62672691115,3379.348141411499,-15.254303333333333,27.802681666666665,Protected Well,Hand Pump - Rope,Well,,Central,False,0,Chibombo,2014,5GP9PRW3+73F
2.0,15066.0,317332.1812470173,2396.976519073422,1237.2626273241756,3319.19718317614,2744.8939919345125,-10.229781666666666,31.182636666666667,Protected Spring,Rope and Bucket,Spring,Rope and Bucket,Northern,True,0,Kasama,2014,5GXHQ5CM+33J
13.0,205.0,38525.45281691104,41552.1918271841,29937.75714158586,13872.659151976024,3531.45378956744,-15.40204,27.92356333333333,Borehole/Tubewell,Hand Pump - India Mark,Well,Hand Pump,Lusaka,False,0,Shibuyunji,2014,5GP9HWXF+5CP
9.0,897.0,35835.996932559494,36937.21397270169,27394.20208283676,11800.456016424376,170.50263336573948,-15.449811666666667,27.95004833333333,Borehole/Tubewell,Hand Pump - India Mark,Well,Hand Pump,Lusaka,False,0,Shibuyunji,2014,5GP9HX22+32F
3.0,620.0,35151.92331090282,36604.70480713889,26678.315513998423,10966.455573984258,472.6604090800995,-15.443156666666669,27.95581,Borehole/Tubewell,Hand Pump - India Mark,Well,Hand Pump,Lusaka,False,0,Shibuyunji,2014,5GP9HX44+P8M
7.0,6318.0,252578.0103748259,3984.673277804477,2813.6477839133454,188.5925840832704,4529.567144438013,-10.20127,31.22381,Borehole/Tubewell,Motorized Pump,Well,Motorized Pump,Northern,False,0,Kasama,2013,5GXHQ6XF+FGV
8.0,128.0,74197.62976469696,57288.22897280436,65608.26674071039,49055.7653648278,1148.4735476131398,-15.367168333333332,27.592876666666665,Borehole/Tubewell,Hand Pump - India Mark,Well,Hand Pump,Central,False,0,Mumbwa,2014,5GP9JHMV+438
9.0,904.0,47610.77911978884,7616.328224083587,34680.67030993548,295.9642118916248,6704.450070891529,-15.382271666666668,28.724265,Borehole/Tubewell,Hand Pump - India Mark,Well,Hand Pump,Lusaka,False,0,Chongwe,2014,5GPCJP9F+3PR
0.0,560.0,46440.109946883975,6405.009025909628,33433.16932429692,471.7692981589088,5444.521649705702,-15.37665,28.712806,Borehole/Tubewell,Motorized Pump,Well,Motorized Pump,Lusaka,False,0,Chongwe,2013,5GPCJPF7+84V
,1627.0,114956.48381628485,21203.90022088521,66352.3255295527,17405.121926052594,441.8456268450765,-9.51348,28.89663,Protected Well,Hand Pump,Well,Hand Pump,Luapula,False,0,Nchelenge,2021,6G2CFVPW+JM2
5.0,707.0,47649.84362853468,6928.248849982996,34621.730285595135,548.0881276091949,6412.98249565754,-15.374523333333332,28.72391333333333,Borehole/Tubewell,Hand Pump - India Mark,Well,Hand Pump,Lusaka,False,0,Chongwe,2014,5GPCJPGF+5HV
1.0,390.0,96714.89815597064,71462.92829883067,84170.85468597252,23585.483735160164,8936.792303564773,-14.68922,27.78317,Borehole/Tubewell,,Well,,Central,False,0,Chibombo,2021,5GQ98Q6M+877
1.0,166.0,120329.05625867793,62723.97213597714,108406.5340479885,29446.59308169844,2667.327210648871,-14.626733,27.51293,Borehole/Tubewell,,Well,,Central,False,0,Chibombo,2020,5GQ99GF7+853
0.0,30.0,48744.94616270791,51608.48393994517,37932.30287188522,30049.597519693783,115.69731320808884,-15.142921666666666,27.926411666666663,Protected Spring,Rope and Bucket,Spring,Rope and Bucket,Central,False,0,Chibombo,2014,5GP9VW4G+RHM
1.0,31.0,228997.3953008874,40441.89252535991,26177.194205706142,17887.440428931077,20140.085309197908,-9.917,30.966,Borehole/Tubewell,Motorized Pump,Well,Motorized Pump,Northern,False,0,Kasama,2014,6G2G3XM8+6C2
46.0,209.0,228585.1085304179,27990.659299117066,91778.90264222304,17709.638387186125,3663.5959110548943,-10.801685,32.03980166666667,Protected Well,Rope and Bucket,Well,Rope and Bucket,Muchinga,False,0,Chinsali,2014,5GXJ52XQ+8WF
1.0,103.0,221381.90570504637,45659.69020840731,21036.74000816984,24608.08120684078,17136.1116159136,-9.84989,30.98256,Borehole/Tubewell,Motorized Pump,Well,Motorized Pump,Northern,False,0,Kasama,2014,6G2G5X2M+22V
2.0,4755.0,43726.91732499559,295.90254202217056,30166.5561319848,1639.6111939480138,587.0472161706862,-15.326546666666664,28.67875333333333,Borehole/Tubewell,Hand Pump - India Mark,Well,Hand Pump,Lusaka,False,0,Chongwe,2014,5GPCMMFH+9GJ
4.0,205.0,56110.63026654224,61910.40527305112,47079.98001227368,33013.321053597974,3954.790990043042,-15.268631666666666,27.782298333333333,Protected Well,Hand Pump - Rope,Well,,Central,False,0,Chibombo,2014,5GP9PQJJ+GWV
3.0,163.0,57319.75161785147,63087.58585214918,48287.49003425232,34202.64624989821,2772.3421861231595,-15.265265,27.771588333333337,Protected Well,Hand Pump - Rope,Well,,Central,False,0,Chibombo,2014,5GP9PQMC+VJW
8.0,499.0,239385.56602367733,6555.67728279406,89833.06211084321,41491.99537871146,0.1273158586155285,-10.586725,32.01909166666667,Borehole/Tubewell,Hand Pump - India Mark,Well,Hand Pump,Muchinga,False,0,Chinsali,2014,5GXJC279+8J8
0.0,273.0,56090.813448742,12258.351105571488,42636.75639521107,7605.918516252287,7649.305719143133,-15.3214,28.795317,Borehole/Tubewell,,Well,,Lusaka,False,0,Chongwe,2017,5GPCMQHW+C4W
15.0,114.0,53672.72457734319,9738.31386369008,40159.25531889522,7315.1649137874865,5907.253868514593,-15.316325,28.77129,Borehole/Tubewell,Hand Pump - India Mark,Well,Hand Pump,Lusaka,False,0,Chongwe,2014,5GPCMQMC+FGF
4.0,588.0,57037.667739310295,13063.51435433146,43468.95469772216,9801.709696191136,6441.309100394064,-15.3015,28.8,Borehole/Tubewell,Hand Pump - India Mark,Well,Hand Pump,Lusaka,False,0,Chongwe,2019,5GPCMRX2+C22
5.0,34.0,44811.91644424405,52370.2528048024,35620.39412017694,22957.486202175613,2796.864341935996,-15.259595,27.897406666666665,Protected Well,Hand Pump - Rope,Well,,Lusaka,False,0,Chilanga,2014,5GP9PVRW+5X7
0.0,188.0,62000.16157268197,18238.356744213,48590.968854996216,11758.65455962166,2333.69689373688,-15.32,28.851,Borehole/Tubewell,,Well,,Lusaka,False,0,Rufunsa,2016,5GPCMVJ2+2C2
50.0,328.0,82081.46226736874,58583.03030792114,73158.07636694094,33874.175504434555,12339.12737589303,-15.237513333333334,27.540379999999995,Borehole/Tubewell,Hand Pump - India Mark,Well,Hand Pump,Central,False,0,Mumbwa,2014,5GP9QG6R+X5R
22.0,142.0,31582.25055436493,41414.647294919465,22060.69452512348,12120.0248611675,7777.862102239431,-15.270450000000002,28.029421666666668,Borehole/Tubewell,Hand Pump - India Mark,Well,Hand Pump,Central,False,0,Chibombo,2014,5GPCP2HH+RQF
1.0,179.0,126934.12013405586,25904.25647507773,589.999635655529,6635.444604660174,18588.34998601829,-9.07816,31.39892,Borehole/Tubewell,Motorized Pump,Well,Motorized Pump,Northern,False,0,Mbala,2014,6G2HW9CX+PHM
10.0,359.0,64319.121643064645,67863.4338935224,55284.61734429479,38619.15392527445,2784.6471088316184,-15.247278333333334,27.70912,Borehole/Tubewell,Hand Pump - India Mark,Well,Hand Pump,Lusaka,False,0,Shibuyunji,2014,5GP9QP35+3JQ
0.0,252.0,82542.61021964463,56106.13687269918,69847.90392041425,15804.990063351404,22.596354925814115,-14.76813,27.90235,Borehole/Tubewell,,Well,,Central,False,0,Chibombo,2020,5GQ96WJ2+PWX
38.0,3926.0,82405.78640724189,43090.2936077989,69722.14723475157,21486.827832221803,23350.052559197728,-14.691383333333333,28.107125,Protected Well,Hand Pump - India Mark,Well,Hand Pump,Central,False,0,Chisamba,2014,5GQC8454+CVR
28.0,65.0,58708.981095103096,64975.25910347354,49600.60898731087,36019.967829480505,2436.70229451813,-15.241881666666666,27.76588,Protected Well,Hand Pump - Rope,Well,,Central,False,0,Chibombo,2014,5GP9QQ58+69R
5.0,396.0,54001.47900116036,10686.41849185619,40271.348304075495,12259.564731703773,3288.692354956724,-15.271375,28.76233,Borehole/Tubewell,Hand Pump - India Mark,Well,Hand Pump,Lusaka,False,0,Chongwe,2014,5GPCPQH6+FW4
9.0,197.0,28294.663981450634,10002.719161193783,17428.258831817755,14163.342465590124,6952.814972696647,-15.654746666666664,28.186506666666663,Borehole/Tubewell,Hand Pump - India Mark,Well,Hand Pump,Lusaka,False,0,Chilanga,2014,5GPC85WP+4J2
1.0,191.0,54566.62847805339,12042.518225179256,40792.60914156704,13733.086420385189,3219.7840913243544,-15.250598333333,28.760701666666662,Borehole/Tubewell,Hand Pump - India Mark,Well,Hand Pump,Lusaka,False,0,Chongwe,2014,5GPCPQX6+Q78
10.0,139.0,78268.21330201683,61986.35185358511,69014.4640814196,24680.56028506696,1651.989120109386,-15.118808333333334,27.621168333333337,Borehole/Tubewell,Hand Pump - India Mark,Well,Hand Pump,Lusaka,False,0,Shibuyunji,2014,5GP9VJJC+FFF
1.0,249.0,79001.46989889083,61613.97479146103,69614.28966512962,23262.916891703026,3389.423300436079,-15.103106666666667,27.621333333333336,Borehole/Tubewell,Hand Pump - India Mark,Well,Hand Pump,Lusaka,False,0,Shibuyunji,2014,5GP9VJWC+QG4
9.0,338.0,35983.77287974146,22281.30913041916,26316.44170138922,21401.675377082614,8401.772140904422,-15.614901666666666,28.016456666666667,Protected Well,Hand Pump - India Mark,Well,Hand Pump,Lusaka,False,0,Kafue,2014,5GPC92P8+2HP
0.0,109.0,70072.04841554393,26196.05173539404,56609.418322672944,19573.659475394557,4923.178203725083,-15.299717,28.923583,Borehole/Tubewell,,Well,,Lusaka,False,0,Rufunsa,2017,5GPCPW2F+4C8
0.0,188.0,70691.60150248757,26746.60979754758,57052.00442226643,21763.67004216535,7161.748406361824,-15.259,28.920167,Borehole/Tubewell,Hand Pump - India Mark,Well,Hand Pump,Lusaka,False,0,Rufunsa,2016,5GPCPWRC+C33
5.0,144.0,75515.70494383805,31548.37117931565,61960.6475218033,25391.484819353645,10741.62315509098,-15.271333,28.969333,Borehole/Tubewell,Hand Pump - India Mark,Well,Hand Pump,Lusaka,False,0,Rufunsa,2021,5GPCPXH9+FP8
31.0,65.0,36449.35488712964,47126.96144134697,26090.89874638099,17962.227338283465,2234.780347900084,-15.219448333333332,28.010130000000004,Borehole/Tubewell,Hand Pump - India Mark,Well,Hand Pump,Central,False,0,Chibombo,2014,5GPCQ2J6+63C
0.0,2406.0,7016.135092655522,37487.39699928591,4633.2189608007975,7089.450724458369,533.1920524524771,-13.639,32.581,Borehole/Tubewell,Motorized Pump,Well,Motorized Pump,Eastern,False,0,Chipata,2013,5GRJ9H6J+CC2
3.0,355.0,87492.48648651056,8508.896832454164,20850.65557000033,23782.37777201224,703.4287363581633,-15.958833,28.876,Borehole/Tubewell,Hand Pump - India Mark,Well,Hand Pump,Lusaka,False,0,Chirundu,2018,5GPC2VRG+FC6
3.0,621.0,86612.38017020137,9338.94367781629,20935.92967215236,24181.2053352692,61.87637344753583,-15.95021,28.87308,Borehole/Tubewell,,Well,,Lusaka,False,0,Kafue,2021,5GPC2VXF+W68
0.0,89.0,114209.92938937628,72235.61141522597,101959.1437237635,28201.382591925223,3394.205185761046,-14.61436,27.61376,Borehole/Tubewell,,Well,,Central,False,0,Chibombo,2020,5GQ99JP7+7G2
0.0,134.0,231273.79521696927,28567.48901429144,18127.049485075742,20596.88944644364,14005.796863825635,-9.973,31.082,Borehole/Tubewell,Motorized Pump,Well,Motorized Pump,Northern,False,0,Kasama,2013,6G2H23GJ+RR2
5.0,141.0,49801.03708938317,12389.11870131767,36074.68984493641,13739.690120577594,1845.3472813284725,-15.21664,28.697681666666668,Borehole/Tubewell,Hand Pump - India Mark,Well,Hand Pump,Lusaka,False,0,Chongwe,2014,5GPCQMMX+83V
5.0,109.0,52770.12934888011,14212.666821485942,39039.721859386445,15732.114080133884,2515.9359190096466,-15.205513333333332,28.722843333333337,Borehole/Tubewell,Hand Pump - India Mark,Well,Hand Pump,Lusaka,False,0,Chongwe,2014,5GPCQPVF+Q4W
2.0,89.0,58091.179505729226,15126.458102164212,44323.9929188512,15566.830881474523,5078.900523130725,-15.244536666666669,28.79329,Borehole/Tubewell,Hand Pump - India Mark,Well,Hand Pump,Lusaka,False,0,Chongwe,2014,5GPCQQ4V+58M
6.0,99.0,56985.65684353143,14316.31499150953,43209.90104805434,15601.283854469097,3884.9371836255054,-15.242088333333331,28.78147833333333,Borehole/Tubewell,Hand Pump - India Mark,Well,Hand Pump,Lusaka,False,0,Chongwe,2014,5GPCQQ5J+5H9
0.0,86.0,163828.65441521752,60944.19219962833,152367.46144482473,61566.32892290368,21731.893244254963,-14.4393,27.1382,Borehole/Tubewell,Motorized Pump,Well,Motorized Pump,Central,False,0,Mumbwa,2013,5GQ9H46Q+77P
5.0,89.0,58227.06243700232,15572.850648175796,44448.461945302624,16454.91089314962,4459.9546786193705,-15.235943333333331,28.791471666666663,Borehole/Tubewell,Hand Pump - India Mark,Well,Hand Pump,Lusaka,False,0,Chongwe,2014,5GPCQQ7R+JHH
,689.0,177921.8524529055,14770.74375237752,29768.78702610972,57821.51051014195,532.2413636054547,-12.38534,25.92962,Protected Well,Hand Pump,Well,Hand Pump,North-Western,False,0,Solwezi,2021,5GV7JW7H+VR9
5.0,62.0,57551.34866448307,15360.259651311842,43765.78848305812,17051.03063775143,3231.9706046759534,-15.228881666666666,28.782006666666668,Borehole/Tubewell,Hand Pump - India Mark,Well,Hand Pump,Lusaka,False,0,Chongwe,2014,5GPCQQCJ+CRR
6.0,169.0,59548.662339230206,17487.685249218008,45761.96841515551,18729.823342317344,3931.2370108971368,-15.21601,28.796755,Borehole/Tubewell,Hand Pump - India Mark,Well,Hand Pump,Lusaka,False,0,Chongwe,2014,5GPCQQMW+HPR
,722.0,178017.9115588817,14977.618572828438,29551.256736594063,57761.34516358512,355.1571197045185,-12.387083,25.930938,Protected Well,Hand Pump,Well,Hand Pump,North-Western,False,0,Solwezi,2019,5GV7JW7J+598
1.0,155.0,220996.89886640257,42697.88840946085,17476.616932505505,26819.725396541377,21356.798267241746,-9.85928,31.023,Borehole/Tubewell,Motorized Pump,Well,Motorized Pump,Northern,False,0,Kasama,2014,6G2H42RF+76J
20.0,2758.0,41957.93647330843,5618.639435085767,31575.173800961365,19101.56183034861,4052.260082721036,-15.787778333333332,28.20295833333333,Borehole/Tubewell,Hand Pump - India Mark,Well,Hand Pump,Lusaka,True,0,Kafue,2014,5GPC6663+V5P
0.0,109.0,75059.23769434757,31110.302907606118,61418.53976445588,25787.416513371605,11450.016905378734,-15.249517,28.959633,Borehole/Tubewell,,Well,,Lusaka,False,0,Rufunsa,2017,5GPCQX25+5VR
6.0,241.0,195917.19225892163,27411.486151308105,13773.191449667864,77566.79677270196,13474.09709570404,-15.91687,23.4695,Borehole/Tubewell,Hand Pump,Well,Hand Pump,Western,False,1,Senanga,2016,5GP53FM9+7R2
24.0,44.0,54766.15752854888,17204.36148035241,41110.10683501924,18708.110426144154,2976.5163504539214,-15.179251666666667,28.729701666666664,Protected Spring,Rope and Bucket,Spring,Rope and Bucket,Central,False,0,Chisamba,2014,5GPCRPCH+7VW
2.0,396.0,129723.79303854032,37539.08395070913,18948.949218505823,136.78678935354216,531.4405534785745,-9.12394,31.56629,Borehole/Tubewell,Motorized Pump,Well,Motorized Pump,Northern,False,0,Senga Hill,2013,6G2HVHG8+CGF
28.0,510.0,36734.62774336338,9805.32369407349,25770.440713863514,21400.80129141645,1806.3829622383075,-15.696661666666667,28.09851833333333,Borehole/Tubewell,Hand Pump - India Mark,Well,Hand Pump,Lusaka,False,0,Kafue,2014,5GPC833X+8CJ
1.0,161.0,59965.178379701065,18875.04281036728,46193.57942315653,20609.71715228579,2765.525600138624,-15.194658333333331,28.791598333333333,Borehole/Tubewell,Hand Pump - India Mark,Well,Hand Pump,Lusaka,False,0,Chongwe,2014,5GPCRQ4R+4JQ
5.0,84.0,56368.09017240381,17114.13098699386,42644.191838039966,18737.208042361963,1277.6442883128675,-15.188666666666666,28.75161,Borehole/Tubewell,Hand Pump - India Mark,Well,Hand Pump,Lusaka,False,0,Chongwe,2014,5GPCRQ62+GJQ
31.0,189.0,57709.26843820608,18071.37141378135,43979.12077003435,19729.207501686917,45.53177840827456,-15.185076666666664,28.76371333333333,Borehole/Tubewell,Hand Pump - India Mark,Well,Hand Pump,Lusaka,False,0,Chongwe,2014,5GPCRQ77+XF8
12.0,3181.0,85953.05949786541,46641.67100636671,73278.66192713214,23833.525236226287,21959.65508492879,-14.66552,28.077553333333334,Borehole/Tubewell,Hand Pump - India Mark,Well,Hand Pump,Central,False,0,Chibombo,2014,5GQC83MH+Q2V
18.0,669.0,30332.50764839973,8708.769325402203,19372.92735424592,15719.77076142858,7651.237156797569,-15.666356666666664,28.165965,Borehole/Tubewell,Hand Pump - India Mark,Well,Hand Pump,Lusaka,False,0,Chilanga,2014,5GPC85M8+F94
4.0,307.0,66565.51880536109,24172.75033275913,52778.91370343139,23516.458455793465,10420.2885017382,-15.1903333,28.8565,Borehole/Tubewell,Hand Pump - India Mark,Well,Hand Pump,Lusaka,False,0,Rufunsa,2019,5GPCRV54+VJ6
2.0,445.0,122751.23817303107,33055.198041608775,20266.571844027807,6767.469551968879,118.98733298503176,-9.06139,31.57889,Borehole/Tubewell,Motorized Pump,Well,Motorized Pump,Northern,False,0,Mbala,2013,6G2HWHQH+CHR
2.0,325.0,121713.8026545907,32787.427865965656,21071.83038934359,7884.952487470709,35.25798232757026,-9.05222,31.58472,Borehole/Tubewell,Motorized Pump,Well,Motorized Pump,Northern,False,0,Mbala,2013,6G2HWHXM+4V9
4.0,273.0,66032.11050006382,23781.288367273053,52246.375842883695,23396.313894451992,9120.878384994669,-15.1888333,28.8505,Borehole/Tubewell,Hand Pump - India Mark,Well,Hand Pump,Lusaka,False,0,Rufunsa,2019,5GPCRV62+F66
4.0,258.0,66055.64220999577,23849.530730139628,52270.39225555598,23516.651988184225,9097.68285682567,-15.1875,28.8501667,Borehole/Tubewell,Hand Pump - India Mark,Well,Hand Pump,Lusaka,False,0,Rufunsa,2019,5GPCRV72+233
9.0,199.0,,46412.02609511737,45917.56874412976,46071.38580121978,4066.765131481531,-15.17832,23.576416,Borehole/Tubewell,Hand Pump,Well,Hand Pump,Western,False,1,Mongu,2014,5GP5RHCG+MHF
1.0,119.0,123022.13563852124,21941.88910461826,1642.5641230889023,4079.8671937049953,15906.255598909243,-9.04205,31.39879,Borehole/Tubewell,Motorized Pump,Well,Motorized Pump,Northern,False,0,Mbala,2013,6G2HX95X+5GM
0.0,74.0,73131.5190406982,30951.40635751644,59351.72715690432,29716.299591042258,15419.326458220456,-15.1531667,28.9066667,Borehole/Tubewell,Hand Pump - India Mark,Well,Hand Pump,Lusaka,False,0,Rufunsa,2015,5GPCRWW4+PMM
2.0,256.0,116499.92900384104,34766.401726195734,28597.07801100681,11481.246862150998,463.49890421799,-9.00556,31.64305,Borehole/Tubewell,Motorized Pump,Well,Motorized Pump,Northern,False,0,Mbala,2013,6G2HXJVV+Q6F
0.0,84.0,78988.63039179279,35609.69794258429,65217.58697874306,32039.719897285257,17186.595428561737,-15.18065,28.976317,Borehole/Tubewell,,Well,,Lusaka,False,0,Rufunsa,2017,5GPCRX9G+PGW
2.0,29.0,79489.5950107713,36536.63461971679,65703.15100954054,33700.940123535496,18830.27947630466,-15.1555,28.971667,Borehole/Tubewell,,Well,,Lusaka,False,0,Rufunsa,2018,5GPCRXVC+RM3
0.0,236.0,30904.110703769085,18791.56033731312,19809.200531295497,14203.458479907797,9540.004425201932,-15.149403333333332,28.366421666666664,Borehole/Tubewell,Hand Pump - India Mark,Well,Hand Pump,Lusaka,False,0,Chongwe,2014,5GPCV928+6HM
2.0,171.0,121403.32055609934,44436.194997509054,44175.91860120858,2720.373146693152,7.825645093824876,-9.03667,31.795,Borehole/Tubewell,Motorized Pump,Well,Motorized Pump,Northern,False,0,Mbala,2013,6G2HXQ7W+82J
8.0,918.0,28040.69412501238,53731.74573803644,25643.985780265557,23483.78116825759,6820.525810679264,-13.71357,32.39808,Borehole/Tubewell,Motorized Pump,Well,Motorized Pump,Eastern,False,0,Kasenengwa,2013,5GRJ79PX+H6G
3.0,148.0,73757.78878108061,33241.06287395187,60064.7216239371,33566.02869058305,15086.635912338405,-15.1049622,28.8891977,Borehole/Tubewell,,Well,,Central,False,0,Chisamba,2021,5GPCVVWQ+2M8
1.0,582.0,118776.87902104064,41928.263480566784,44659.8999313315,5327.318812998489,132.5878891406765,-9.01254,31.79551,Borehole/Tubewell,Motorized Pump,Well,Motorized Pump,Northern,False,0,Mbala,2013,6G2HXQPW+X6J
8.0,18.0,,37535.71072022716,45907.07040548971,43367.29233546036,5222.799199436628,-15.02793,23.48076,Borehole/Tubewell,Hand Pump,Well,Hand Pump,Western,False,1,Limulunga,2018,5GP5XFCJ+R8C
4.0,208.0,75239.43945019467,33498.10074574761,61477.91027406929,32548.512569532137,16974.964970706205,-15.1294,28.917133,Borehole/Tubewell,,Well,,Lusaka,False,0,Rufunsa,2021,5GPCVWC8+6VR
2.0,410.0,117658.43612279136,40800.201634114674,44551.8484423139,6445.344471266965,5.564287540320344,-9.00278,31.7925,Borehole/Tubewell,Motorized Pump,Well,Motorized Pump,Northern,False,0,Mbala,2013,6G2HXQWV+V2J
4.0,67.0,47057.0084475085,24238.67728651172,37442.66068704045,2179.543017172868,1110.757992816203,-15.545785,28.699906666666667,Borehole/Tubewell,Hand Pump - Rope,Well,,Lusaka,False,0,Chongwe,2014,5GPCFM3X+MXM
15.0,206.0,49760.69889374052,20400.063760299803,38915.3676608364,5167.192635860488,913.018553663036,-15.503749999999998,28.73700666666667,Borehole/Tubewell,Hand Pump - India Mark,Well,Hand Pump,Lusaka,False,0,Chongwe,2014,5GPCFPWP+GR2
0.0,188.0,77888.97545443402,36422.81975238578,64146.4148992988,35519.08010279925,19383.38479477002,-15.1078333,28.9338333,Borehole/Tubewell,Hand Pump - India Mark,Well,Hand Pump,Lusaka,False,0,Rufunsa,2015,5GPCVWRM+VG8
1.0,223.0,77093.72995433412,35960.08586181849,63369.59618853682,35437.208794806225,18489.765347006687,-15.102433,28.9228,Borehole/Tubewell,,Well,,Lusaka,False,0,Rufunsa,2018,5GPCVWXF+24F
0.0,64.0,56224.210518609725,23144.80040541373,45058.44894232606,775.5394686774127,3999.511601990586,-15.50315,28.79837,Borehole/Tubewell,Motorized Pump,Well,Motorized Pump,Lusaka,False,0,Chongwe,2012,5GPCFQWX+P8X
3.0,1504.0,25174.105615486365,20733.37434573908,11566.755683468034,4023.8180878022886,3686.57352375104,-15.309596666666668,28.489151666666665,Borehole/Tubewell,Hand Pump - Afridev,Well,Hand Pump,Lusaka,False,0,Chongwe,2014,5GPCMFRQ+5M6
0.0,302.0,77441.78798652244,36317.44653420413,63719.1510669445,35773.10493829695,18830.5576128902,-15.1003333,28.9253333,Borehole/Tubewell,Hand Pump - India Mark,Well,Hand Pump,Lusaka,False,0,Rufunsa,2015,5GPCVWXG+V48
1.0,21.0,185418.93898818764,51989.19147234255,125996.0493120075,36.18680014014444,4688.793630092701,-9.999635,32.188723333333336,Borehole/Tubewell,Hand Pump - India Mark,Well,Hand Pump,Muchinga,False,0,Chinsali,2014,6G2J252Q+4FX
10.0,882.0,99811.99975800193,35256.92124074469,49268.0601810664,42558.45518747553,9555.717666799404,-15.83232,29.108093333333333,Borehole/Tubewell,Hand Pump - India Mark,Well,Hand Pump,Lusaka,False,0,Kafue,2014,5GPF5495+36G
9.0,89.0,101787.24624423478,39287.80913354322,53271.168134019776,43871.04165429904,13572.71055599262,-15.811676666666663,29.139216666666663,Borehole/Tubewell,Hand Pump - India Mark,Well,Hand Pump,Lusaka,False,0,Kafue,2014,5GPF54QQ+8MG
2.0,432.0,52682.69020279289,44117.38157900693,44212.77696217465,28343.97291965789,1579.358373505385,-15.46100666666666,27.793456666666664,Protected Well,Hand Pump - Rope,Well,,Lusaka,False,1,Shibuyunji,2014,5GP9GQQV+H9W
0.0,407.0,156742.52020364648,5615.412920425243,113730.5361584979,8265.68758471096,5898.328093436677,-11.6817,24.41586,Borehole/Tubewell,Motorized Pump,Well,Motorized Pump,North-Western,False,0,Mwinilunga,2014,5GW68C98+88H
1.0,254.0,48883.27053376872,18236.59339559933,37679.06488529797,4854.451405484572,798.3210799252165,-15.484738333333333,28.732156666666665,Borehole/Tubewell,Hand Pump - India Mark,Well,Hand Pump,Lusaka,False,0,Chongwe,2014,5GPCGP8J+4V3
0.0,819.0,79307.83361325688,35333.74785038026,65731.06637583867,29188.935731930727,14413.730567624609,-15.259,29.002667,Borehole/Tubewell,Hand Pump - India Mark,Well,Hand Pump,Lusaka,False,0,Rufunsa,2017,5GPFP2R3+C33
1.0,759.0,79652.23827327401,35678.20398828681,66075.9008749363,29516.14792798876,14723.939482838548,-15.258483,29.005833,Borehole/Tubewell,,Well,,Lusaka,False,0,Rufunsa,2018,5GPFP2R4+J84
2.0,109.0,84423.9609217522,40504.959358838736,70930.07574254833,33630.99338814944,18514.82461763459,-15.271233,29.054,Borehole/Tubewell,,Well,,Lusaka,False,0,Rufunsa,2018,5GPFP3H3+GJ2
2.0,19241.0,5124.773430012192,17765.06788430196,1814.7120097586835,37.54872187897767,1133.074343887934,-15.40678,28.328844,Borehole/Tubewell,,Well,,Lusaka,True,0,Lusaka,2020,5GPCH8VH+7GQ
0.0,447.0,101732.4633072648,57944.98462483809,88342.32575720176,50138.07664273835,33784.95309589406,-15.2727,29.2179,Borehole/Tubewell,,Well,,Lusaka,False,0,Rufunsa,2017,5GPFP6G9+W5C
0.0,74.0,102066.56984789032,58212.31170066128,88629.76244220346,50834.2130040857,34534.34618450958,-15.2598333,29.2188333,Borehole/Tubewell,Hand Pump - India Mark,Well,Hand Pump,Lusaka,False,0,Rufunsa,2015,5GPFP6R9+3G8
0.0,44.0,68943.44651455941,25250.252214085274,55578.784591003074,17966.986367658148,3044.975070582452,-15.3184,28.916283,Borehole/Tubewell,,Well,,Lusaka,False,0,Rufunsa,2017,5GPCMWJ8+JGV
0.0,79.0,76781.9202740019,35457.07861549067,64217.31364197089,21502.212015814333,5776.47527565045,-15.42025,28.99745,Borehole/Tubewell,,Well,,Lusaka,False,0,Rufunsa,2017,5GPCHXHW+WX4
1.0,2553.0,21427.81131830374,22690.264013044794,7737.527714215632,5515.108884621896,151.40712375583584,-15.35763,28.47232166666667,Borehole/Tubewell,Hand Pump - India Mark,Well,Hand Pump,Lusaka,False,0,Chongwe,2014,5GPCJFRC+WWW
1.0,158.0,112224.1246937433,68246.36497707872,98626.3450306374,61598.24303158521,37584.17275970392,-15.18977,29.30061,Borehole/Tubewell,Motorized Pump,Well,Motorized Pump,Lusaka,False,0,Rufunsa,2014,5GPFR862+36X
0.0,59.0,156174.17032899152,94058.60527460912,141555.21860128676,52843.73788256104,1251.3392808310375,-15.11088,29.70143,Borehole/Tubewell,,Well,,Lusaka,False,0,Rufunsa,2018,5GPFVPQ2+JHV
0.0,357.0,159788.7688434654,91232.6645251722,142976.96877336182,49167.37457496254,1053.756571209074,-15.10975,29.73561,Borehole/Tubewell,,Well,,Lusaka,False,0,Rufunsa,2018,5GPFVPRP+465
0.0,168.0,157408.43764317088,93944.20562073556,142959.37816605053,51801.3279999106,10.965548253488134,-15.100717,29.710817,Borehole/Tubewell,,Well,,Lusaka,False,0,Rufunsa,2017,5GPFVPX6+P88
1.0,0.0,179195.89525749133,76191.42308124703,135069.27625514858,29297.357680175992,20568.594324671336,-15.115317,29.921083,Borehole/Tubewell,,Well,,Lusaka,False,0,Rufunsa,2018,5GPFVWMC+VCG
0.0,317.0,144944.84437039497,101002.90393000536,131262.7623741196,65359.78572071023,4990.241224648744,-15.075667,29.584833,Borehole/Tubewell,Hand Pump - India Mark,Well,Hand Pump,Lusaka,False,0,Rufunsa,2015,5GPFWHFM+PWP
0.0,198.0,61426.154455696975,17451.85001885136,47845.5195841933,13051.480912506317,2058.1310689654097,-15.2912,28.839483,Borehole/Tubewell,,Well,,Lusaka,False,0,Rufunsa,2017,5GPCPR5Q+GQH
5.0,234.0,58651.73830063245,29274.598811007745,48473.74720897151,63.05715223318247,8816.659813116787,-15.561901666666666,28.807766666666662,Borehole/Tubewell,Hand Pump - India Mark,Well,Hand Pump,Lusaka,False,1,Chongwe,2014,5GPCCRQ5+64J
2.0,29.0,156393.84732182397,97723.17006497543,142737.33911373522,53787.85916941077,3211.083390933029,-15.067833,29.692833,Borehole/Tubewell,Hand Pump - India Mark,Well,Hand Pump,Lusaka,False,0,Rufunsa,2018,5GPFWMJV+V48
0.0,263.0,76284.36604615931,32315.101341783866,62669.70975598352,26649.575123280825,12132.35319245079,-15.2545,28.972667,Borehole/Tubewell,Hand Pump - India Mark,Well,Hand Pump,Lusaka,False,0,Rufunsa,2016,5GPCPXWF+633
2.0,192.0,,39376.96349625774,37618.80206919808,93068.7783806871,273.8125031639337,-14.989154,22.308487,Borehole/Tubewell,Hand Pump,Well,Hand Pump,Western,False,0,Sikongo,2014,5GQ42865+89Q
6.0,4103.0,44527.27655590008,828.046807765407,30935.78853200267,2548.8561467860613,1504.2526172053108,-15.320901666666668,28.685021666666664,Borehole/Tubewell,Hand Pump - India Mark,Well,Hand Pump,Lusaka,False,0,Chongwe,2014,5GPCMMHP+J2J
13.0,3510.0,44828.940348426026,989.6512798598874,31244.395033962315,2716.424190322828,1377.9276661093318,-15.321313333333334,28.688016666666663,Borehole/Tubewell,Hand Pump - India Mark,Well,Hand Pump,Lusaka,False,0,Chongwe,2014,5GPCMMHQ+F6C
0.0,401.0,47623.94665735257,3777.564253663221,34133.44630964003,4689.322621378956,1586.237938296573,-15.329001666666668,28.71648,Borehole/Tubewell,Hand Pump - India Mark,Well,Hand Pump,Lusaka,False,0,Chongwe,2014,5GPCMPC8+9HX
4.0,203.0,55932.291129787285,11961.466880405991,42378.05374053854,8949.551959255257,7087.136071577883,-15.306,28.7905,Borehole/Tubewell,Hand Pump - India Mark,Well,Hand Pump,Lusaka,False,0,Chongwe,2019,5GPCMQVR+J62
0.0,596.0,57376.67315387146,13405.965129091532,43821.68764855799,9792.513593929956,6131.6640217453305,-15.3033333,28.8036667,Borehole/Tubewell,Hand Pump - India Mark,Well,Hand Pump,Lusaka,False,0,Chongwe,2015,5GPCMRW3+MF7
1.0,173.0,226822.5111300897,15260.058533118889,11394.577655514477,74286.89995733165,8123.626320570629,-11.909355,31.52454333333333,Borehole/Tubewell,Hand Pump - India Mark,Well,Hand Pump,Muchinga,False,0,Mpika,2014,5GWH3GRF+7R3
0.0,143.0,30803.0178119851,36044.29973364899,18447.219802831725,18095.730596738067,2992.9486409189763,-15.188017,28.118232,Borehole/Tubewell,,Well,,Central,False,0,Chibombo,2018,5GPCR469+Q7X
,596.0,,68879.09028048356,87534.80506404965,4977.779506342658,68.01859693039368,-14.53862,24.21865,Protected Well,Hand Pump,Well,Hand Pump,Western,False,1,Kaoma,2019,5GQ6F669+HF2
4.0,453.0,44097.33192124452,4392.879543657794,30340.32894178834,5378.889186850275,99.0601708264904,-15.288995,28.671276666666667,Borehole/Tubewell,Hand Pump - India Mark,Well,Hand Pump,Lusaka,False,0,Chongwe,2014,5GPCPM6C+CG2
7.0,229.0,45949.126152467325,6572.049086975349,32164.66104912481,7817.106570331866,2388.982043491485,-15.268083333333331,28.681826666666662,Borehole/Tubewell,Hand Pump - India Mark,Well,Hand Pump,Lusaka,False,0,Chongwe,2014,5GPCPMJJ+QP8
0.0,216.0,44216.34623598917,7767.202428939081,30434.66645431472,8605.707013519934,622.5847171856254,-15.260086666666666,28.66109333333333,Borehole/Tubewell,Hand Pump - India Mark,Well,Hand Pump,Lusaka,False,0,Chongwe,2014,5GPCPMQ6+XC8
,2795.0,,71372.58832714305,87276.35437224265,7745.573143437055,854.3417568953283,-14.54896,24.18859,Protected Well,Hand Pump,Well,Hand Pump,Western,False,0,Kaoma,2021,5GQ6F52Q+CC8
0.0,397.0,66905.66364266092,22940.095442072827,53356.82960905194,17329.835567339083,3123.4425924477305,-15.2878333,28.891,Borehole/Tubewell,Hand Pump - India Mark,Well,Hand Pump,Lusaka,False,0,Rufunsa,2015,5GPCPV6R+VC6
0.0,253.0,64002.27287487439,20067.53015532548,50363.975521942026,15961.702180440458,1260.4408252216676,-15.273333,28.859667,Borehole/Tubewell,Hand Pump - India Mark,Well,Hand Pump,Lusaka,False,0,Rufunsa,2016,5GPCPVG5+MV7
,2565.0,,71131.9310090535,86938.8641598816,6974.334484771402,815.4309158855327,-14.54369,24.19337,Protected Well,Hand Pump,Well,Hand Pump,Western,False,0,Kaoma,2021,5GQ6F54V+G8H
,1814.0,,71413.02813381584,86638.99483944614,6889.080594971842,1089.9333538633407,-14.54152,24.19149,Protected Well,Hand Pump,Well,Hand Pump,Western,False,0,Kaoma,2021,5GQ6F55R+9HX
,1850.0,,69938.92619044519,87857.10812202946,6821.565660379005,367.9983273650669,-14.54857,24.20325,Protected Well,Hand Pump,Well,Hand Pump,Western,False,0,Kaoma,2021,5GQ6F623+H86
0.0,104.0,48619.06081618527,18995.39290212791,37603.24964705112,5593.615762915748,113.54040241174452,-15.493,28.72825,Borehole/Tubewell,Motorized Pump,Well,Motorized Pump,Lusaka,False,1,Chongwe,2014,5GPCGP4H+R82
3.0,705.0,77850.96503840781,33875.76641857278,64265.21016629215,27867.83926187024,13207.194633502331,-15.2593333,28.9888333,Borehole/Tubewell,Hand Pump - India Mark,Well,Hand Pump,Lusaka,False,0,Rufunsa,2018,5GPCPXRQ+7G8
1.0,1112.0,19467.538555739466,30915.807330995383,7034.499482040145,7617.337658488922,3094.5428791356794,-15.24073,28.27317,Borehole/Tubewell,Hand Pump - India Mark,Well,Hand Pump,Central,False,0,Chibombo,2014,5GPCQ75F+P73
1.0,757.0,21051.992006143875,28352.27906673197,10108.002328577571,7781.178589909111,7991.475472186553,-15.232486666666668,28.33215333333333,Borehole/Tubewell,Hand Pump - India Mark,Well,Hand Pump,Central,False,0,Chibombo,2014,5GPCQ89J+2V2
10.0,256.0,48017.82605021005,9348.887547911962,34239.557308139745,10698.118446101633,29.913391197530004,-15.243663333333332,28.692336666666662,Borehole/Tubewell,Hand Pump - India Mark,Well,Hand Pump,Lusaka,False,0,Chongwe,2014,5GPCQM4R+GWP
1.0,59.0,156264.777172865,94199.84985180647,141823.51608014575,52802.5348623197,979.6198680149142,-15.1084,29.701717,Borehole/Tubewell,,Well,,Lusaka,False,0,Rufunsa,2018,5GPFVPR2+JMW
9.0,83.0,,34201.73627304858,157279.50439414056,34126.32408578817,13892.472171483954,-14.72149722,25.10555556,Borehole/Tubewell,Hand Pump,Well,Hand Pump,Western,False,0,Nkeyema,2018,5GQ774H4+C63
,879.0,82750.86208852314,38793.47919547095,69212.22207580665,32248.28547822136,17244.72439728998,-15.26282,29.03634,Borehole/Tubewell,Hand Pump,Well,Hand Pump,Lusaka,False,1,Rufunsa,2021,5GPFP2PP+VGG
0.0,198.0,66561.77158700931,23005.574006056213,52821.55786468442,20203.320802470884,5764.612851119365,-15.2346667,28.873,Borehole/Tubewell,Hand Pump - India Mark,Well,Hand Pump,Lusaka,False,0,Rufunsa,2015,5GPCQV8F+46J
2.0,456.0,,32840.63724976153,31082.283045390726,86739.59870538946,92.27655381533988,-14.99430556,22.36920556,Borehole/Tubewell,Hand Pump,Well,Hand Pump,Western,False,0,Kalabo,2014,5GQ42949+7MG
2.0,296.0,70213.16152046673,53675.47956347057,57920.96451164816,560.7855154704289,6665.3367626437375,-14.915138,27.881611,Borehole/Tubewell,,Well,,Central,False,0,Chibombo,2021,5GQ93VMJ+WJX
1.0,284.0,72106.5259250658,56624.15570621853,59939.73636692885,681.4511154902357,6720.609281886488,-14.914694,27.854027,Borehole/Tubewell,,Well,,Central,False,0,Chibombo,2020,5GQ93VP3+4JC
,284.0,68104.74202884453,49707.736487874376,55639.70299759627,39.50389215436653,3056.2235464497244,-14.91179,27.91937,Borehole/Tubewell,,Well,,Central,False,0,Chibombo,2022,5GQ93WQ9+7PQ
4.0,573.0,67257.18762734694,48154.21780559073,54734.08465132602,183.8887078195473,1675.431174128811,-14.9113122,27.9340633,Borehole/Tubewell,,Well,,Central,False,0,Chibombo,2022,5GQ93WQM+FJG
4.0,182.0,,16871.718726335035,34807.942525379,30346.896693080544,9389.131636149094,-14.983393,23.193491,Borehole/Tubewell,Hand Pump,Well,Hand Pump,Western,False,0,Limulunga,2015,5GQ5258V+J9X
0.0,158.0,75916.72197872722,34459.300677046966,62170.57006790848,33735.517797584536,17458.266536633993,-15.1176633,28.9183555,Borehole/Tubewell,,Well,,Lusaka,False,0,Rufunsa,2018,5GPCVWJ9+W8Q
0.0,144.0,82378.01096749214,40283.2276648394,68609.90347478772,38391.30130644474,23641.925164505683,-15.106817,28.97955,Borehole/Tubewell,,Well,,Lusaka,False,0,Rufunsa,2017,5GPCVXVH+7RF
1.0,9690.0,252923.97474151003,3543.3799327427464,2656.4436578319937,83.01502071807127,4139.90707132211,-10.20381,31.22019333333333,Borehole/Tubewell,Hand Pump - India Mark,Well,Hand Pump,Northern,True,0,Kasama,2014,5GXHQ6WC+F3G
9.0,228.0,,4458.3582794817,76472.68970611117,3597.166321305156,8506.484366326535,-14.4139,23.22289722,Borehole/Tubewell,Hand Pump,Well,Hand Pump,Western,False,0,Lukulu,2017,5GQ5H6PF+C5R
4.0,117.0,78098.2168732732,60542.36356886324,65872.69779705092,4341.961199804211,6677.883803369858,-14.867547,27.825362,Borehole/Tubewell,,Well,,Central,False,0,Chibombo,2022,5GQ94RJG+X4Q
2.0,138.0,75025.9655122928,56145.63289552707,62649.56692292295,4114.752199482677,5976.982958043697,-14.871945,27.866177,Borehole/Tubewell,,Well,,Central,False,0,Chibombo,2021,5GQ94VH8+6FF
2.0,313.0,68517.7968118843,48015.070703805766,55939.19031070044,2021.0926987607545,302.43064077389386,-14.894937,27.938415,Borehole/Tubewell,,Well,,Central,False,0,Chibombo,2021,5GQ94W4Q+29F
2.0,5388.0,253467.020835115,4582.535100538769,2182.178059262168,4831.855373948585,3077.3401296624647,-10.19504,31.14882,Borehole/Tubewell,Hand Pump - India Mark,Well,Hand Pump,Northern,False,0,Kasama,2014,5GXHR43X+XGP
4.0,178.0,71197.31636804756,51169.24857674409,58685.47040980512,3105.97448047341,2204.875486509992,-14.88354,27.91091,Borehole/Tubewell,,Well,,Central,False,0,Chibombo,2022,5GQ94W86+H9M
9.0,12916.0,252957.24642243315,1293.571035100847,192.69333473496604,298.9859866415616,1446.3387799635366,-10.199611666666668,31.19551,Borehole/Tubewell,Hand Pump - India Mark,Well,Hand Pump,Northern,True,0,Kasama,2012,5GXHR52W+562
3.0,187.0,71278.55721878319,51107.21470042199,58759.65267687228,3276.255631176998,2037.9157759939264,-14.882052,27.91183,Borehole/Tubewell,,Well,,Central,False,0,Chibombo,2022,5GQ94W96+5PG
9.0,13103.0,252535.30553327315,2051.4915908536154,1386.310294139979,1728.444863336851,74.71722561897299,-10.192596666666669,31.179213333333337,Borehole/Tubewell,Hand Pump - India Mark,Well,Hand Pump,Northern,True,0,Kasama,2014,5GXHR54H+XM8
10.0,105.0,76238.06351126074,49005.74950780955,63483.48561324603,11128.119091522583,4999.663853549858,-14.803450000000002,27.958351666666665,Borehole/Tubewell,Hand Pump - India Mark,Well,Hand Pump,Central,False,0,Chibombo,2014,5GQ95XW5+J8H
9.0,130.0,95454.8196274398,72552.25593315666,83374.31485753582,12360.766330571894,7156.558578380817,-14.767338333333331,27.697333333333336,Borehole/Tubewell,Hand Pump - India Mark,Well,Hand Pump,Central,False,0,Chibombo,2014,5GQ96MMW+3W8
6.0,2482.0,245616.4451742796,18229.213756950023,7017.735151052869,9479.106268893822,22.45788466493771,-10.10181,31.06176,Borehole/Tubewell,Motorized Pump,Well,Motorized Pump,Northern,False,0,Kasama,2013,5GXHV3X6+7PC
0.0,211.0,82923.94686124497,59503.45611541752,70367.10932200395,13119.925626453,3336.737103312256,-14.79002,27.85873,Borehole/Tubewell,,Well,,Central,False,0,Chibombo,2020,5GQ96V55+XFX
20.0,54.0,203923.68854348295,125820.49711073912,41350.173383181136,107492.17478484148,51371.43892256809,-11.96822,30.25472166666667,Borehole/Tubewell,Hand Pump - India Mark,Well,Hand Pump,Muchinga,False,1,Lavushimanda,2012,5GWG27J3+PV9
5.0,101.0,81053.74674199763,56162.627786574645,68409.26446102254,13387.091209136172,2115.8830378116054,-14.78945,27.892290000000003,Protected Well,Hand Pump - India Mark,Well,Hand Pump,Central,False,0,Chibombo,2014,5GQ96V6R+6WF
3.0,208.0,128524.91697926764,84555.94822926474,127350.14525911996,78061.29739866845,21170.18137034542,-15.134417,29.442833,Borehole/Tubewell,,Well,,Lusaka,False,0,Rufunsa,2020,5GPFVC8V+64P
3.0,39.0,126536.5732270137,82594.1993062419,112860.99860497178,76322.34601357406,23204.99799398886,-15.121833,29.420333,Borehole/Tubewell,,Well,,Lusaka,False,0,Rufunsa,2019,5GPFVCHC+748
,673.0,,71277.92633202586,88262.79740030598,8998.493595441754,679.0124301346141,-14.56013,24.18478,Protected Well,Hand Pump,Well,Hand Pump,Western,False,0,Kaoma,2019,5GQ6C5QM+WWR
,2275.0,,71499.50341273216,87364.86597893419,8021.085199276722,942.0572125834852,-14.55064,24.18658,Protected Well,Hand Pump,Well,Hand Pump,Western,False,0,Kaoma,2021,5GQ6C5XP+PJG
29.0,837.0,242413.5489182375,12699.291577212582,9719.404813518711,11947.729281445738,3541.894912577506,-10.096325,31.16517666666667,Protected Well,Rope and Bucket,Well,Rope and Bucket,Northern,False,0,Kasama,2014,5GXHW538+F3F
1.0,129.0,145361.81708445703,101390.11856623148,131714.04707913916,64279.66967076379,4370.473518830681,-15.097233,29.594683,Borehole/Tubewell,,Well,,Lusaka,False,0,Rufunsa,2018,5GPFWH3V+4V3
3.0,421.0,242185.40364480927,12659.970467940391,9920.888041291892,58391.51706304824,1837.02971544223,-11.766951666666667,31.49032833333333,Protected Well,Hand Pump,Well,Hand Pump,Muchinga,False,1,Mpika,2014,5GWH6FMR+648
14.0,89.0,96540.65391814167,74488.65412204231,84201.5315999165,18554.229589173665,8731.310528855045,-14.723968333333335,27.73593166666667,Protected Well,Rope and Bucket,Well,Rope and Bucket,Central,False,0,Chibombo,2014,5GQ97PGP+C97
0.0,461.0,178278.70496120537,81407.05105919024,143187.9537040274,32203.373397488034,18116.58067657233,-15.044467,29.896533,Borehole/Tubewell,,Well,,Lusaka,False,0,Rufunsa,2017,5GPFXV4W+6J7
8.0,93.0,86618.59755667987,54965.05705762624,73828.18278762486,21807.452250173254,8791.236806774803,-14.702085,27.9527,Borehole/Tubewell,Hand Pump - India Mark,Well,Hand Pump,Central,False,0,Chibombo,2014,5GQ97XX3+538
,2642.0,,69937.27665718117,87571.85227681913,6404.378040776167,242.3020876393556,-14.54507,24.20485,Protected Well,Hand Pump,Well,Hand Pump,Western,False,0,Kaoma,2021,5GQ6F633+XWH
,1625.0,,69876.62438207128,86919.9683564902,5357.946481747743,165.04515417436826,-14.53664,24.20939,Protected Well,Hand Pump,Well,Hand Pump,Western,False,0,Kaoma,2019,5GQ6F675+8QR
1.0,191.0,112315.75755609664,67498.19531821224,100245.95047212008,24063.486818729245,177.73200394205904,-14.656497,27.589754,Borehole/Tubewell,,Well,,Central,False,0,Chibombo,2021,5GQ98HVQ+CW2
2.0,126.0,103152.45707194084,73076.4010543134,90939.81377648878,19102.853681816065,8830.184999781255,-14.696833,27.672285,Borehole/Tubewell,Hand Pump - India Mark,Well,Hand Pump,Central,False,0,Chibombo,2021,5GQ98M3C+7W7
9.0,117.0,100997.00830935808,76217.56986627406,88509.66051822115,24503.48550214165,12869.500214488218,-14.667804999999998,27.744835,Borehole/Tubewell,Hand Pump - India Mark,Well,Hand Pump,Central,False,0,Chibombo,2014,5GQ98PJV+VWG
2.0,284.0,97469.70250906472,72194.06786509063,84929.4613391671,24079.299216912903,9650.34482468889,-14.684294,27.778126,Borehole/Tubewell,,Well,,Central,False,0,Chibombo,2021,5GQ98Q8H+77J
0.0,500.0,85402.80629191364,51968.0901852948,72615.04083069808,21147.75050753005,11907.668586807387,-14.69911,27.989001,Borehole/Tubewell,,Well,,Central,False,0,Chibombo,2020,5GQ98X2Q+9J2
3.0,789.0,113313.81859149512,68382.94447894095,101203.63938217894,25429.56854188133,24.925897295422896,-14.643552,27.590884,Borehole/Tubewell,Hand Pump - India Mark,Well,Hand Pump,Central,False,0,Chibombo,2022,5GQ99H4R+H8P
1.0,341.0,114942.98358329496,68231.73094382064,102830.28811555548,26893.49643218753,496.7784200143031,-14.632206,27.581241,Borehole/Tubewell,,Well,,Central,False,0,Chibombo,2020,5GQ99H9J+4F9
1.0,117.0,116656.0272252019,68146.71625372238,104539.59668197794,28464.628914887224,73.22483668547942,-14.620084,27.57133,Borehole/Tubewell,Hand Pump - India Mark,Well,Hand Pump,Central,False,0,Chibombo,2021,5GQ99HJC+2JM
4.0,88.0,,3772.393414093943,143692.5437549018,3229.207170225744,3466.101382127684,-14.78911111,24.76569444,Borehole/Tubewell,Hand Pump,Well,Hand Pump,Western,False,0,Kaoma,2016,5GQ66Q68+974
2.0,341.0,112628.67600639512,76951.99227513056,100233.517092201,29616.819470062692,8055.060716631967,-14.600053,27.656689,Borehole/Tubewell,,Well,,Central,False,0,Chibombo,2021,5GQ99MX4+XMG
11.0,1461.0,223966.73696612063,13061.922391756034,112028.76922605482,39012.55331921427,323.836754331891,-10.630050000000002,32.153805000000006,Borehole/Tubewell,Hand Pump - India Mark,Well,Hand Pump,Muchinga,False,1,Chinsali,2014,5GXJ9593+XGM
,898.0,,70384.16802623963,88537.50724434936,8327.053714987209,155.8563320541413,-14.55903,24.1942,Protected Well,Hand Pump,Well,Hand Pump,Western,False,0,Kaoma,2019,5GQ6C5RV+9MP
1.0,1156.0,115727.97413331948,21905.95817523771,67971.78018498866,18906.808227552112,73.51719663867691,-9.5204,28.90972,Protected Well,Hand Pump,Well,Hand Pump,Luapula,False,0,Nchelenge,2019,6G2CFWH5+RVX
2.0,781.0,71183.86080146262,49849.53136105866,58600.91737122199,4221.334037837702,318.64834018328685,-14.87427,27.92566,Borehole/Tubewell,,Well,,Central,False,0,Chibombo,2020,5GQ94WGG+77V
9.0,11289.0,238140.94614368395,6634.337392384453,2662.931226127281,65122.140112584406,4707.950646694076,-11.827561666666668,31.461581666666667,Borehole/Tubewell,Hand Pump - India Mark,Well,Hand Pump,Muchinga,True,1,Mpika,2014,5GWH5FC6+XJG
0.0,73.0,79456.21781632169,58987.76881893108,67036.53195584529,8097.941466298766,7528.339242388775,-14.834897,27.848525,Borehole/Tubewell,,Well,,Central,False,0,Chibombo,2019,5GQ95R8X+2CR
,2583.0,,70225.13434739163,87160.12712919488,6164.1488763530015,166.0092745919705,-14.54157,24.20353,Protected Well,Hand Pump,Well,Hand Pump,Western,False,0,Kaoma,2021,5GQ6F653+9CC
,2151.0,,70577.22180069493,86782.87203505148,6054.9050743550815,550.7830807857418,-14.53884,24.20121,Protected Well,Hand Pump,Well,Hand Pump,Western,False,0,Kaoma,2021,5GQ6F662+FF8
,1672.0,,69740.55729767364,87130.12856659836,5497.205936474949,38.26579661942948,-14.5385,24.2099,Protected Well,Hand Pump,Well,Hand Pump,Western,False,0,Kaoma,2019,5GQ6F665+JX2
,1737.0,,69697.07356332571,87208.1691899731,5557.932569742225,112.22924379339528,-14.53923,24.21,Protected Well,Hand Pump,Well,Hand Pump,Western,False,0,Kaoma,2019,5GQ6F666+822
,1974.0,,70046.54465065691,86862.15701515276,5492.027594797259,248.9971594530951,-14.53688,24.20754,Protected Well,Hand Pump,Well,Hand Pump,Western,False,0,Kaoma,2019,5GQ6F675+62V
1.0,48.0,,34299.36778496732,125837.67888585854,33694.235568804776,1605.2768676556848,-14.50671,24.89886,Borehole/Tubewell,Hand Pump,Well,Hand Pump,Western,False,0,Kaoma,2015,5GQ6FVVX+8G9
,240.0,82662.85660095442,55332.29292113535,69939.39425327863,16706.43352151323,1471.7016505939648,-14.76059,27.913985,Borehole/Tubewell,,Well,,Central,False,0,Chibombo,2021,5GQ96WQ7+QH9
0.0,86.0,283292.0543085103,58528.00193588205,57068.10033608568,6396.745040359517,7679.854052236972,-10.73738,30.16466,Borehole/Tubewell,Motorized Pump,Well,Motorized Pump,Northern,False,1,Luwingu,2014,5GXG7577+2VV
1.0,41.0,,25662.22023592284,163343.7671230166,24669.35319367761,12784.72840563603,-14.8364,25.03416667,Borehole/Tubewell,Hand Pump - India Mark,Well,Hand Pump,Western,False,0,Nkeyema,2012,5GQ7527M+CMV
1.0,235.0,82063.71470553047,51412.19750799251,69275.07252895286,17229.44497374745,7440.23096311656,-14.74136,27.9661,Borehole/Tubewell,Hand Pump,Well,Hand Pump,Central,False,0,Chibombo,2022,5GQ97X58+FC5
1.0,117.0,109961.71069257685,66319.72692699355,97959.526773913,21223.69247858881,879.9161062311018,-14.68215,27.59309,Borehole/Tubewell,,Well,,Central,False,0,Chibombo,2021,5GQ98H9V+46W
1.0,477.0,22070.110677861696,29288.27936708793,22806.545061055287,447.4255920652464,1672.1237315339654,-13.836968,32.619686,Borehole/Tubewell,Hand Pump,Well,Hand Pump,Eastern,False,0,Chipata,2022,5GRJ5J79+6V7
0.0,244.0,68131.20505082939,48691.33328621249,55603.81053818365,931.3982869455928,1661.2126715163283,-14.904317,27.930209,Borehole/Tubewell,,Well,,Central,False,0,Chibombo,2019,5GQ93WWJ+73G
2.0,1102.0,113462.38572161263,68790.61639381544,101336.07436670522,25764.3595484656,102.275807319563,-14.64,27.593,Borehole/Tubewell,,Well,,Central,False,0,Chibombo,2022,5GQ99H6V+262
1.0,630.0,66650.1506169088,45442.48574568458,54011.17074729891,729.6153749768728,1478.3663287252523,-14.900811,27.96159,Borehole/Tubewell,,Well,,Central,False,0,Chibombo,2020,5GQ93XX6+MJG
7.0,252.0,118578.81418201116,32607.570172586253,108396.8510074257,10941.586142432485,15894.373212804749,-14.86318,27.337343333333333,Borehole/Tubewell,Hand Pump - India Mark,Well,Hand Pump,Central,False,0,Chibombo,2014,5GQ948PP+PWG
,179.0,176567.67224397298,14154.458794303597,29045.53707763177,56313.27581686745,504.54277134768455,-12.377938,25.941542,Protected Well,Hand Pump,Well,Hand Pump,North-Western,False,0,Solwezi,2019,5GV7JWCR+RJF
,0.0,175383.987423525,42693.24382145512,69801.77283303541,96308.94026970724,12505.119295065697,-12.30139,25.52657,Protected Well,Hand Pump,Well,Hand Pump,North-Western,False,0,Kalumbila,2021,5GV7MGXG+CJW
39.0,1052.0,81044.77250573909,55104.296822692246,54723.50007562291,56183.26249761067,23443.96719026043,-12.379775,27.32285333333333,Borehole/Tubewell,Hand Pump - India Mark,Well,Hand Pump,Copperbelt,False,0,Chingola,2014,5GV9J8CF+34X
1.0,0.0,132488.90299041217,80931.88850727316,120027.59927649485,47763.498892225056,17375.934942413747,-14.44265,27.56561,Borehole/Tubewell,,Well,,Central,False,0,Chibombo,2022,5GQ9HH48+W6X
23.0,581.0,79972.69821932813,53906.09276080142,67273.90138513326,13762.642806857748,257.39376245909176,-14.787346666666668,27.915915,Protected Well,Hand Pump - India Mark,Well,Hand Pump,Central,False,0,Chibombo,2014,5GQ96W78+397
23.0,105.0,99466.78819611784,74686.23871439991,87229.74702095409,17431.27681798557,10121.665935364716,-14.718616666666666,27.69898833333333,Protected Well,Rope and Bucket,Well,Rope and Bucket,Central,False,0,Chibombo,2014,5GQ97MJX+HH5
0.0,554.0,224094.6497200678,43113.4216221773,42758.96020548191,109062.8122851738,33945.90680342705,-12.182823333333332,31.21080833333333,Borehole/Tubewell,Hand Pump - India Mark,Well,Hand Pump,Muchinga,False,0,Mpika,2014,5GVHR686+V8F
0.0,36.0,103725.65031702208,71349.04234816451,91576.6702194666,18318.90601355865,7168.891904789236,-14.70234,27.6572,Borehole/Tubewell,,Well,,Central,False,0,Chibombo,2020,5GQ97MX4+3V8
8.0,56.0,95380.80674220368,74227.19641132613,83097.71947314654,16780.66994788124,7914.283623637888,-14.740321666666668,27.731855000000003,Borehole/Tubewell,Hand Pump - India Mark,Well,Hand Pump,Central,False,0,Chibombo,2014,5GQ97P5J+VPH
3.0,648.0,232129.16775466007,39595.50484072499,38842.39966577624,100287.60372897227,32556.12616928702,-12.118760000000002,31.172155,Borehole/Tubewell,Hand Pump - India Mark,Well,Hand Pump,Muchinga,False,0,Mpika,2014,5GVHV5JC+FVR
8.0,601.0,227340.64669316864,34627.200997161955,34246.4764109576,98393.39330368835,25976.550057331027,-12.112899999999998,31.243521666666663,Borehole/Tubewell,Hand Pump - India Mark,Well,Hand Pump,Muchinga,False,0,Mpika,2014,5GVHV6PV+RCR
1.0,81.0,95649.88108490224,72662.02179260626,83236.68028535947,20047.373231414665,7508.266082008043,-14.719069,27.756481,Borehole/Tubewell,,Well,,Central,False,0,Chibombo,2021,5GQ97QJ4+9HH
9.0,105.0,105099.38668147744,73699.91702252685,92845.90527349053,21211.81494735349,8732.928508481544,-14.677116666666668,27.668546666666664,Borehole/Tubewell,Hand Pump - India Mark,Well,Hand Pump,Central,False,0,Chibombo,2014,5GQ98MF9+5C3
3.0,48.0,103656.78815651298,76046.4469561929,91329.8863489044,21820.970457926906,11240.326691999237,-14.675556666666669,27.69222,Borehole/Tubewell,Hand Pump - India Mark,Well,Hand Pump,Central,False,0,Chibombo,2014,5GQ98MFR+QVH
1.0,130.0,104103.05692467262,78751.89198504756,91683.26862550466,24310.386785970077,12891.465474240214,-14.65703,27.71068,Borehole/Tubewell,,Well,,Central,False,0,Chibombo,2021,5GQ98PV6+57M
1.0,418.0,96484.5920394762,71395.95072256227,83948.04538436998,23236.708254978337,8660.063103997334,-14.692304,27.782274,Borehole/Tubewell,,Well,,Central,False,0,Chibombo,2021,5GQ98Q5J+3WC
9.0,162.0,86952.99862156194,53451.34035599871,74163.94217791595,22605.56502054965,12099.86920499569,-14.687111666666665,27.981051666666666,Borehole/Tubewell,Hand Pump - India Mark,Well,Hand Pump,Central,False,0,Chibombo,2014,5GQ98X7J+5C3
0.0,150.0,123357.07356828052,57661.95552209571,111633.38379942994,29756.0169479905,6832.22357172042,-14.638006,27.461028,Borehole/Tubewell,,Well,,Central,False,0,Chibombo,2020,5GQ99F66+QCR
1.0,0.0,62547.11741209172,23279.229076793952,51566.75882177431,2279.9248859642776,8943.35859913112,-15.897,27.975,Borehole/Tubewell,Motorized Pump,Well,Motorized Pump,Southern,False,1,Mazabuka,2014,5GP94X3G+622
1.0,699.0,16822.46960600957,29305.989515535523,17459.86647695932,184.2863883625673,3351.335958699001,-13.788474,32.616618,Borehole/Tubewell,Hand Pump,Well,Hand Pump,Eastern,False,0,Chipata,2022,5GRJ6J68+JJ9
1.0,725.0,17359.455344631122,39359.525811965286,16506.762463661824,10572.376312154112,3350.3250229082632,-13.745057,32.527457,Borehole/Tubewell,Hand Pump,Well,Hand Pump,Eastern,False,0,Chipata,2022,5GRJ7G3G+XXG
3.0,19.0,72535.68936938682,20872.080081361557,21522.81885084084,28076.449573990587,5355.8274041565655,-15.854541666666668,28.785353333333333,Borehole/Tubewell,Hand Pump - India Mark,Well,Hand Pump,Lusaka,False,1,Kafue,2014,5GPC4QWP+54Q
,8.0,187722.4686190861,23658.07960522077,28493.271156243063,65492.9463030499,1319.3442044414608,-12.46478,25.8894,Protected Well,Hand Pump,Well,Hand Pump,North-Western,False,0,Kalumbila,2021,5GV7GVPQ+3QJ
8.0,3096.0,74567.85817521712,40733.1907065971,61819.10517718592,11295.749081678803,15630.21246085738,-14.778243333333334,28.059375,Borehole/Tubewell,Hand Pump - India Mark,Well,Hand Pump,Central,False,0,Chisamba,2014,5GQC63C5+PQ2
34.0,1793.0,84045.47434676554,45304.542370962336,71366.82575673122,22319.07456235712,22210.42865082514,-14.680448333333334,28.08896666666667,Borehole/Tubewell,Hand Pump - India Mark,Well,Hand Pump,Central,False,0,Chibombo,2014,5GQC839Q+RHG
1.0,185.0,80993.32572797018,64578.34689896557,64226.38047939199,51560.29747967105,25938.371672353936,-12.349925,27.22189333333333,Borehole/Tubewell,Hand Pump - India Mark,Well,Hand Pump,Copperbelt,False,0,Lufwanyama,2014,5GV9M62C+2QJ
,64.0,100721.88244261312,56852.99034614892,87273.43550942955,49536.33116024564,33380.13301755284,-15.25855,29.20589,Borehole/Tubewell,Hand Pump,Well,Hand Pump,Lusaka,False,1,Rufunsa,2021,5GPFP6R4+H9J
1.0,4137.0,238233.08365160343,2158.379507648544,2564.2284072559432,68612.78511060085,4191.970548796751,-11.8561,31.41589333333333,Borehole/Tubewell,Hand Pump - India Mark,Well,Hand Pump,Muchinga,False,0,Mpika,2014,5GWH4CV8+H96
11.0,84.0,92716.32668339153,40488.10346874123,80033.26270161752,31730.17810102418,20794.28401801714,-14.596611666666668,28.10395833333333,Borehole/Tubewell,Hand Pump - India Mark,Well,Hand Pump,Central,False,0,Chibombo,2014,5GQCC433+9H4
12.0,3436.0,16688.779292210937,32349.228414697936,4189.374645944216,4611.398178810784,90.63653742079455,-15.266591666666669,28.264600000000005,Borehole/Tubewell,Hand Pump - India Mark,Well,Hand Pump,Central,False,1,Chibombo,2014,5GPCP7M7+9R9
12.0,301.0,30016.253345728528,17399.843396942422,16451.0558139213,7202.133685823724,93.35739723834264,-15.283455,28.5258,Borehole/Tubewell,Hand Pump - India Mark,Well,Hand Pump,Lusaka,False,1,Chongwe,2014,5GPCPG8G+J87
11.0,481.0,246479.124116072,7854.882399472454,3186.1327111181017,65462.25787643529,96.12392504486166,-11.82169,31.33329833333333,Borehole/Tubewell,Hand Pump - India Mark,Well,Hand Pump,Muchinga,False,0,Kanchibiya,2014,5GWH58HM+88F
5.0,216.0,44563.842906611455,7832.610490775368,30782.3089635119,8733.914567751575,824.1439469021528,-15.258716666666665,28.66400833333333,Borehole/Tubewell,Hand Pump - India Mark,Well,Hand Pump,Lusaka,False,1,Chongwe,2014,5GPCPMR7+GJ6
2.0,5086.0,241912.63905512463,2106.458084528212,189.288957038505,67035.11786274934,1124.0190015582589,-11.837511666666668,31.38359666666667,Borehole/Tubewell,Hand Pump - India Mark,Well,Hand Pump,Muchinga,False,0,Mpika,2014,5GWH596M+XCX
2.0,3930.0,242275.2008481324,2018.1724969413765,532.7682885413321,66237.91579991803,1143.2585328487075,-11.830841666666666,31.387615,Borehole/Tubewell,Hand Pump - India Mark,Well,Hand Pump,Muchinga,False,0,Mpika,2014,5GWH599Q+M29
16.0,2733.0,239872.66302656167,2616.7013206203005,133.6975594632347,65931.86279098967,5171.220967153006,-11.832591666666668,31.424561666666666,Borehole/Tubewell,Hand Pump - India Mark,Well,Hand Pump,Muchinga,False,0,Mpika,2014,5GWH5C8F+XR7
16.0,338.0,49435.607023626224,8914.463794822805,35649.11262655132,10477.348448223993,1008.6169338975488,-15.25193,28.710171666666664,Borehole/Tubewell,Hand Pump - India Mark,Well,Hand Pump,Lusaka,False,1,Chongwe,2014,5GPCPPX6+63F
9.0,87.0,233446.491014559,18412.143879432533,14060.254153438756,64196.16650292347,6510.093743302879,-11.813015,31.568855,Borehole/Tubewell,Hand Pump - India Mark,Well,Hand Pump,Muchinga,False,0,Mpika,2014,5GWH5HP9+QGX
6.0,558.0,290688.09630547906,51461.86096947721,147.51130251973692,23385.135781425462,7844.800453466984,-11.406498333333332,31.235903333333333,Borehole/Tubewell,Hand Pump - India Mark,Well,Hand Pump,Muchinga,False,0,Kanchibiya,2012,5GWHH6VP+C92
8.0,804.0,261673.012133344,53207.10488399296,48346.905581405445,23593.97921835657,7326.582702592811,-10.733,29.8124,Borehole/Tubewell,Motorized Pump,Well,Motorized Pump,Northern,False,0,Lupososhi,2013,5GXF7R86+RX2
0.0,429.0,163012.72609006657,67827.98581094669,20531.54972418521,66658.39019277587,438.8493250345583,-12.785333333333332,26.510463333333337,Borehole/Tubewell,Hand Pump - India Mark,Well,Hand Pump,North-Western,False,0,Solwezi,2014,5GV86G76+V58
10.0,483.0,162779.87516118409,68118.40211052528,20129.00284500831,66929.92230144585,222.1739613136129,-12.787031666666667,26.51579333333333,Borehole/Tubewell,Hand Pump - India Mark,Well,Hand Pump,North-Western,False,0,Solwezi,2014,5GV86G78+58M
0.0,40.0,157758.44279235302,58206.880826776505,30085.19512608093,57077.164841015285,8.716737732167067,-12.701008333333334,26.487376666666663,Borehole/Tubewell,Hand Pump - India Mark,Well,Hand Pump,North-Western,False,0,Solwezi,2014,5GV87FXP+HXR
10.0,377.0,254219.0342977361,21479.109478850496,395.93423601067946,360.1717718382944,5488.509979923862,-10.165051666666669,30.99728333333333,Borehole/Tubewell,Hand Pump - India Mark,Well,Hand Pump,Northern,False,0,Kasama,2014,5GXGRXMW+XWF
1.0,1054.0,250072.83337871725,31269.53196494912,9134.76356926795,115.85820866554576,5575.708131612471,-10.10368,30.92339,Borehole/Tubewell,Motorized Pump,Well,Motorized Pump,Northern,False,0,Kasama,2013,5GXGVWWF+G9C
4.0,1054.0,249988.7642591319,31331.47763455386,9235.495944307924,20.10699456764955,5639.512320898568,-10.1028,30.92313833333333,Borehole/Tubewell,Hand Pump - India Mark,Well,Hand Pump,Northern,False,0,Kasama,2014,5GXGVWWF+V7J
2.0,351.0,240626.09413483893,32730.40925679149,16373.622003884871,8957.95652583943,9248.455400567042,-10.024056666666668,30.955001666666664,Borehole/Tubewell,Hand Pump - India Mark,Well,Hand Pump,Northern,False,0,Kasama,2014,5GXGXXG4+92C
0.0,287.0,220277.91027709644,105879.32709297196,45830.39304245906,112546.28353933594,38329.89006237655,-12.055418333333334,30.45494666666666,Borehole/Tubewell,Hand Pump - India Mark,Well,Hand Pump,Muchinga,False,0,Lavushimanda,2012,5GVGWFV3+RXP
3.0,75.0,192910.19811949623,85849.23288571043,67204.73481166533,91175.2897251998,15849.93432408346,-12.832145,31.068233333333332,Borehole/Tubewell,Hand Pump - India Mark,Well,Hand Pump,Muchinga,False,0,Lavushimanda,2014,5GVH5399+47X
,839.0,244723.4236868304,10877.381609124956,84399.36511586099,43134.61596317328,38.69041946625712,-10.57647,31.97037333333333,Protected Spring,Rope and Bucket,Spring,Rope and Bucket,Muchinga,False,0,Chinsali,2014,5GXHCXFC+C49
3.0,40.0,221511.0213426092,38849.17110496788,138918.20335574145,9424.718975103084,19737.772470648208,-14.94039,30.28395,Borehole/Tubewell,,Well,,Eastern,False,1,Nyimba,2021,5GQG375M+RHW
4.0,328.0,286098.9413122313,17797.802187918885,8650.743769393282,13549.951965259144,147.4949706160221,-10.331148333333337,31.29382,Borehole/Tubewell,Hand Pump - India Mark,Well,Hand Pump,Northern,False,0,Kasama,2014,5GXHM79V+GGW
4.0,312.0,285951.9557490391,17905.91742512654,8822.186469952321,13594.491880990292,308.9120854147708,-10.331103333333337,31.295385000000003,Borehole/Tubewell,Hand Pump - India Mark,Well,Hand Pump,Northern,False,0,Kasama,2014,5GXHM79W+H52
2.0,126.0,287335.0533968545,15800.246795794626,6594.023409987151,12218.116081806244,26.41184930790844,-10.322965,31.274995,Borehole/Tubewell,Hand Pump - India Mark,Well,Hand Pump,Northern,False,0,Kasama,2014,5GXHM7GF+RX9
17.0,5784.0,287373.99947165634,3609.960719999479,1727.533289932326,3018.9031161401567,4509.560084307361,-10.227516666666666,31.215273333333336,Borehole/Tubewell,,Well,,Northern,True,0,Kasama,2012,5GXHQ6C8+X4R
16.0,4726.0,252698.57605389727,4313.630586104485,3222.5215706079825,86.53670176278969,4900.189375428138,-10.20296565,31.227175000000003,Borehole/Tubewell,Hand Pump - Afridev,Well,Hand Pump,Northern,False,0,Kasama,2014,5GXHQ6WG+RV7
1.0,436.0,252174.61304318844,9025.539105453494,6642.801945993664,127.13528547235036,7557.130231953859,-10.20529,31.27055,Borehole/Tubewell,Motorized Pump,Well,Motorized Pump,Northern,False,0,Kasama,2014,5GXHQ7VC+V6M
13.0,1354.0,250655.08201541883,4965.144894943942,1891.902228279328,2111.1053638701173,5078.995371720378,-10.184,31.226,Borehole/Tubewell,Hand Pump - India Mark,Well,Hand Pump,Northern,False,0,Kasama,2013,5GXHR68G+CC2
10.0,283.0,250432.6184300721,8682.010124562703,4726.80728103589,2065.865246401036,8152.039830319597,-10.188440000000002,31.264768333333336,Protected Well,Rope and Bucket,Well,Rope and Bucket,Northern,False,0,Kasama,2014,5GXHR767+JWC
1.0,347.0,249941.7022991165,8519.314521615595,4078.5423719780615,2711.0083261388013,8552.647564711622,-10.18345,31.26166,Borehole/Tubewell,Motorized Pump,Well,Motorized Pump,Northern,False,0,Kasama,2013,5GXHR786+JMF
2.0,347.0,249933.80387943916,8540.662320592348,4086.36670936338,2705.979918536804,8532.33614196583,-10.183408333333334,31.261851666666665,Borehole/Tubewell,Hand Pump - India Mark,Well,Hand Pump,Northern,False,0,Kasama,2014,5GXHR786+JPQ
,5346.0,246719.6286156174,8984.61729228048,7557.507351939546,8399.345413400844,24.548478382959296,-10.13418,31.15595,Protected Well,Hand Pump,Well,Hand Pump,Northern,False,0,Kasama,2012,5GXHV584+89G
1.0,1158.0,244730.0623970528,20128.276002107163,7698.328745591029,9116.60798421484,1538.3106730378963,-10.09018,31.049,Borehole/Tubewell,Motorized Pump,Well,Motorized Pump,Northern,False,0,Kasama,2014,5GXHW25X+WJC
1.0,1158.0,244726.71113568972,20151.839525129515,7701.509651323723,9103.990502675828,1548.7133496382162,-10.090093333333334,31.048791666666663,Borehole/Tubewell,Hand Pump - India Mark,Well,Hand Pump,Northern,False,0,Kasama,2014,5GXHW25X+XG7
1.0,196.0,212222.2763270787,24175.911988136628,117467.7643772696,41094.31089826162,12427.156244870112,-10.642923333333332,32.26602833333333,Borehole/Tubewell,Hand Pump - India Mark,Well,Hand Pump,Muchinga,False,0,Chinsali,2014,5GXJ9748+RCJ
6.0,1650.0,234955.9447997477,5503.296160015827,5319.141824998666,71985.27037453178,930.9745062216642,-11.88737,31.42266,Borehole/Tubewell,Hand Pump - India Mark,Well,Hand Pump,Muchinga,False,0,Mpika,2014,5GWH4C7F+333
2.0,201.0,206002.1775187336,32240.005206162252,109766.05275646018,28036.92272520732,846.0350883504558,-10.318331666666667,32.24480833333334,Borehole/Tubewell,Hand Pump - India Mark,Well,Hand Pump,Muchinga,False,0,Chinsali,2014,5GXJM6JV+MW7
,139.0,114246.00209449016,17789.27119610577,60771.528475031686,11680.029331496076,2470.538765653216,-9.50567,28.84486,Protected Well,Hand Pump,Well,Hand Pump,Luapula,False,0,Nchelenge,2021,6G2CFRVV+PWQ
,728.0,257715.78364109297,61028.25823039677,59392.74029091878,23779.282808132848,114.49183571947744,-10.81434,29.87392,Borehole/Tubewell,Motorized Pump,Well,Motorized Pump,Northern,False,0,Lupososhi,2012,5GXF5VPF+7H7
38.0,3390.0,246722.327446609,8707.027981181276,127.18419136352742,6260.5277358043895,8138.934437776208,-10.15064,31.24176,Protected Spring,Rope and Bucket,Spring,Rope and Bucket,Northern,False,0,Kasama,2014,5GXHR6XR+PPR
1.0,826.0,114186.74762954288,19161.902119256272,62764.45066018528,13828.507837866346,2045.5344434945075,-9.50596,28.86443,Protected Well,Hand Pump,Well,Hand Pump,Luapula,False,0,Nchelenge,2019,6G2CFVV7+JQ7
1.0,1894.0,114056.93706663906,20296.935946322235,64144.20949247888,15351.208298756736,1071.293083500418,-9.50515,28.87833,Protected Well,Hand Pump,Well,Hand Pump,Luapula,False,0,Nchelenge,2019,6G2CFVVH+W8W
1.0,1055.0,114180.44109343457,21057.70617420397,65278.458357414034,16519.886764358154,413.96860310003706,-9.50642,28.88894,Protected Well,Hand Pump,Well,Hand Pump,Luapula,False,0,Nchelenge,2019,6G2CFVVQ+CHP
4.0,110.0,297652.81708543963,46922.73015335463,8249.329254743288,33187.73091778692,6209.141066019653,-10.39033,30.80107,Borehole/Tubewell,Hand Pump - India Mark,Well,Hand Pump,Northern,False,0,Kasama,2014,5GXGJR52+VC8
1.0,0.0,114101.8318283711,22396.11793829573,66822.52902046822,18203.480737017948,757.5615769625011,-9.50574,28.9043,Protected Well,Hand Pump,Well,Hand Pump,Luapula,False,0,Nchelenge,2019,6G2CFWV3+PP3
16.0,316.0,286007.9300529551,50979.57851647295,37.72634738085186,29121.10383334469,10869.504642108022,-10.308126666666668,30.73383833333333,Protected Well,Rope and Bucket,Well,Rope and Bucket,Northern,False,0,Kasama,2014,5GXGMPRM+PGW
7.0,705.0,268868.8050435913,66188.99433848541,162.8638469471882,36010.630073585875,354.3715013842995,-10.235871666666666,30.58477,Borehole/Tubewell,Hand Pump - India Mark,Well,Hand Pump,Northern,False,0,Kasama,2014,5GXGQH7M+MW2
2.0,1292.0,239434.05398581468,62389.06392117219,36844.75833132745,5660.712544550063,16072.185275799848,-9.914233333333334,30.702915,Borehole/Tubewell,Hand Pump - India Mark,Well,Hand Pump,Northern,False,0,Kasama,2014,6G2G3PP3+853
1.0,124.0,231658.39080704004,36166.53418774784,23364.590027578623,17152.8520730313,16305.615176865813,-9.949273333333334,30.9876,Borehole/Tubewell,Hand Pump - India Mark,Well,Hand Pump,Northern,False,0,Kasama,2014,6G2G3X2Q+72X
1.0,31.0,229317.2863134865,39319.63111028807,25767.564931421384,18135.20612624807,19335.578237656653,-9.923,30.975,Borehole/Tubewell,Motorized Pump,Well,Motorized Pump,Northern,False,0,Kasama,2014,6G2G3XGG+R22
2.0,17345.0,253972.9419930136,522.1641392835829,162.58465685984464,1130.458809290813,383.5972753001881,-10.206765,31.18397333333333,Borehole/Tubewell,Hand Pump - India Mark,Well,Hand Pump,Northern,True,0,Kasama,2014,5GXHQ5VM+7HX
2.0,910.0,250453.89487818352,4460.0718269957815,901.6157244641424,2488.725059203951,4289.562714339347,-10.180606666666668,31.21731833333333,Borehole/Tubewell,Hand Pump - India Mark,Well,Hand Pump,Northern,False,0,Kasama,2014,5GXHR698+QW4
6.0,754.0,246498.2434799561,8144.5664981941,1444.784288076199,6311.7897928759,7020.254990395824,-10.146,31.227,Borehole/Tubewell,Motorized Pump,Well,Motorized Pump,Northern,False,0,Kasama,2013,5GXHV63G+JR2
3.0,651.0,245092.2547320361,9314.834010493949,2754.89854856233,7782.718526910377,7303.42914616088,-10.132611666666666,31.224390000000003,Borehole/Tubewell,Hand Pump - India Mark,Well,Hand Pump,Northern,False,0,Kasama,2014,5GXHV68F+XQ2
3.0,527.0,241716.950172807,24378.23693590527,11141.54891524094,9712.83409414926,4993.223310297193,-10.056156666666668,31.027835,Borehole/Tubewell,Hand Pump - India Mark,Well,Hand Pump,Northern,False,0,Kasama,2014,5GXHW2VH+G4P
,597.0,89831.04542433441,4400.316642872263,46589.51370926051,96.47046424324134,1142.477398794095,-9.275403,28.765284,Protected Well,Hand Pump,Well,Hand Pump,Luapula,False,0,Nchelenge,2019,6G2CPQF8+R4M
10.0,193.0,225848.7576015062,14508.355766429268,2681.401167822518,47673.503084856,24871.150876403757,-15.683398,23.327045,Borehole/Tubewell,Hand Pump,Well,Hand Pump,Western,False,1,Senanga,2018,5GP5888G+JRV
2.0,1095.0,117492.1687895052,37342.331286880966,30670.05399510439,10464.712495666592,4.7472246833085325,-9.01389,31.66528,Borehole/Tubewell,Motorized Pump,Well,Motorized Pump,Northern,False,0,Mbala,2013,6G2HXMP8+C4R
1.0,521.0,114795.09916788,18540.725553087592,62747.34947930897,13592.856374235109,2687.5143877701653,-9.51138,28.86197,Protected Well,Hand Pump,Well,Hand Pump,Luapula,False,0,Nchelenge,2019,6G2CFVQ6+CQX
0.0,0.0,100690.18741519534,54319.44313307569,92242.09181901152,57356.702197283645,7730.037783700163,-15.52,27.35,Borehole/Tubewell,Motorized Pump,Well,Motorized Pump,Central,False,1,Mumbwa,2015,5GP9F9J2+222
1.0,483.0,114012.80924274682,21939.930182653123,66173.28800304477,17539.474636687395,382.4237475357813,-9.50495,28.89827,Protected Well,Hand Pump,Well,Hand Pump,Luapula,False,0,Nchelenge,2019,6G2CFVWX+28C
1.0,1131.0,113597.55108523626,20894.762677442606,64344.043638741954,15740.023527777186,471.27634515107866,-9.50106,28.88192,Protected Well,Hand Pump,Well,Hand Pump,Luapula,False,0,Nchelenge,2019,6G2CFVXJ+HQF
52.0,73.0,65000.61936651082,46790.66102334893,56466.109416129526,40438.50234422374,485.0960785369766,-15.443556666666666,27.677208333333336,Borehole/Tubewell,,Well,,Lusaka,False,1,Shibuyunji,2014,5GP9HM4G+HVG
1.0,1665.0,115587.31037014203,21302.54184936599,67148.07707796646,18062.661495637647,480.5223580658778,-9.51918,28.90212,Protected Well,Hand Pump,Well,Hand Pump,Luapula,False,0,Nchelenge,2019,6G2CFWJ2+8RH
15.0,50.0,44325.22206809671,53178.43031686919,34835.05050316633,23552.799533671423,112.29618525028738,-15.223716666666666,27.920315,Borehole/Tubewell,Hand Pump - India Mark,Well,Hand Pump,Central,False,1,Chibombo,2014,5GP9QWGC+G48
0.0,87.0,62889.993005207245,60973.515658207725,52081.92570917922,18215.74998685007,1730.5798047881003,-15.071375,27.81698833333333,Borehole/Tubewell,Hand Pump - India Mark,Well,Hand Pump,Central,False,1,Chibombo,2014,5GP9WRH8+FQ5
6.0,201.0,36494.41018983221,18804.16326195582,26156.245508958524,4553.560791647472,4750.723910319133,-15.484693333333333,28.61483833333333,Borehole/Tubewell,Hand Pump - India Mark,Well,Hand Pump,Lusaka,False,1,Chongwe,2014,5GPCGJ87+4WG
2.0,38511.0,9883.720816532878,25623.33953334006,1994.980144772459,1569.1468523789258,1687.3117188334031,-15.32791,28.29432,Borehole/Tubewell,,Well,,Lusaka,True,1,Lusaka,2021,5GPCM7CV+RPP
,1725.0,,69852.67180694456,87007.42742237574,5458.505211352698,87.39535331304235,-14.5376,24.20918,Protected Well,Hand Pump,Well,Hand Pump,Western,False,1,Kaoma,2021,5GQ6F665+XM7
6.0,34.0,,55247.57947721533,192397.6694138376,53532.793821264975,13456.143474929866,-14.99742,25.27058,Borehole/Tubewell,Hand Pump,Well,Hand Pump,Western,False,1,Nkeyema,2018,5GQ7273C+26P
12.0,75.0,192803.1075988009,85728.08053812638,67371.45661555347,91052.51546484728,15942.767988956097,-12.831530000000004,31.06967833333333,Borehole/Tubewell,Hand Pump - India Mark,Well,Hand Pump,Muchinga,False,1,Lavushimanda,2014,5GVH5399+9VM
1.0,65.0,58618.94269119267,64870.77367556109,49512.74124396509,35916.729364309766,2436.289267781239,-15.24277,27.766448333333333,Borehole/Tubewell,Hand Pump - India Mark,Well,Hand Pump,Central,False,1,Chibombo,2014,5GP9QQ48+VHW
10.0,101.0,123159.3963440343,52822.56826225182,111655.5640405017,27248.57254134197,11705.344178397558,-14.671336666666663,27.431330000000003,Borehole/Tubewell,Hand Pump - India Mark,Well,Hand Pump,Central,False,1,Chibombo,2014,5GQ98CHJ+FG8
4.0,39.0,40656.21467350969,18978.51896906012,30281.173650557797,4152.963091446134,5076.512746895335,-15.49659,28.651865,Borehole/Tubewell,Hand Pump - India Mark,Well,Hand Pump,Lusaka,False,1,Chongwe,2014,5GPCGM32+9P9
2.0,121.0,257460.32496330503,23275.061997109027,1368.9485532614317,3829.533416205656,7382.560592964972,-10.18971,30.97671666666667,Borehole/Tubewell,,Well,,Northern,False,1,Kasama,2014,5GXGRX6G+4M8
9.0,113.0,223834.64540030068,87473.14734059962,43588.14484571935,83990.67737752544,23975.92807178257,-12.697991666666669,30.81848,Protected Well,Rope and Bucket,Well,Rope and Bucket,Muchinga,False,1,Lavushimanda,2014,5GVG8R29+R95
11.0,712.0,240355.0011580423,6866.296958792445,88972.18497372608,42134.02386338126,736.2439837845538,-10.581226666666664,32.011878333333335,Borehole/Tubewell,Hand Pump - India Mark,Well,Hand Pump,Muchinga,False,1,Chinsali,2012,5GXJC296+GQ2
1.0,44.0,171072.07287564754,16014.80594918442,2914.181075159504,107123.12840533268,4339.760758848578,-16.23411111,23.36758333,Borehole/Tubewell,Hand Pump,Well,Hand Pump,Western,False,0,Senanga,2013,5GM5Q989+924
0.0,2264.0,97969.60279227076,19562.35963567485,303.23384834541577,8671.499268327725,19044.780945206825,-16.1780222,28.7484444,Borehole/Tubewell,,Well,,Lusaka,False,0,Chirundu,2018,5GMCRPCX+Q9W
3.0,18.0,81925.76639794937,46079.20945613783,29333.05388581795,14551.985225906692,15748.728670526332,-16.1416667,28.436,Borehole/Tubewell,Hand Pump - India Mark,Well,Hand Pump,Southern,False,0,Chikankanta,2018,5GMCVC5P+8CJ
1.0,260.0,278937.98270822025,22141.891188465364,13888.25387918663,20865.57332507464,14130.699643741242,-15.3398067,22.94455,Borehole/Tubewell,Hand Pump - India Mark,Well,Hand Pump,Western,False,0,Mongu,2018,5GP4MW6V+3RF
2.0,245.0,204919.0050925956,21978.00613620997,2677.620916767709,70439.8629311692,2818.1502356329243,-15.90577778,23.31288889,Borehole/Tubewell,Hand Pump,Well,Hand Pump,Western,False,0,Senanga,2014,5GP538V7+M5J
0.0,205.0,232832.53040133897,61590.07581267536,56408.982027145816,73219.98086401769,16290.59102398642,-15.448956,23.817354,Borehole/Tubewell,Hand Pump - India Mark,Well,Hand Pump,Western,False,0,Mongu,2016,5GP5HR28+CW9
1.0,331.0,,11951.954406588218,11934.729030602,9754.806096732817,6894.685067305764,-15.242914,23.245026,Borehole/Tubewell,Hand Pump,Well,Hand Pump,Western,False,0,Limulunga,2015,5GP5Q64W+R2J
1.0,315.0,44216.86115213964,37744.0425898886,36162.49800431327,22559.15244298107,5044.430579309228,-15.541253333333335,27.890711666666668,Borehole/Tubewell,Hand Pump - India Mark,Well,Hand Pump,Lusaka,False,0,Shibuyunji,2014,5GP9FV5R+F7W
42.0,139.0,43036.13118382266,44595.23663169,34495.0696184788,18479.732279909007,1465.7937116767057,-15.430453333333332,27.88146833333333,Protected Well,Rope and Bucket,Well,Rope and Bucket,Lusaka,False,0,Shibuyunji,2014,5GP9HV9J+RH8
29.0,36.0,31940.695668080763,26135.548499205852,22909.845440058336,10301.7743741774,5782.188764305675,-15.59472,28.51628833333333,Protected Spring,Rope and Bucket,Spring,Rope and Bucket,Lusaka,False,0,Kafue,2014,5GPCCG48+4G7
2.0,151.0,53368.36363514482,22766.498115263472,42557.16483342127,3615.184083883932,3646.427790731632,-15.514826666666666,28.769001666666668,Borehole/Tubewell,Hand Pump - India Mark,Well,Hand Pump,Lusaka,False,0,Chongwe,2014,5GPCFQP9+3J6
0.0,67.0,62397.26958574249,29626.326324886348,51607.82017797879,2485.113596251148,9303.929994942591,-15.539754999999998,28.84955166666667,Borehole/Tubewell,Hand Pump - India Mark,Well,Hand Pump,Lusaka,False,0,Chongwe,2014,5GPCFR6X+3RV
0.0,37.0,66642.15021352332,31583.12750787291,55468.51403568002,7204.304230108068,7312.791073293513,-15.525941666666665,28.89281,Borehole/Tubewell,Hand Pump - India Mark,Well,Hand Pump,Lusaka,False,0,Chongwe,2014,5GPCFVFV+J4F
0.0,40716.0,7848.840253065549,21844.64733343788,1757.1236913033326,735.6271118989887,410.737582547678,-15.3662,28.23055,Borehole/Tubewell,,Well,,Lusaka,True,0,Lusaka,2017,5GPCJ6MJ+G6F
0.0,406.0,50055.04458037684,9626.494266185156,37181.04412835194,535.0728391409589,7102.298735520073,-15.38629,28.747402,Borehole/Tubewell,,Well,,Lusaka,False,0,Chongwe,2018,5GPCJP7W+FXJ
0.0,620.0,27077.061816076795,19558.14309029897,13531.890034779522,4726.165711243047,1808.656981040569,-15.2966,28.50202,Borehole/Tubewell,,Well,,Lusaka,False,0,Chongwe,2018,5GPCPG32+9R6
12.0,401.0,54004.66828129911,10687.393131394574,40274.71304403625,12259.955968525384,3294.2187854668173,-15.271423333333331,28.76237666666667,Borehole/Tubewell,,Well,,Lusaka,False,0,Chongwe,2014,5GPCPQH6+CXJ
1.0,256.0,30810.844341297096,18876.5067887892,19712.979898409794,14148.915520047913,9548.410938567642,-15.15014666666666,28.365956666666666,Borehole/Tubewell,Hand Pump - India Mark,Well,Hand Pump,Lusaka,False,0,Chongwe,2014,5GPCR9X8+W9W
0.0,59.0,77032.70830321437,34111.447025034206,63246.40952788036,31503.328881069127,16674.46376857657,-15.16399,28.95054,Borehole/Tubewell,,Well,,Lusaka,False,0,Rufunsa,2018,5GPCRXP2+C63
,566.0,83926.21919921221,39969.93242911263,70389.09444335183,33383.325000836936,18349.64089195995,-15.2612,29.04717,Borehole/Tubewell,,Well,,Lusaka,False,0,Rufunsa,2021,5GPFP2QW+GVF
4.0,402.0,115422.95383266604,71450.67672793484,101790.26944180387,64987.96346200751,34282.254937387406,-15.1683,29.325917,Borehole/Tubewell,,Well,,Lusaka,False,0,Rufunsa,2021,5GPFR8JG+M9M
0.0,124.0,157362.6629477926,95164.54820675356,143739.4357232114,52187.61644773177,1397.7702413171226,-15.087433,29.70715,Borehole/Tubewell,,Well,,Lusaka,False,0,Rufunsa,2017,5GPFWP74+2VC
2.0,104.0,157544.5154485834,96526.9722778902,143896.10620689945,52501.63656218245,2294.82856004382,-15.070833,29.704667,Borehole/Tubewell,,Well,,Lusaka,False,0,Rufunsa,2018,5GPFWPH3+MV7
1.0,862.0,,23932.15378117834,22267.784169387087,78361.05234934289,112.73041486641792,-14.99672,22.452038,Borehole/Tubewell,Hand Pump - India Mark,Well,Hand Pump,Western,False,0,Kalabo,2016,5GQ42F32+8R7
,892.0,,71367.46805631065,88089.46021131112,8866.02825154902,748.0073073089073,-14.55853,24.18455,Protected Well,Hand Pump,Well,Hand Pump,Western,False,0,Kaoma,2021,5GQ6C5RM+HRM
0.0,111.0,,26112.28258805364,159437.09231092344,25659.676054099287,13192.427055744716,-14.7900167,25.0408683,Borehole/Tubewell,Hand Pump - India Mark,Well,Hand Pump,Western,False,0,Nkeyema,2017,5GQ7625R+X8X
0.0,475.0,75076.4098627639,60411.26875929214,63046.46367742636,191.1608981253402,4109.961635409792,-14.908154,27.819412,Borehole/Tubewell,,Well,,Central,False,0,Chibombo,2019,5GQ93RR9+PQM
2.0,1867.0,66795.08051425246,46675.326318551495,54209.497187558445,454.81421474848105,27.49164700828244,-14.906996,27.948748,Borehole/Tubewell,,Well,,Central,False,0,Chibombo,2021,5GQ93WVX+6F5
2.0,231.0,77059.34365878809,62229.689235760015,65054.79178577907,821.2604768751279,3178.5562787669787,-14.8976,27.80388,Borehole/Tubewell,,Well,,Central,False,0,Chibombo,2021,5GQ94R23+XH6
3.0,69.0,76256.34212779491,57170.53241173142,63885.17931543092,4969.21312363799,6604.893499291566,-14.8637788,27.8583066,Borehole/Tubewell,,Well,,Central,False,0,Chibombo,2021,5GQ94VP5+F8M
1.0,178.0,79333.58086769881,49722.56103662071,66549.92496107011,14443.33581077211,6378.623243709267,-14.767205,27.96905,Borehole/Tubewell,,Well,,Central,False,0,Chibombo,2021,5GQ96XM9+4J7
1.0,126.0,107639.83557072793,64671.23814198313,95738.31731854109,18119.969805218225,400.5746999043916,-14.71143,27.59237,Borehole/Tubewell,,Well,,Central,False,0,Chibombo,2021,5GQ97HQR+CWH
0.0,44.0,100617.2984786609,70380.49820262649,88551.30625338621,14790.361087784497,5828.112975929,-14.734881,27.662653,Borehole/Tubewell,,Well,,Central,False,0,Chibombo,2020,5GQ97M87+23R
1.0,500.0,83549.13549768827,53390.17711362639,70768.06778375147,18623.992435969107,6238.582523099216,-14.734247,27.949073,Borehole/Tubewell,,Well,,Central,False,0,Chibombo,2022,5GQ97W8X+8J4
2.0,56.0,90880.2990367613,61116.97274832144,78126.26756577787,24799.57092632533,8187.777958990286,-14.686302,27.895094,Borehole/Tubewell,,Well,,Central,False,0,Chibombo,2021,5GQ98V7W+F2H
1.0,724.0,114366.7923377919,68085.85464718283,102262.283480809,26284.557072645704,554.1475503938868,-14.637381,27.583276,Borehole/Tubewell,,Well,,Central,False,0,Chibombo,2020,5GQ99H7M+28R
17.0,65.0,115065.61241711864,72421.49290767504,102806.3526401723,29056.53966691936,3584.3112718016027,-14.606955,27.61054,Borehole/Tubewell,Hand Pump - India Mark,Well,Hand Pump,Central,False,0,Chibombo,2014,5GQ99JV6+667
21.0,2551.0,74820.13950582758,41200.011794814935,62065.13335448732,11411.891275507836,15149.98661210185,-14.777358333333332,28.054791666666667,Borehole/Tubewell,Hand Pump - India Mark,Well,Hand Pump,Central,False,0,Chibombo,2014,5GQC63F3+3W3
0.0,64.0,174317.53230199098,84785.67390500865,155311.7158015392,40361.05746818244,16262.37900887245,-14.95374,29.83262,Borehole/Tubewell,,Well,,Lusaka,False,0,Rufunsa,2018,5GQF2RWM+G25
0.0,24.0,176126.17891379484,83104.74406723556,156694.5752703951,39451.94178631596,18724.7719229954,-14.933395,29.843622,Borehole/Tubewell,,Well,,Lusaka,False,0,Rufunsa,2018,5GQF3R8V+JCX
1.0,375.0,22044.59464050562,47164.0102729386,20455.8592313444,18535.314789309912,3615.089175309422,-13.718409,32.458895,Borehole/Tubewell,Hand Pump,Well,Hand Pump,Eastern,False,0,Kasenengwa,2022,5GRJ7FJ5+JHJ
1.0,215.0,10149.200541454502,37100.314383590594,8906.859664470972,9129.31223494894,2829.585574649934,-13.684604,32.564371,Borehole/Tubewell,Hand Pump,Well,Hand Pump,Eastern,False,0,Chipata,2022,5GRJ8H87+5P5
,746.0,178150.1180883875,15097.414177105478,29533.51127923525,57852.22787092415,377.14940224073,-12.388218,25.930508,Protected Well,Hand Pump,Well,Hand Pump,North-Western,False,0,Solwezi,2019,5GV7JW6J+P66
46.0,0.0,261463.74017305567,65374.60552870128,60513.39483076733,96944.8989998715,6838.4268372268525,-11.92282666666666,30.80807,Protected Spring,Rope and Bucket,Spring,Rope and Bucket,Muchinga,False,0,Kanchibiya,2014,5GWG3RG5+V68
2.0,401.0,275425.6455424427,36574.35737526609,111.6735116604448,32927.16949275044,22280.426850376243,-11.524363333333334,31.308556666666664,Protected Well,Hand Pump - Rope,Well,,Muchinga,False,0,Mpika,2012,5GWHF8G5+7C3
8.0,4533.0,261728.44681710255,60901.17744568277,63030.78269901292,19623.9122700652,306.9167388841193,-10.8152,29.9401,Borehole/Tubewell,Motorized Pump,Well,Motorized Pump,Northern,False,0,Chilubi,2013,5GXF5WMR+W2H
,1525.0,114601.3372397184,20580.50766410909,65185.08376135984,16271.28965866235,905.2523593491836,-9.5102,28.8865,Protected Well,Hand Pump,Well,Hand Pump,Luapula,False,0,Nchelenge,2021,6G2CFVQP+WJC
1.0,976.0,102971.74140135916,19306.809090598344,18274.975467027565,5562.308801087382,4754.655462618232,-8.88,31.543,Borehole/Tubewell,Motorized Pump,Well,Motorized Pump,Northern,False,0,Mbala,2014,6G3H4GCV+262
3.0,198.0,83897.65557380496,42789.907188945865,25885.315029255085,11451.04866711173,16500.878128916785,-16.152167,28.471333,Borehole/Tubewell,,Well,,Southern,False,1,Siavonga,2019,5GMCRFXC+4GP
8.0,312.0,223309.0780601808,18968.893091474216,5036.000075193803,51584.92390400667,21049.80922260045,-15.74239722,23.2625,Borehole/Tubewell,Hand Pump,Well,Hand Pump,Western,False,1,Senanga,2017,5GP57757+22R
5.0,125.0,,48424.8769165574,180722.0891559285,47231.318008595685,1194.2257578994645,-14.88865,25.23936,Borehole/Tubewell,Hand Pump,Well,Hand Pump,Western,False,1,Nkeyema,2017,5GQ7466Q+GPX
1.0,80.0,114282.10104555031,9338.816925627882,124008.45246121546,63340.38351807458,8056.58543504327,-16.97134,26.42109,Borehole/Tubewell,Motorized Pump,Well,Motorized Pump,Southern,False,0,Kalomo,2013,5GM82CHC+FC8
1.0,102.0,173851.38458518687,16179.883356587685,113741.59915535084,19726.5024696039,13785.381898134256,-16.76,27.44,Borehole/Tubewell,Motorized Pump,Well,Motorized Pump,Southern,False,0,Pemba,2013,5GM96CRR+222
3.0,70.0,178446.65544553337,6358.708991885166,134022.78509157998,9456.856768668848,17340.773424470364,-16.68835,27.25712,Borehole/Tubewell,Motorized Pump,Well,Motorized Pump,Southern,False,0,Pemba,2014,5GM98764+MR9
3.0,150.0,85165.27103151653,45249.23776923809,28243.999111765963,11155.781607951294,14021.037268262337,-16.1681667,28.4526667,Borehole/Tubewell,Hand Pump - India Mark,Well,Hand Pump,Southern,False,0,Chikankanta,2018,5GMCRFJ3+P3M
2.0,41.0,74168.17158819153,28311.658251500685,11567.620372505788,15031.50442245232,21733.13063591636,-16.018,28.587333,Borehole/Tubewell,,Well,,Lusaka,False,0,Chirundu,2018,5GMCXHJP+RW4
3.0,41.0,85522.5881690805,6227.10685409577,11739.943491491882,14601.160583501489,5535.432082573966,-16.003167,28.8015,Borehole/Tubewell,,Well,,Lusaka,False,0,Chirundu,2019,5GMCXRW2+PJJ
3.0,57.0,87850.87702635762,3749.670010994071,15403.023572048918,17494.304065159187,2466.5368718346303,-16.0015,28.836167,Borehole/Tubewell,,Well,,Lusaka,False,0,Chirundu,2019,5GMCXRXP+CF3
1.0,289.0,291993.25167028507,35642.82486691026,13048.07660076384,37250.542414227166,4250.908373623625,-15.3006067,22.7794917,Borehole/Tubewell,Hand Pump - Afridev,Well,Hand Pump,Western,False,0,Kalabo,2018,5GP4MQXH+QQ5
2.0,28.0,,20665.53011040851,14014.937560306147,64893.34608373567,15460.025607991034,-15.127357,22.538902,Borehole/Tubewell,Hand Pump - India Mark,Well,Hand Pump,Western,False,0,Kalabo,2017,5GP4VGFQ+3H2
8.0,169.0,198131.845761649,29408.53584805989,13833.317540803491,75376.78983633929,14466.476663768211,-15.894212,23.470345,Borehole/Tubewell,Hand Pump,Well,Hand Pump,Western,False,0,Senanga,2018,5GP54F4C+849
11.0,384.0,,31539.69956109964,35192.18496071694,32909.65446637031,119.5571260368764,-15.14965,23.440233,Borehole/Tubewell,Hand Pump,Well,Hand Pump,Western,False,0,Limulunga,2018,5GP5VC2R+43X
12.0,357.0,66860.99934898135,59123.79852090876,55373.18409574303,10759.498641193875,152.78521159396672,-15.004425,27.826978333333333,Protected Well,Hand Pump - Rope,Well,,Central,False,0,Chibombo,2014,5GP9XRWG+6QQ
0.0,184.0,53612.44604932379,31189.870398440897,44799.05654514525,68.28908768162424,676.6074484855652,-15.602849,28.743378,Borehole/Tubewell,,Well,,Lusaka,False,0,Chongwe,2018,5GPC9PWV+V96
2.0,62.0,63831.49928680398,24422.097310905683,51569.78086073346,9589.331644988575,1745.4146702143682,-15.4412,28.8763,Borehole/Tubewell,Motorized Pump,Well,Motorized Pump,Lusaka,False,0,Chongwe,2013,5GPCHV5G+GGF
0.0,307.0,72564.24152535622,28592.41365774953,58959.31113949322,23070.061395882305,8757.221971442448,-15.26445,28.939517,Borehole/Tubewell,,Well,,Lusaka,False,0,Rufunsa,2017,5GPCPWPQ+6RC
0.0,213.0,79602.90077087043,36215.88575003741,65832.00321163172,32590.539738398493,17743.114883377104,-15.178967,28.981767,Borehole/Tubewell,,Well,,Lusaka,False,0,Rufunsa,2017,5GPCRXCJ+CP6
0.0,288.0,141908.0030623503,97962.61181587663,128229.66554490667,68199.58852377922,7936.642788326211,-15.0852,29.558233,Borehole/Tubewell,,Well,,Lusaka,False,0,Rufunsa,2017,5GPFWH75+W7H
7.0,758.0,,9051.268437942535,154463.9662077654,7679.949432295271,8975.005134790055,-14.83209722,24.87630833,Borehole/Tubewell,Hand Pump,Well,Hand Pump,Western,False,0,Kaoma,2018,5GQ65V9G+5G7
2.0,0.0,,15042.79982038407,153478.93158715215,14718.00120231072,14542.89425064273,-14.78916667,24.93777778,Borehole/Tubewell,Hand Pump,Well,Hand Pump,Western,False,0,Nkeyema,2014,5GQ66W6Q+84J
,2677.0,,71000.86513567965,87560.69430688358,7698.951404776976,491.1977127125272,-14.55049,24.19167,Protected Well,Hand Pump,Well,Hand Pump,Western,False,0,Kaoma,2021,5GQ6C5XR+RM3
,2387.0,,70846.96698401101,86779.99071138883,6390.847663657047,608.1571854457559,-14.54026,24.19781,Protected Well,Hand Pump,Well,Hand Pump,Western,False,0,Kaoma,2021,5GQ6F55X+V4V
0.0,561.0,80119.09696820237,54026.210684657286,67420.3887725143,13882.468757086535,221.65095362164817,-14.78622,27.9152,Borehole/Tubewell,,Well,,Central,False,0,Chibombo,2020,5GQ96W78+G38
1.0,231.0,84111.08009690559,56794.13893642053,71395.93967886723,17683.029900581285,1297.7592227479713,-14.751198,27.90361,Borehole/Tubewell,,Well,,Central,False,0,Chibombo,2020,5GQ96WX3+GCH
15.0,56.0,99145.2330727728,76905.62554651388,86815.77207384334,19401.86422012848,11333.209671384406,-14.707006666666668,27.718915,Protected Well,Rope and Bucket,Well,Rope and Bucket,Central,False,0,Chibombo,2014,5GQ97PV9+5HV
0.0,81.0,112141.30014623742,64683.416777851024,100188.85958379252,22602.99758699793,1602.6567963761463,-14.67518,27.57098,Borehole/Tubewell,,Well,,Central,False,0,Chibombo,2020,5GQ98HFC+W9H
1.0,1155.0,113762.60569828552,68864.00333278796,101632.04178869138,26080.41143278768,22.852822926461062,-14.637297,27.591955,Borehole/Tubewell,,Well,,Central,False,0,Chibombo,2020,5GQ99H7R+3QP
1.0,1102.0,113851.7288068915,69437.30692647642,101699.6847750456,26441.49566183066,563.504273485461,-14.63324,27.59556,Borehole/Tubewell,,Well,,Central,False,0,Chibombo,2021,5GQ99H8W+P63
2.0,1506.0,105446.52728259224,3683.462657352464,3057.570522197164,4998.375524259791,2036.163290644528,-8.87583,31.38499,Borehole/Tubewell,Motorized Pump,Well,Motorized Pump,Northern,False,0,Mbala,2013,6G3H49FM+MX9
1.0,419.0,99394.97068393846,17620.398628315837,15645.185961949406,1743.1905988751626,2674.5275968226265,-8.8464,31.5311,Borehole/Tubewell,Motorized Pump,Well,Motorized Pump,Northern,False,0,Mbala,2014,6G3H5G3J+CCX
0.0,186.0,178610.7129965638,32572.419233412955,97327.59250386828,24869.566139484006,25498.695327880097,-16.86649,27.5488,Borehole/Tubewell,Motorized Pump,Well,Motorized Pump,Southern,False,0,Gwembe,2013,5GM94GMX+CG3
2.0,66.0,105033.18003061264,18861.226886557397,8661.67498619877,17704.974464805684,18602.909232519283,-16.2015,28.833183,Borehole/Tubewell,,Well,,Lusaka,False,0,Chirundu,2019,5GMCQRXM+C73
8.0,187.0,65295.77825186222,59197.06071490467,53968.30051913,12997.664949225296,89.6471998944332,-15.024726666666668,27.82763,Borehole/Tubewell,Hand Pump - India Mark,Well,Hand Pump,Central,False,0,Chibombo,2014,5GP9XRGH+432
0.0,42.0,54608.88826305999,11150.9901954577,41273.75483080041,5341.484452487033,8391.483016780281,-15.339,28.7845,Borehole/Tubewell,Hand Pump - India Mark,Well,Hand Pump,Lusaka,False,0,Chongwe,2015,5GPCMQ6M+CR2
0.0,259.0,29646.30627313465,39054.15523230163,20394.33580353026,9718.258226033471,9878.1160033203,-15.291333,28.038,Borehole/Tubewell,,Well,,Lusaka,False,0,Chilanga,2016,5GPCP25Q+F66
4.0,213.0,80467.42353787663,37082.92025669888,66695.76760486176,33411.12906023443,18569.835921572903,-15.175717,28.989117,Borehole/Tubewell,,Well,,Lusaka,False,0,Rufunsa,2021,5GPCRXFQ+PJ9
0.0,54.0,89091.57406534428,46935.268887482685,76347.47155666148,33650.79152527127,18253.81876153085,-15.400633,29.111933,Borehole/Tubewell,,Well,,Lusaka,False,0,Rufunsa,2017,5GPFH4X6+PQV
0.0,139.0,152724.1644026561,100441.2924802936,139060.0578356052,57479.84240705569,1758.139175072551,-15.070667,29.658333,Borehole/Tubewell,Hand Pump - India Mark,Well,Hand Pump,Lusaka,False,0,Rufunsa,2015,5GPFWMH5+P8P
9.0,329.0,,6612.436460981441,78107.26189371404,3948.384526127754,7592.809737146029,-14.4365,23.2362,Borehole/Tubewell,Hand Pump,Well,Hand Pump,Western,False,0,Lukulu,2017,5GQ5H67P+CF4
,2494.0,,70767.77736231577,87751.09021403054,7686.301979585813,262.27305809090024,-14.55159,24.19354,Protected Well,Hand Pump,Well,Hand Pump,Western,False,0,Kaoma,2019,5GQ6C5XV+9C7
,1353.0,,69725.95649678953,86986.9727111041,5262.1687784462765,4.94300387622915,-14.53662,24.21094,Protected Well,Hand Pump,Well,Hand Pump,Western,False,0,Kaoma,2019,5GQ6F676+994
9.0,183.0,62076.80710721572,47584.09083562686,49749.37166697871,6172.413436029579,6641.608520924993,-14.968855,27.933865,Borehole/Tubewell,Hand Pump - India Mark,Well,Hand Pump,Central,False,0,Chibombo,2014,5GQ92WJM+FG5
1.0,492.0,67503.06481734115,48855.44470575912,55011.33829079584,65.0774908998007,2444.7627813338245,-14.913163,27.927167,Borehole/Tubewell,,Well,,Central,False,0,Chibombo,2020,5GQ93WPG+PVM
0.0,162.0,72843.00344979843,54056.63540515054,60436.67479672768,2873.9001083507246,4826.883964315956,-14.88414,27.88338,Borehole/Tubewell,,Well,,Central,False,0,Chibombo,2020,5GQ94V8M+89R
1.0,56.0,105030.20064750884,51647.87133020034,93973.83407870654,7785.8163381729555,13245.45203821297,-14.829751,27.514056,Borehole/Tubewell,Hand Pump,Well,Hand Pump,Central,False,0,Chibombo,2022,5GQ95GC7+3JV
0.0,195.0,82338.21249358545,59242.375322128144,69793.06090977215,12436.207581704672,4023.058859333947,-14.796221,27.858944,Borehole/Tubewell,,Well,,Central,False,0,Chibombo,2020,5GQ96V35+GH8
0.0,455.0,80684.74753772478,54584.70526268159,67989.65532125488,14262.538072367315,5.35002025304421,-14.78256,27.91118,Borehole/Tubewell,,Well,,Central,False,0,Chibombo,2020,5GQ96W86+XFF
1.0,40.0,100399.2531276691,74473.45463154283,87842.05086043078,26478.949797579167,12641.206246699576,-14.659203,27.767784,Borehole/Tubewell,,Well,,Central,False,0,Chibombo,2021,5GQ98QR9+847
2.0,1147.0,113897.88563264186,68993.06100944299,101761.8892043938,26268.621346342574,167.94865587230302,-14.635514,27.592162,Borehole/Tubewell,,Well,,Central,False,0,Chibombo,2021,5GQ99H7R+QVV
7.0,688.0,247526.91784825645,9108.215666540167,1708.4641871351696,5329.527358778267,8828.656179889065,-10.160313333333333,31.255411666666667,Protected Well,Hand Pump,Well,Hand Pump,Northern,False,0,Kasama,2014,5GXHR7Q4+V5F
10.0,527.0,254257.36908942545,59195.47208458739,55598.2959582481,59876.7442970604,8737.873507071272,-15.273092,23.715328,Borehole/Tubewell,Hand Pump - India Mark,Well,Hand Pump,Western,False,1,Mongu,2014,5GP5PPG8+Q48
10.0,97.0,,8170.933814104391,154675.28501851618,5306.660486932109,8760.576487697266,-14.8698,24.82594722,Borehole/Tubewell,Hand Pump,Well,Hand Pump,Western,False,1,Kaoma,2018,5GQ64RJG+39P
1.0,510.0,183557.60487663257,60997.793377366834,193354.262384371,26186.203683847118,269.33010727610883,-16.37172,26.63701,Borehole/Tubewell,Motorized Pump,Well,Motorized Pump,Southern,False,0,Kalomo,2013,5GM8JJHP+8R6
2.0,1057.0,77961.56847709541,34001.08687843699,64418.71080577416,27642.19052846112,12804.883694709686,-15.27,28.992333,Borehole/Tubewell,,Well,,Lusaka,False,0,Rufunsa,2018,5GPCPXJR+2W4
7.0,136.0,,11940.618594526655,147572.95084631268,11754.295698397462,10898.459791875615,-14.7506,24.89667778,Borehole/Tubewell,Hand Pump,Well,Hand Pump,Western,False,0,Kaoma,2018,5GQ66VXW+QM7
2.0,305.0,83612.85978460206,57153.56619543791,70924.2428881447,16536.72259830865,38.45543793735589,-14.76108,27.89499,Borehole/Tubewell,,Well,,Central,False,0,Chibombo,2022,5GQ96VQV+HX9
,661.0,115038.61601696468,18603.920961968448,63170.84128116172,13965.028935980208,2730.867819885309,-9.51369,28.86517,Protected Well,Hand Pump,Well,Hand Pump,Luapula,False,0,Nchelenge,2021,6G2CFVP8+G3F
,,14019.769298192434,23485.490882531398,2487.802520510141,174.7804317875635,935.472275088114,-15.3915,28.4102,Piped Water,Public Tapstand,Piped Water,Public Tapstand,Lusaka,True,0,Chongwe,2017,5GPCJC56+C34
,,13657.510616520518,24330.231016147216,664.1457606298035,725.2060150710932,917.455488073192,-15.3767,28.4026,Piped Water,Public Tapstand,Piped Water,Public Tapstand,Lusaka,True,0,Chongwe,2017,5GPCJCF3+82H
26.0,469.0,43289.06443122511,40225.475650829525,35062.24444536508,20495.214559077573,2257.768471049415,-15.508586666666668,27.89012333333333,Borehole/Tubewell,Hand Pump - India Mark,Well,Hand Pump,Lusaka,False,0,Shibuyunji,2014,5GP9FVRR+H29
4.0,4.0,142265.71737544134,7862.708048562999,131523.50059114743,7778.967222495641,1795.6842668672516,-16.394,27.41933,Borehole/Tubewell,Motorized Pump,Well,Motorized Pump,Southern,False,0,Monze,2013,5GM9JC49+CP4
11.0,704.0,36698.70989029535,35312.89913696314,28523.723799196538,14742.98648749826,1905.8621302059032,-15.501521666666669,27.951633333333334,Borehole/Tubewell,Hand Pump - India Mark,Well,Hand Pump,Lusaka,False,0,Shibuyunji,2014,5GP9FXX2+9MR
1.0,0.0,256710.1987145484,69366.82264803532,197442.6440240698,66604.00129699633,50961.57877497563,-15.33586111,25.13497222,Borehole/Tubewell,Hand Pump,Well,Hand Pump,Western,False,0,Luampa,2014,5GP7M47M+MX5
1.0,66.0,62412.03814805148,43738.84077405961,53933.58920449348,38018.96451821591,2666.7254125739564,-15.467266666666667,27.703011666666665,Borehole/Tubewell,Hand Pump - India Mark,Well,Hand Pump,Lusaka,False,0,Shibuyunji,2014,5GP9GPM3+36R
10.0,425.0,60789.74243467662,44542.36114080184,52291.68275600424,36338.317873968736,1239.4003026990288,-15.458201666666666,27.717411666666667,Borehole/Tubewell,Hand Pump - India Mark,Well,Hand Pump,Lusaka,False,0,Shibuyunji,2014,5GP9GPR8+PX7
10.0,667.0,60686.94104928199,44948.13494847271,52180.04007650971,36208.5682324689,827.4764540815554,-15.454444999999998,27.718095,Borehole/Tubewell,Hand Pump - India Mark,Well,Hand Pump,Lusaka,False,0,Shibuyunji,2014,5GP9GPW9+66H
22.0,777.0,60417.24010966314,45379.36088488269,51901.31469080934,35912.0395633968,312.70331348491146,-15.450310000000002,27.72033833333333,Borehole/Tubewell,Hand Pump - India Mark,Well,Hand Pump,Lusaka,False,0,Shibuyunji,2014,5GP9GPXC+V4G
0.0,506.0,55155.4117893665,41088.78161633115,46772.19652169913,31111.90169711624,5747.280195909113,-15.487345,27.773456666666668,Borehole/Tubewell,Hand Pump - India Mark,Well,Hand Pump,Lusaka,False,0,Shibuyunji,2014,5GP9GQ7F+398
,821.0,54141.15394779071,42397.005349161394,45717.89804434716,29960.304846407173,3350.104102497456,-15.475831666666666,27.781425,Borehole/Tubewell,Hand Pump - India Mark,Well,Hand Pump,Lusaka,False,0,Shibuyunji,2014,5GP9GQFJ+MH7
7.0,234.0,52492.32471685039,42617.81282378267,44073.354146415375,28336.116585103417,3084.274953794916,-15.474876666666669,27.79678333333333,Borehole/Tubewell,Hand Pump - India Mark,Well,Hand Pump,Lusaka,False,0,Shibuyunji,2014,5GP9GQGW+2PV
2.0,469.0,52496.172040455305,45053.83560185938,44000.63379914478,28070.251845608465,642.2720404754132,-15.452595,27.794471666666663,Protected Well,Hand Pump - Rope,Well,,Lusaka,False,0,Shibuyunji,2014,5GP9GQWV+XQ9
21.0,388.0,53627.723089003375,45105.16247066484,45126.40246583895,29179.688114068005,639.886875584039,-15.451445,27.78381333333333,Borehole/Tubewell,Hand Pump - India Mark,Well,Hand Pump,Lusaka,False,0,Shibuyunji,2014,5GP9GQXM+CGG
10.0,594.0,51913.75572818042,45383.82571203006,43412.12521350556,27468.93278200263,300.5551783526544,-15.450034999999998,27.79972,Borehole/Tubewell,Hand Pump - India Mark,Well,Hand Pump,Lusaka,False,0,Shibuyunji,2014,5GP9GQXX+XVQ
,59.0,,50070.90117290681,96985.57671269674,17955.626453995315,22829.38952019796,-14.47481,24.476328,Protected Well,Hand Pump,Well,Hand Pump,Western,False,0,Kaoma,2021,5GQ6GFGG+3GG
11.0,1093.0,48893.50956742067,45221.32085154875,40415.48409304299,24541.76043108904,615.4740676937905,-15.455006666666668,27.82835,Protected Well,Hand Pump - Rope,Well,,Lusaka,False,0,Shibuyunji,2014,5GP9GRVH+X8X
23.0,425.0,45634.36842660615,44822.067776901495,37209.24604707693,21507.901745772186,165.53512436222846,-15.46484499999999,27.859905000000005,Borehole/Tubewell,Hand Pump - India Mark,Well,Hand Pump,Lusaka,False,0,Shibuyunji,2014,5GP9GVP5+3X6
1.0,212.0,42065.857109394834,42643.64038774438,33620.08605654682,17893.39844581731,682.5514752135665,-15.456118333333333,27.89236333333333,Borehole/Tubewell,Hand Pump - India Mark,Well,Hand Pump,Lusaka,False,0,Shibuyunji,2014,5GP9GVVR+HW5
0.0,674.0,37446.378638832495,36279.279323549,29232.134932239995,15104.256469228212,1720.3561653885668,-15.497195,27.943306666666665,Borehole/Tubewell,Hand Pump - India Mark,Well,Hand Pump,Lusaka,False,0,Shibuyunji,2014,5GP9GW3V+48F
1.0,352.0,38732.28162958266,37791.759926341154,30476.198498451664,15950.614603497335,1165.571783445631,-15.492541666666666,27.929881666666667,Borehole/Tubewell,Hand Pump - India Mark,Well,Hand Pump,Lusaka,False,0,Shibuyunji,2014,5GP9GW4H+XXJ
0.0,256.0,37141.888843055705,36518.93835401246,28868.17675156926,14315.928628921582,2519.8435872543346,-15.48568,27.943516666666664,Borehole/Tubewell,Hand Pump - India Mark,Well,Hand Pump,Lusaka,False,0,Shibuyunji,2014,5GP9GW7V+PCC
6.0,586.0,38341.55989461185,37889.2333612849,30039.589140265747,15180.39581862434,2358.395039573277,-15.481848333333335,27.93132166666667,Borehole/Tubewell,Hand Pump - India Mark,Well,Hand Pump,Lusaka,False,0,Shibuyunji,2014,5GP9GW9J+7G8
0.0,124.0,106306.2591251286,62337.77024401548,92670.41286968911,56005.39385684466,40791.5843221394,-15.1858333,29.243,Borehole/Tubewell,Hand Pump - India Mark,Well,Hand Pump,Lusaka,False,0,Rufunsa,2015,5GPFR67V+M66
,374.0,41270.729719890616,41563.01320379239,32867.290334973084,17295.195758209058,135.0796353577797,-15.4636,27.900710000000004,Protected Well,Hand Pump - Rope,Well,,Lusaka,False,0,Shibuyunji,2014,5GP9GWP2+H78
11.0,777.0,38644.800014213964,39577.51727481884,30191.008388163988,14486.141886592162,1134.2761226431371,-15.450671666666665,27.923835,Borehole/Tubewell,Hand Pump - India Mark,Well,Hand Pump,Lusaka,False,0,Shibuyunji,2014,5GP9GWXF+PGP
23.0,944.0,35811.18611173422,36761.73526406007,27388.30207601609,11876.450886455934,149.47668892488105,-15.453039999999998,27.95064,Borehole/Tubewell,Hand Pump - India Mark,Well,Hand Pump,Lusaka,False,0,Shibuyunji,2014,5GP9GXW2+Q7J
32.0,36.0,75176.52387580261,53612.96744881517,66596.39991337662,50515.05519912857,2695.2355087926903,-15.406241666666665,27.581903333333337,Protected Well,Rope and Bucket,Well,Rope and Bucket,Lusaka,False,0,Shibuyunji,2014,5GP9HHVJ+GQ2
17.0,381.0,57572.908480324506,46303.92886588105,49039.05194958685,33018.06809281644,443.6581777050621,-15.44028,27.74633,Borehole/Tubewell,Hand Pump - India Mark,Well,Hand Pump,Lusaka,False,0,Shibuyunji,2014,5GP9HP5W+VGP
10.0,410.0,60088.937572796174,46814.716545683,51546.76118084303,35509.00680602022,1142.7670874150872,-15.437066666666665,27.722735,Borehole/Tubewell,Hand Pump - India Mark,Well,Hand Pump,Lusaka,False,0,Shibuyunji,2014,5GP9HP7F+53H
8.0,223.0,86685.26034801986,54207.4703767082,73892.51570844253,22037.53153269745,10235.527169464667,-14.695921666666669,27.965655,Borehole/Tubewell,Hand Pump - India Mark,Well,Hand Pump,Central,False,0,Chibombo,2014,5GQ98X38+J7J
8.0,146.0,59591.36488744804,50274.98086922802,51009.31426143869,34928.87361678897,4579.407369110049,-15.40535,27.727126666666663,Borehole/Tubewell,Hand Pump - India Mark,Well,Hand Pump,Lusaka,False,0,Shibuyunji,2014,5GP9HPVG+VV6
,0.0,174895.53309178675,43185.71843747268,70525.24189609067,96956.11511945455,11811.720631551852,-12.29715,25.52149,Protected Well,Hand Pump,Well,Hand Pump,North-Western,False,0,Kalumbila,2021,5GV7PG3C+4HX
12.0,880.0,56861.82916851742,58087.06686762914,48187.78143820984,32604.89157232368,343.20192979074614,-15.333543333333331,27.759465,Borehole/Tubewell,Hand Pump - India Mark,Well,Hand Pump,Lusaka,False,0,Shibuyunji,2014,5GP9MQ85+HQP
9.0,128.0,82644.64069107028,59230.50005894966,73849.69096471458,37160.06470186134,12629.569953810093,-15.270866666666668,27.527266666666662,Borehole/Tubewell,Hand Pump - India Mark,Well,Hand Pump,Central,False,0,Mumbwa,2014,5GP9PGHG+MW2
,,11415.48204573656,17519.825637383885,3987.4279352902495,1453.9364545546025,702.9696243962841,-15.4416,28.3853,Piped Water,Public Tapstand,Piped Water,Public Tapstand,Lusaka,False,0,Lusaka,2017,5GPCH95P+947
,,11383.869167677512,17618.32346102388,4046.8035431400126,1448.8547808152814,623.2306117988619,-15.4404,28.3853,Piped Water,Public Tapstand,Piped Water,Public Tapstand,Lusaka,False,0,Lusaka,2017,5GPCH95P+R4V
12.0,,244456.1319718066,17181.21705772409,82677.54180693846,36168.4341141554,23.624232896749906,-10.64668,31.943223333333336,Piped Water,Hand Pump - Tara,Piped Water,Hand Pump,Muchinga,False,0,Chinsali,2012,5GXH9W3V+87H
,,13919.316849708155,23540.17029799869,2270.106625815044,40.51318956482695,1138.9757755021235,-15.3899,28.4089,Piped Water,Public Tapstand,Piped Water,Public Tapstand,Lusaka,True,1,Chongwe,2017,5GPCJC65+2HR
1.0,181.0,157722.22115165775,7170.332720562176,106165.24704783164,6315.858714000391,23125.11430986507,-17.40192,27.27102,Borehole/Tubewell,Motorized Pump,Well,Motorized Pump,Southern,False,0,Sinazongwe,2012,5GJ9H7XC+6CJ
1.0,947.0,175854.14938116664,21051.986852441238,92449.33193359453,5447.904727054999,6024.971229498389,-17.28845,27.40963,Borehole/Tubewell,Motorized Pump,Well,Motorized Pump,Southern,False,0,Sinazongwe,2012,5GJ9PC65+JVC
19.0,2042.0,182417.49286987996,30540.144474244476,95510.45157946373,132.41983835290205,783.5758690827299,-17.14798,27.41379,Borehole/Tubewell,Motorized Pump,Well,Motorized Pump,Southern,False,0,Sinazongwe,2013,5GJ9VC27+RG3
0.0,1276.0,196676.4100848364,47538.2849106523,82765.19706485131,20462.99817161282,8549.279620141928,-17.05969,27.58133,Borehole/Tubewell,Motorized Pump,Well,Motorized Pump,Southern,False,0,Sinazongwe,2014,5GJ9WHRJ+4GG
4.0,0.0,126560.5857046288,6572.441297581505,9776.705278754933,127451.83810340932,5762.507466762038,-16.658,23.48272,Borehole/Tubewell,Hand Pump,Well,Hand Pump,Western,False,0,Sioma,2015,5GM58FRM+R35
0.0,10.0,182098.3835322724,16238.824170366408,113833.03200918683,12743.749426763528,21735.99071473117,-16.81937,27.39253,Borehole/Tubewell,Motorized Pump,Well,Motorized Pump,Southern,False,0,Pemba,2013,5GM959JV+722
0.0,49.0,180677.1809559096,24144.65030037498,106204.991593036,18109.072995880848,22541.93533228969,-16.84388,27.46225,Borehole/Tubewell,Motorized Pump,Well,Motorized Pump,Southern,False,0,Pemba,2013,5GM95F46+CWR
0.0,93.0,176651.53061368686,27891.917413364008,101989.96266509929,23872.512897345056,21697.658508642377,-16.83289,27.5206,Borehole/Tubewell,Motorized Pump,Well,Motorized Pump,Southern,False,0,Gwembe,2013,5GM95G8C+R6X
0.0,145.0,176745.63566066627,27132.95579927432,102749.39630952636,23404.5101959694,21330.68932311825,-16.83032,27.51362,Borehole/Tubewell,Motorized Pump,Well,Motorized Pump,Southern,False,0,Gwembe,2013,5GM95G97+VCH
0.0,66.0,172528.34168307105,21574.54297037844,108579.7693003951,24090.43100097593,14884.544482368305,-16.7746,27.49029,Borehole/Tubewell,Motorized Pump,Well,Motorized Pump,Southern,False,0,Pemba,2013,5GM96FGR+547
1.0,484.0,76208.81889443725,63485.93917367873,67135.2375108199,32364.966494758315,7722.106773650096,-15.204615,27.606946666666666,Borehole/Tubewell,Hand Pump - India Mark,Well,Hand Pump,Lusaka,False,0,Shibuyunji,2014,5GP9QJW4+5Q4
2.0,2066.0,97952.2918070797,18542.566690337604,785.1597508222309,9502.05912929673,18035.475023248982,-16.172667,28.757333,Borehole/Tubewell,Hand Pump - India Mark,Well,Hand Pump,Lusaka,False,0,Chirundu,2018,5GMCRQG4+WWP
4.0,471.0,92668.6602595702,4038.969646845401,12852.88764977329,13911.7919131753,3561.4782057498483,-16.063033,28.83165,Borehole/Tubewell,,Well,,Lusaka,False,0,Chirundu,2021,5GMCWRPJ+QMJ
1.0,384.0,,20596.74920048055,1007.3012716698528,43748.59125813887,92.03030633807792,-15.17325,22.72988,Borehole/Tubewell,Hand Pump,Well,Hand Pump,Western,False,0,Kalabo,2015,5GP4RPGH+PX2
1.0,283.0,,59095.96006713463,55220.81005327543,88522.24677199082,8945.005909881735,-15.124407,22.141297,Borehole/Tubewell,Hand Pump - India Mark,Well,Hand Pump,Western,False,0,Sikongo,2016,5GP4V4GR+6GM
1.0,7.0,,11119.92690557084,18.360081939844555,51477.14502484486,8281.045884166118,-15.0953633,22.6806083,Borehole/Tubewell,Hand Pump - Afridev,Well,Hand Pump,Western,False,0,Kalabo,2018,5GP4WM3J+V65
3.0,0.0,,56996.48876816029,54697.30945776156,84720.8512948314,2831.773034400207,-15.01101,22.14485,Borehole/Tubewell,Hand Pump,Well,Hand Pump,Western,False,0,Sikongo,2015,5GP4X4QV+HWX
1.0,263.0,234510.85245981728,29364.73470160346,31702.726305150467,51586.510715477154,1760.226674609054,-15.74785,23.05305,Borehole/Tubewell,Hand Pump - Afridev,Well,Hand Pump,Western,False,0,Nalolo,2018,5GP57323+V67
8.0,608.0,228075.62511363675,12554.60312971702,1506.1451522072614,45806.1471370899,24355.628697956985,-15.6809,23.28657778,Borehole/Tubewell,Hand Pump,Well,Hand Pump,Western,False,0,Nalolo,2017,5GP5879P+JJW
3.0,51.0,248752.30677901517,29984.876662098304,26157.18779897668,36074.99789773618,3963.8870076932153,-15.39722222,23.47166667,Borehole/Tubewell,Hand Pump,Well,Hand Pump,Western,False,0,Mongu,2014,5GP5JF3C+4M7
4.0,96.0,248425.86181408496,65590.75936314346,61733.85621625727,69533.32042374846,17398.288198919818,-15.3075,23.80468889,Borehole/Tubewell,Hand Pump,Well,Hand Pump,Western,False,0,Mongu,2014,5GP5MRV3+2V4
7.0,73.0,,27929.78924492589,33609.83129599573,31013.63506191737,96.58592579368558,-15.12265,23.4073,Borehole/Tubewell,Hand Pump,Well,Hand Pump,Western,False,0,Limulunga,2017,5GP5VCG4+WWV
5.0,0.0,248076.4895188791,85242.6247086137,204928.6093231105,82488.83226297949,63475.44072790417,-15.45363889,25.21980556,Borehole/Tubewell,Hand Pump - India Mark,Well,Hand Pump,Western,False,0,Luampa,2018,5GP7G6W9+GWV
0.0,533.0,120567.91118559644,30060.52819206379,111136.25760660654,42188.73342249508,4201.963391839275,-15.9921,27.3272,Borehole/Tubewell,Motorized Pump,Well,Motorized Pump,Southern,False,0,Monze,2014,5GP9285G+5V8
1.0,558.0,95478.94632802144,2886.784880091924,85316.32685397773,21141.773612686524,700.5784323142,-15.97472,27.60303,Borehole/Tubewell,Motorized Pump,Well,Motorized Pump,Southern,False,0,Mazabuka,2012,5GP92JG3+466
1.0,473.0,88995.24729359617,5805.545701769932,78878.45087958685,14711.4917909398,5363.35736735864,-15.93172,27.64479,Borehole/Tubewell,Motorized Pump,Well,Motorized Pump,Southern,False,0,Mazabuka,2013,5GP93J9V+8W7
0.0,36.0,59725.53485088143,37261.40777324015,51426.17116824307,36087.98216460958,8281.494276481119,-15.522608333333334,27.736473333333333,Borehole/Tubewell,Hand Pump - India Mark,Well,Hand Pump,Lusaka,False,0,Shibuyunji,2014,5GP9FPGP+XH5
22.0,293.0,43973.00465381,38156.69142762188,35893.59443379941,22165.87627473457,4546.770870971096,-15.536658333333332,27.891573333333334,Protected Well,Hand Pump - Rope,Well,,Lusaka,False,0,Shibuyunji,2014,5GP9FV7R+8JP
1.0,660.0,54805.615101252566,41405.68046306652,46413.136520996966,30731.016764013097,4370.266251884288,-15.484578333333332,27.77634833333333,Borehole/Tubewell,Hand Pump - India Mark,Well,Hand Pump,Lusaka,False,0,Shibuyunji,2014,5GP9GQ8G+5G9
10.0,828.0,54764.929397293774,42084.78738462991,46348.50023190382,30605.062495107817,3697.739492928678,-15.478420000000002,27.775896666666668,Borehole/Tubewell,Hand Pump - India Mark,Well,Hand Pump,Lusaka,False,0,Shibuyunji,2014,5GP9GQCG+J9J
1.0,271.0,63489.74466194865,46609.10424736902,54955.13744282828,38928.29469584484,67.80669776376908,-15.442775,27.691263333333332,Borehole/Tubewell,Hand Pump - India Mark,Well,Hand Pump,Lusaka,False,0,Shibuyunji,2014,5GP9HM4R+VGR
10.0,117.0,66766.3891915904,47665.753106584096,58222.82080030596,42179.498796027176,1336.5581288683438,-15.438931666666669,27.660551666666667,Borehole/Tubewell,Hand Pump - India Mark,Well,Hand Pump,Lusaka,False,0,Shibuyunji,2014,5GP9HM66+C6F
9.0,418.0,61636.10925926732,45748.3018068052,53113.99907787073,37111.40385590019,494.37397534931904,-15.448188333333333,27.708835,Borehole/Tubewell,Hand Pump - India Mark,Well,Hand Pump,Lusaka,False,0,Shibuyunji,2014,5GP9HP25+PGG
39.0,122.0,75193.05176606539,61416.55370745429,66585.73688375697,44881.67234352837,4613.53743798528,-15.329623333333332,27.58753833333333,Borehole/Tubewell,Hand Pump - India Mark,Well,Hand Pump,Central,False,0,Mumbwa,2014,5GP9MHCQ+523
2.0,112.0,55054.30957164829,60285.69064921625,46125.96313119609,31524.167548384048,3126.3363751809807,-15.292066666666663,27.78569333333333,Protected Well,Hand Pump - Rope,Well,,Central,False,0,Chibombo,2014,5GP9PQ5P+57G
11.0,100.0,69175.42486274647,70436.44900049051,60072.10994294763,35275.40226463122,4030.78194439264,-15.213726666666666,27.67282833333333,Borehole/Tubewell,Hand Pump - India Mark,Well,Hand Pump,Lusaka,False,0,Shibuyunji,2014,5GP9QMPF+G44
0.0,55.0,56828.16509956986,63475.16405922984,47682.02918939401,34496.12942699713,5990.63120874485,-15.23579,27.786785,Protected Well,Hand Pump - Rope,Well,,Central,False,0,Chibombo,2014,5GP9QQ7P+MPM
45.0,50.0,58024.55753127393,64587.33335819006,48883.60635690772,35611.00630067832,3806.7849577861807,-15.233831666666669,27.775648333333333,Borehole/Tubewell,Hand Pump - India Mark,Well,Hand Pump,Central,False,0,Chibombo,2014,5GP9QQ8G+F76
47.0,57.0,55584.28142399596,62407.24958441735,46423.7839000567,33423.79489518892,5127.256844293033,-15.234835,27.79956,Protected Well,Hand Pump - Rope,Well,,Central,False,0,Chibombo,2014,5GP9QQ8X+3R7
4.0,35.0,57674.49013553312,64969.70423100742,48466.9445086096,33593.05693484279,6800.122290917038,-15.208641666666663,27.789645000000004,Borehole/Tubewell,Hand Pump - India Mark,Well,Hand Pump,Central,False,0,Chibombo,2014,5GP9QQRQ+GVR
1.0,232.0,92188.79503320192,47969.06668145787,82975.80467414057,16246.970002364438,4943.03247102243,-15.082188333333333,27.49610333333333,Borehole/Tubewell,Hand Pump - India Mark,Well,Hand Pump,Central,False,0,Mumbwa,2014,5GP9WF9W+4CH
7.0,134.0,62103.8416318013,59018.18009144147,51080.429584248224,17086.64416361342,348.31159882965665,-15.062081666666666,27.83386833333333,Borehole/Tubewell,Hand Pump - India Mark,Well,Hand Pump,Central,False,0,Chibombo,2014,5GP9WRQM+5G9
,130.0,54728.58310293733,61248.1819961856,45605.00023968646,32270.496468890404,3749.2599433796754,-15.249018333333334,27.802588333333333,Borehole/Tubewell,Hand Pump - India Mark,Well,Hand Pump,Central,False,0,Chibombo,2012,5GP9QR23+92W
2.0,123.0,54439.055240908594,60978.14834365466,45314.33691497682,31999.825380982093,3499.8532207237427,-15.249543333333332,27.80525833333333,Protected Well,Hand Pump - Rope,Well,,Central,False,0,Chibombo,2014,5GP9QR24+54J
1.0,3697.0,41498.0545600638,4178.309552862713,30954.48982005892,19103.83442291378,2503.193772630194,-15.780236,28.188146,Borehole/Tubewell,,Well,,Lusaka,True,0,Kafue,2020,5GPC659Q+W72
18.0,163.0,54361.13259351018,60992.70014802367,45225.82532733755,32013.30189151008,3596.5988380963845,-15.246686666666667,27.807106666666662,Borehole/Tubewell,Hand Pump - India Mark,Well,Hand Pump,Central,False,0,Chibombo,2014,5GP9QR34+8RH
9.0,70.0,51097.23337592969,58142.162145196686,41929.925638828136,29006.71341382015,2631.23830790796,-15.246868333333335,27.83956333333333,Borehole/Tubewell,Hand Pump - India Mark,Well,Hand Pump,Central,False,0,Chibombo,2014,5GP9QR3Q+7R4
36.0,153.0,55058.580644166286,61718.90861586853,45917.30487954742,32739.483466635007,4306.916224567516,-15.242761666666668,27.801683333333337,Protected Well,Hand Pump - Rope,Well,,Central,False,0,Chibombo,2014,5GP9QR42+VMV
5.0,189.0,28863.74186912573,19005.46970952325,20582.14772052978,16616.757168885913,9684.334600346858,-15.629945,28.43672833333333,Borehole/Tubewell,Hand Pump - India Mark,Well,Hand Pump,Lusaka,False,0,Kafue,2014,5GPC9CCP+2MH
7.0,165.0,54498.80263292513,61248.69958119498,45349.72908231036,32270.74108180549,3979.1331593710697,-15.242026666666668,27.80753666666667,Protected Well,Hand Pump - India Mark,Well,Hand Pump,Central,False,0,Chibombo,2012,5GP9QR55+52M
20.0,1117.0,18817.679732155917,9287.004833805164,11630.73986435633,10981.929817392764,6251.091461661336,-15.568106666666663,28.3615,Borehole/Tubewell,Hand Pump - India Mark,Well,Hand Pump,Lusaka,False,0,Kafue,2014,5GPCC9J6+QJ2
0.0,87.0,55330.33292359764,62065.03998766676,46179.91310482207,33086.18449115698,4707.436471002277,-15.239016666666664,27.800435,Borehole/Tubewell,Hand Pump - India Mark,Well,Hand Pump,Central,False,0,Chibombo,2014,5GP9QR62+95V
2.0,52.0,53282.92945891456,60258.21620391498,44114.83364742361,31175.95737631502,3646.3878943718296,-15.239565,27.82066,Borehole/Tubewell,Hand Pump - India Mark,Well,Hand Pump,Central,False,0,Chibombo,2014,5GP9QR6C+565
16.0,57.0,51821.1818765418,59267.41735498841,42616.01924617832,29956.865266731485,3311.263900802716,-15.230325,27.83934,Borehole/Tubewell,Hand Pump - India Mark,Well,Hand Pump,Central,False,0,Chibombo,2014,5GP9QR9Q+VPG
5.0,55.0,54542.47565056369,61675.30252500449,45356.05474509212,32524.00514303771,5062.012468963531,-15.228578333333331,27.81259333333333,Borehole/Tubewell,Hand Pump - India Mark,Well,Hand Pump,Central,False,0,Chibombo,2014,5GP9QRC7+H28
4.0,75.0,54338.22444428548,61569.065571980136,45144.2109267296,32370.22799124841,5221.999498243372,-15.226098333333336,27.81572,Borehole/Tubewell,Hand Pump - India Mark,Well,Hand Pump,Central,False,0,Chibombo,2014,5GP9QRF8+H79
0.0,55.0,52492.67508254682,59979.93009109125,43282.50198321156,30658.08411646256,3842.0243142005456,-15.225821666666665,27.834546666666665,Protected Well,Hand Pump - Rope,Well,,Central,False,0,Chibombo,2014,5GP9QRFM+MRF
4.0,62.0,54498.17759390735,61802.43031048687,45297.48697463387,32571.735110100184,5908.172657723059,-15.222823333333334,27.81553666666667,Borehole/Tubewell,Hand Pump - India Mark,Well,Hand Pump,Central,False,0,Chibombo,2014,5GP9QRG8+V6F
0.0,959.0,17068.304705994244,24370.397146247826,5915.552504798316,2843.786115767368,2206.291428328492,-15.407883,28.440917,Borehole/Tubewell,,Well,,Lusaka,False,0,Chongwe,2017,5GPCHCRR+R9V
2.0,72.0,53575.52574995229,60983.722480461576,44368.76636219246,31701.796408496437,4932.671724710704,-15.223476666666668,27.824601666666663,Borehole/Tubewell,Hand Pump - India Mark,Well,Hand Pump,Central,False,0,Chibombo,2014,5GP9QRGF+JR5
9.0,498.0,43916.80399050634,8996.46194889855,31383.217220426443,3004.518633192205,4486.990031020571,-15.408215,28.69119333333333,Borehole/Tubewell,Hand Pump - India Mark,Well,Hand Pump,Lusaka,False,0,Chongwe,2014,5GPCHMRR+PF8
4.0,67.0,54087.3203635784,61487.5760584276,44879.91125888958,32212.662286733823,5418.249414766569,-15.221383333333332,27.820345,Borehole/Tubewell,Hand Pump - India Mark,Well,Hand Pump,Central,False,0,Chibombo,2014,5GP9QRHC+C4X
1.0,65.0,53477.16999407106,60997.107755209,44262.20595775948,31669.61772420433,4727.1308797648135,-15.220103333333334,27.827133333333336,Borehole/Tubewell,Hand Pump - India Mark,Well,Hand Pump,Central,False,0,Chibombo,2014,5GP9QRHG+XV2
8.0,52.0,54636.37480555429,62027.27673837776,45428.36441175131,32760.19865660632,5945.139932143672,-15.219171666666666,27.815763333333333,Borehole/Tubewell,Hand Pump - India Mark,Well,Hand Pump,Central,False,0,Chibombo,2014,5GP9QRJ8+88J
7.0,67.0,53839.60441347102,61458.00224419765,44617.10989659327,32095.94976332896,5012.916933192127,-15.215006666666666,27.8258,Borehole/Tubewell,Hand Pump - India Mark,Well,Hand Pump,Central,False,0,Chibombo,2014,5GP9QRMG+X8V
5.0,37.0,52124.85993066307,59927.20736982222,42894.40785642337,30491.167538981183,3261.2312799371307,-15.216958333333332,27.84245333333333,Borehole/Tubewell,Hand Pump - India Mark,Well,Hand Pump,Central,False,0,Chibombo,2014,5GP9QRMR+6X8
1.0,47.0,53387.65845644204,61224.91140786714,44153.18012468074,31786.03685527285,4523.768047430248,-15.209640000000002,27.833015,Protected Well,Hand Pump - Rope,Well,,Central,False,0,Chibombo,2014,5GP9QRRM+46R
16.0,92.0,54517.02569161928,62432.50300924027,45268.33772115417,32976.749821703444,5663.668265734526,-15.201406666666664,27.82543,Borehole/Tubewell,Hand Pump - India Mark,Well,Hand Pump,Central,False,0,Chibombo,2014,5GP9QRXG+C5M
9.0,54.0,50140.87465344778,6295.6247184583335,36507.20078237764,7732.16335934455,1749.9455480835454,-15.303066666666666,28.734291666666664,Borehole/Tubewell,Hand Pump - India Mark,Well,Hand Pump,Lusaka,False,0,Chongwe,2014,5GPCMPWM+QPF
4.0,95.0,54383.654814467074,62348.75571747158,45111.49961363751,32877.82902368719,5545.358496236264,-15.200326666666667,27.827355,Protected Spring,Hand Pump - Rope,Spring,,Central,False,0,Chibombo,2014,5GP9QRXG+VW9
2.0,97.0,54338.13488934958,62294.45097540199,45071.665040793545,32825.77048703786,5496.222987458852,-15.200858333333334,27.82755833333333,Protected Spring,Rope and Bucket,Spring,Rope and Bucket,Central,False,0,Chibombo,2014,5GP9QRXH+M23
34.0,25.0,46749.15291306533,54416.16366819196,37541.32678986951,24983.73126123485,1570.7568981334207,-15.24715,27.883288333333333,Protected Well,Hand Pump - Rope,Well,,Central,False,0,Chibombo,2014,5GP9QV3M+48V
12.0,164.0,48090.41145120544,55818.36272498332,38873.86191622751,26377.037931403807,336.2837262749444,-15.238841666666668,27.873426666666667,Borehole/Tubewell,Hand Pump - India Mark,Well,Hand Pump,Central,False,0,Chibombo,2014,5GP9QV6F+F97
2.0,25.0,49966.31832698378,57495.846486872055,40759.68481371399,28138.3652730508,1585.5960992370094,-15.236253333333332,27.855511666666665,Protected Well,Hand Pump - Rope,Well,,Central,False,0,Chibombo,2014,5GP9QV74+F6R
0.0,461.0,76521.48604393662,32546.5809407006,62926.85975122981,26681.114312316196,12098.74009242131,-15.2595,28.976167,Borehole/Tubewell,Hand Pump - India Mark,Well,Hand Pump,Lusaka,False,0,Rufunsa,2016,5GPCPXRG+6F3
53.0,179.0,48762.5137703915,56544.30173384141,39540.4518918417,27091.25572830756,189.39274790670257,-15.233903333333334,27.868861666666664,Borehole/Tubewell,Hand Pump - India Mark,Well,Hand Pump,Central,False,0,Chibombo,2014,5GP9QV89+CGQ
3.0,165.0,48891.65340391653,56727.83481365906,39665.74188922031,27259.423943850816,207.77371778050076,-15.231546666666668,27.86865333333333,Borehole/Tubewell,Hand Pump - India Mark,Well,Hand Pump,Central,False,0,Chibombo,2014,5GP9QV99+9FJ
3.0,168.0,48829.55394063685,56681.03761186592,39602.8222936505,27207.699253448754,127.81925098439514,-15.231361666666665,27.86937833333333,Borehole/Tubewell,Hand Pump - India Mark,Well,Hand Pump,Central,False,0,Chibombo,2014,5GP9QV99+FQ2
0.0,203.0,72630.7645503822,30332.216180498486,58847.92563320163,29004.00937211549,14740.881083249116,-15.1593333,28.9043333,Borehole/Tubewell,Hand Pump - India Mark,Well,Hand Pump,Lusaka,False,0,Rufunsa,2015,5GPCRWR3+7P8
0.0,37.0,46381.92871307152,54848.98069965729,37042.97379816494,25239.567676784085,649.4383853956288,-15.22445,27.898221666666668,Borehole/Tubewell,Hand Pump - India Mark,Well,Hand Pump,Central,False,0,Chibombo,2014,5GP9QVGX+67H
22.0,95.0,48048.02637435091,56351.13414083116,38751.349794344176,26770.280759067555,912.8687129621172,-15.220946666666668,27.882651666666668,Protected Well,Hand Pump - Rope,Well,,Central,False,0,Chibombo,2014,5GP9QVHM+J3C
0.0,44.0,77257.25266706647,35457.87446603377,64559.75094022333,22705.971361771997,6753.322939491653,-15.40505,29.001767,Borehole/Tubewell,,Well,,Lusaka,False,0,Rufunsa,2017,5GPFH2V2+XPJ
9.0,65.0,49372.67430063043,57894.82517163626,39921.93553007932,28289.08440937798,2080.08918178189,-15.207069999999998,27.876178333333336,Borehole/Tubewell,Hand Pump - India Mark,Well,Hand Pump,Central,False,0,Chibombo,2014,5GP9QVVG+5FF
2.0,55.0,43686.060596510135,52599.31686802073,34182.60270572867,22977.77551197797,233.16558299043447,-15.225420000000002,27.926141666666663,Borehole/Tubewell,Hand Pump - India Mark,Well,Hand Pump,Central,False,0,Chibombo,2014,5GP9QWFG+RFJ
1.0,57.0,38751.72269581742,48932.266216395365,28975.614761324145,19628.025193828733,2581.413681142581,-15.21821,27.984681666666667,Borehole/Tubewell,Hand Pump - India Mark,Well,Hand Pump,Central,False,0,Chibombo,2014,5GP9QXJM+PV7
6.0,167.0,89983.20600113888,49766.33052509988,80906.28550661041,24783.1659234547,3059.616835818796,-15.166258333333332,27.485008333333333,Borehole/Tubewell,Hand Pump - India Mark,Well,Hand Pump,Central,False,0,Mumbwa,2014,5GP9RFMP+F2R
10.0,399.0,88630.14328946068,51061.68398527352,79541.55906319966,25064.596001618807,3963.0652960156576,-15.165023333333332,27.49868,Borehole/Tubewell,Hand Pump - India Mark,Well,Hand Pump,Central,False,0,Mumbwa,2014,5GP9RFMX+XFV
4.0,1172.0,79315.43505936356,35352.97346151589,65768.92757183553,28971.824465034613,14090.009987265288,-15.266756,29.004506,Borehole/Tubewell,,Well,,Lusaka,False,0,Rufunsa,2021,5GPFP2M3+7RR
8.0,286.0,84442.83239713246,55340.931725253104,75380.73017058667,28209.66974734348,6041.865275987057,-15.186918333333333,27.532321666666668,Borehole/Tubewell,Hand Pump - India Mark,Well,Hand Pump,Central,False,0,Mumbwa,2014,5GP9RG7J+6WP
8.0,189.0,84298.68799119197,55404.51279816228,75217.77658142838,27529.99320591887,5271.629106879202,-15.18004,27.53601666666667,Borehole/Tubewell,Hand Pump - India Mark,Well,Hand Pump,Central,False,0,Mumbwa,2014,5GP9RG9P+XCJ
10.0,780.0,86580.0402982182,53193.44458485922,77512.6242728854,27086.071878495823,5352.700206357506,-15.179231666666665,27.513971666666663,Borehole/Tubewell,Hand Pump - India Mark,Well,Hand Pump,Central,False,0,Mumbwa,2014,5GP9RGC7+8H5
9.0,233.0,85305.59329115722,54346.47855901404,76208.54067994983,26384.8725050877,4274.27729261184,-15.17068,27.529353333333333,Borehole/Tubewell,Hand Pump - India Mark,Well,Hand Pump,Central,False,0,Mumbwa,2014,5GP9RGHH+PPH
10.0,180.0,87959.43048210579,51657.14229390908,78846.61858478645,24476.672839256255,2863.5773525256227,-15.156215,27.50836,Borehole/Tubewell,Hand Pump - India Mark,Well,Hand Pump,Central,False,0,Mumbwa,2014,5GP9RGV5+G89
7.0,252.0,81608.61031246619,58221.59415422987,72560.97063217271,30090.651041296165,7692.30014133847,-15.199525,27.55589166666667,Borehole/Tubewell,Hand Pump - India Mark,Well,Hand Pump,Central,False,0,Mumbwa,2014,5GP9RH24+59R
11.0,385.0,80944.23535579424,58768.25709542667,71869.85367138845,29497.07738213824,7115.855850112704,-15.19162,27.56496,Borehole/Tubewell,Hand Pump - India Mark,Well,Hand Pump,Lusaka,False,0,Shibuyunji,2014,5GP9RH57+9X4
8.0,436.0,80823.7832628778,58880.452749085656,71747.27784475799,29486.92516517917,7105.442720401426,-15.191146666666668,27.56629666666667,Borehole/Tubewell,Hand Pump - India Mark,Well,Hand Pump,Lusaka,False,0,Shibuyunji,2014,5GP9RH58+GGV
11.0,594.0,80565.67654754975,59044.78076930816,71453.86784737116,28325.945479606627,5757.507212590249,-15.177976666666666,27.573405,Borehole/Tubewell,Hand Pump - India Mark,Well,Hand Pump,Lusaka,False,0,Shibuyunji,2014,5GP9RHCF+R92
1.0,64.0,110354.73881748166,66392.85221234361,96706.26274466932,60096.43396926749,39330.94392126813,-15.17168,29.27817,Borehole/Tubewell,Motorized Pump,Well,Motorized Pump,Lusaka,False,0,Rufunsa,2014,5GPFR7HH+87R
4.0,392.0,115167.33546587265,71193.24628001003,101539.8442176022,64699.65064816176,34548.81528453111,-15.171183,29.3242,Borehole/Tubewell,,Well,,Lusaka,False,0,Rufunsa,2021,5GPFR8HF+GMG
18.0,594.0,81214.72144150977,58390.60042000868,72099.22594151643,27792.02303462058,5398.346828227988,-15.174546666666666,27.56824166666667,Borehole/Tubewell,Hand Pump - India Mark,Well,Hand Pump,Lusaka,False,0,Shibuyunji,2014,5GP9RHG9+57Q
10.0,337.0,82238.56122565054,57362.62037185662,73119.45004114664,27045.80004847904,4664.433318807584,-15.170009999999998,27.559786666666664,Borehole/Tubewell,Hand Pump - India Mark,Well,Hand Pump,Lusaka,False,0,Shibuyunji,2014,5GP9RHH5+XWV
11.0,476.0,80934.27078341797,58661.64031262929,71810.65251634299,27636.98560280017,5123.645319325319,-15.171870000000002,27.571985,Borehole/Tubewell,Hand Pump - India Mark,Well,Hand Pump,Lusaka,False,0,Shibuyunji,2014,5GP9RHHC+7Q5
3.0,49.0,134880.10814632793,90901.83560311822,131709.40532049147,74247.0108506478,14940.4300755757,-15.132183,29.503167,Borehole/Tubewell,,Well,,Lusaka,False,0,Rufunsa,2020,5GPFVG93+47F
11.0,154.0,79190.46468371448,60428.15660730706,70031.9168715409,27351.912847116004,3340.75292089716,-15.160908333333335,27.593465,Borehole/Tubewell,Hand Pump - India Mark,Well,Hand Pump,Lusaka,False,0,Shibuyunji,2014,5GP9RHQV+J9P
0.0,114.0,139857.38371179416,95948.3331001468,126155.29418879116,70723.41123443074,10347.230409603311,-15.073167,29.535,Borehole/Tubewell,,Well,,Lusaka,False,0,Rufunsa,2016,5GPFWGGP+P2J
11.0,388.0,72767.13752556629,66835.38674321138,63654.052039145456,33553.91917423156,4655.752662339419,-15.199953333333331,27.64237,Borehole/Tubewell,Hand Pump - Afridev,Well,Hand Pump,Lusaka,False,0,Shibuyunji,2014,5GP9RJ2R+2W9
0.0,168.0,181017.6109564076,78689.99603393838,142542.59754729384,29696.87154033252,20823.193286067104,-15.037983,29.921117,Borehole/Tubewell,,Well,,Lusaka,False,0,Rufunsa,2017,5GPFXW6C+RC5
3.0,379.0,,7958.033952188624,6443.276381277496,64604.88855646003,995.6297816998092,-14.981782,22.601825,Borehole/Tubewell,Hand Pump - India Mark,Well,Hand Pump,Western,False,0,Kalabo,2018,5GQ42J92+7PP
11.0,410.0,76464.46441424875,63147.69154339531,67356.26434031485,31096.32266394745,6220.441393413639,-15.191195,27.60907666666667,Protected Well,Hand Pump - Afridev,Well,Hand Pump,Lusaka,False,0,Shibuyunji,2014,5GP9RJ55+GJG
2.0,311.0,,7521.649066540027,147787.37250606055,6445.65013175916,7949.731217480035,-14.8504733,24.750725,Borehole/Tubewell,Hand Pump,Well,Hand Pump,Western,False,0,Kaoma,2014,5GQ64QX2+R79
10.0,102.0,74329.24490365441,65291.35488752205,65168.90838419843,30861.209048825087,3485.8180245789345,-15.17543,27.636176666666664,Borehole/Tubewell,Hand Pump - India Mark,Well,Hand Pump,Lusaka,False,0,Shibuyunji,2014,5GP9RJFP+RFF
1.0,678.0,,10146.632229561974,154849.26234881187,8912.102874572232,10006.117227913675,-14.83016,24.88791,Borehole/Tubewell,Hand Pump,Well,Hand Pump,Western,False,0,Kaoma,2017,5GQ65V9Q+W5M
8.0,175.0,,11386.748316305886,140211.33201629145,10747.847221060309,3364.911996129858,-14.7002083,24.820295,Borehole/Tubewell,Hand Pump - India Mark,Well,Hand Pump,Western,False,0,Kaoma,2018,5GQ67RXC+W47
8.0,496.0,,32620.39635766429,133710.5721257368,32071.391455751014,2574.391645274833,-14.5372,24.93394,Borehole/Tubewell,Hand Pump,Well,Hand Pump,Western,False,0,Kaoma,2017,5GQ6FW7M+4HG
8.0,62.0,70581.82684439725,69194.71466034056,61384.71059469575,30296.343213038952,339.6974972919012,-15.16885,27.67652333333333,Borehole/Tubewell,Hand Pump - India Mark,Well,Hand Pump,Central,False,0,Chibombo,2014,5GP9RMJG+FJ6
5.0,35.0,72170.949318703,67675.59213867188,62965.68008461304,30995.559724330466,58.2807776446673,-15.158741666666666,27.66489166666667,Borehole/Tubewell,Hand Pump - India Mark,Well,Hand Pump,Central,False,0,Chibombo,2014,5GP9RMR7+GX2
6.0,27.0,69003.95487575301,71053.64881007338,59777.379540769056,28686.940321929866,2728.084084272764,-15.15624,27.698305,Borehole/Tubewell,Hand Pump - India Mark,Well,Hand Pump,Central,False,0,Chibombo,2014,5GP9RMVX+G83
27.0,45.0,64156.05267082868,71020.69382629824,54969.78081419253,32813.90752542746,2095.058175707593,-15.196303333333333,27.72951833333333,Protected Well,Hand Pump - Rope,Well,,Central,False,0,Chibombo,2014,5GP9RP3H+FRC
3.0,60.0,67137.34262573825,72523.80544441057,57961.01245679431,32497.340880730277,74.403882151417,-15.191121666666668,27.70173833333333,Protected Well,Hand Pump - Rope,Well,,Central,False,0,Chibombo,2014,5GP9RP52+HM5
7.0,45.0,65894.34116465418,72727.63475758396,56707.28601368424,32260.92371150368,1109.9880648792291,-15.190068333333333,27.71466833333333,Protected Well,Hand Pump - Rope,Well,,Central,False,0,Chibombo,2014,5GP9RP57+XVF
18.0,55.0,64134.65015397931,71241.1831453507,54928.841167483486,31716.00265441785,3048.272542222488,-15.186718333333332,27.733905,Protected Well,Hand Pump - Rope,Well,,Central,False,0,Chibombo,2014,5GP9RP7M+8H6
9.0,10.0,,65361.75972895114,112350.5207681301,64775.62342098337,5917.800284061692,-14.25107,25.02024,Borehole/Tubewell,Hand Pump,Well,Hand Pump,Western,False,0,Kaoma,2018,5GQ7P2XC+H3H
0.0,406.0,77853.41355791783,63946.15528254986,65956.22020480553,75.25167911249561,1315.6457448489955,-14.902883,27.786994,Borehole/Tubewell,,Well,,Central,False,0,Chibombo,2020,5GQ93QWP+RQX
,528.0,74872.35523491396,59987.70943118485,62817.55945604972,31.769152192387327,4567.409588466651,-14.907092,27.823532,Borehole/Tubewell,,Well,,Central,False,0,Chibombo,2021,5GQ93RVF+5C7
2.0,549.0,66965.22927745769,48277.08972245831,54461.21932185739,313.59115239104614,1987.3912544261416,-14.915707,27.932207,Borehole/Tubewell,,Well,,Central,False,0,Chibombo,2021,5GQ93WMJ+PV8
9.0,52.0,67063.39338616618,72995.96811932615,57835.090374258325,29183.56676824079,3245.785562664239,-15.162206666666668,27.71535666666667,Borehole/Tubewell,Hand Pump - India Mark,Well,Hand Pump,Central,False,0,Chibombo,2014,5GP9RPQ8+449
14.0,90.0,65347.76076087244,72018.27025314844,56075.0875990856,29008.621286969308,4577.306885461259,-15.162083333333332,27.73306333333333,Borehole/Tubewell,Hand Pump - India Mark,Well,Hand Pump,Central,False,0,Chibombo,2014,5GP9RPQM+568
0.0,191.0,70104.09112666601,49891.04374094564,57564.89134377221,2660.987622347157,1410.7829772468583,-14.88819,27.92204,Borehole/Tubewell,,Well,,Central,False,0,Chibombo,2020,5GQ94W6C+PRF
14.0,50.0,66685.80970827384,72725.1082855935,57362.16125132301,28114.01595456265,4583.209733541749,-15.15319,27.72366,Borehole/Tubewell,Hand Pump - India Mark,Well,Hand Pump,Central,False,0,Chibombo,2014,5GP9RPWF+PFF
3.0,27.0,65665.72589898873,71444.4327476755,56270.76735118888,27760.49010524061,5626.127493090813,-15.150958333333332,27.73538333333333,Protected Well,Hand Pump - Rope,Well,,Central,False,0,Chibombo,2014,5GP9RPXP+J56
1.0,272.0,77738.97716930989,52658.58029294049,65059.44690509826,11787.317733481668,336.4012888066666,-14.808606,27.919498,Borehole/Tubewell,,Well,,Central,False,0,Chibombo,2021,5GQ95WR9+HQ5
9.0,32.0,56998.97878525658,64752.08357509073,47763.5402230143,31976.910587683175,8134.720935975024,-15.195128333333331,27.802906666666665,Borehole/Tubewell,Hand Pump - India Mark,Well,Hand Pump,Central,False,0,Chibombo,2014,5GP9RR33+W5V
0.0,113.0,93157.68641930827,69111.75511951708,80656.33721605667,19929.773515669145,5171.963529016949,-14.723052,27.790727,Borehole/Tubewell,,Well,,Central,False,0,Chibombo,2020,5GQ97QGR+Q7H
31.0,32.0,57132.35260967513,64904.10086056087,47895.827840291975,31836.845230906983,8268.2616166871,-15.193806666666667,27.80218166666667,Protected Well,Hand Pump - Rope,Well,,Central,False,0,Chibombo,2014,5GP9RR42+FVF
9.0,35.0,53975.91666171696,62222.336165124674,44564.34654482592,32679.605899820912,5366.406448875439,-15.192550000000002,27.835643333333337,Borehole/Tubewell,Hand Pump - India Mark,Well,Hand Pump,Central,False,0,Chibombo,2014,5GP9RR4P+X7J
1.0,309.0,83735.78029270809,52859.9098954334,70947.60903608894,18887.87547934072,7416.500327664987,-14.72803,27.95871,Borehole/Tubewell,,Well,,Central,False,0,Chibombo,2021,5GQ97XC5+QFP
2.0,28.0,106955.93709803552,78434.4210718962,94533.07333261055,26184.0075351438,11082.016802147433,-14.63589,27.69551,Borehole/Tubewell,,Well,,Central,False,0,Chibombo,2022,5GQ99M7W+J6R
0.0,6.0,78834.35180006253,45155.45245364194,65983.43554794422,46703.52269357479,22448.541058153198,-14.947418,28.834365,Borehole/Tubewell,,Well,,Central,False,0,Chisamba,2018,5GQC3R3M+2PQ
0.0,65.0,48218.29492040724,56959.28716810343,38498.80879359773,27666.83308456168,3823.8264626990936,-15.195638333333331,27.895088333333334,Protected Well,Hand Pump - Rope,Well,,Central,False,0,Chibombo,2014,5GP9RV3W+P2W
,0.0,95427.32762035384,56854.21306172096,83466.24035680985,56774.17495313069,6122.048027218529,-14.76022,28.858092,Borehole/Tubewell,,Well,,Central,False,0,Kapiri Mposhi,2021,5GQC6VQ5+W68
4.0,47.0,46834.509327307846,55865.15751582493,37076.235323563495,26435.614811627976,3095.3889836296366,-15.199038333333332,27.90798833333333,Borehole/Tubewell,Hand Pump - India Mark,Well,Hand Pump,Central,False,0,Chibombo,2014,5GP9RW25+95Q
0.0,17.0,47422.03732672289,53621.25365491297,37149.775306246665,27879.194083112183,2775.345672665676,-15.173068333333331,27.91872333333333,Borehole/Tubewell,Hand Pump - India Mark,Well,Hand Pump,Central,False,0,Chibombo,2014,5GP9RWG9+QFH
1.0,3437.0,83280.96225891726,44446.41443621651,70600.60113871632,21765.08572518051,22377.28159885483,-14.686285,28.094219,Borehole/Tubewell,Hand Pump - India Mark,Well,Hand Pump,Central,False,0,Chibombo,2022,5GQC837V+FMQ
1.0,1346.0,85195.4585856814,45927.699041970016,72515.81033469549,23468.29936809194,22752.80327907074,-14.669889,28.088309,Borehole/Tubewell,,Well,,Central,False,0,Chibombo,2022,5GQC83JQ+28V
10.0,1354.0,84215.08296678176,44818.644722555946,71531.9214949818,22999.09622345295,23539.232510051752,-14.67607,28.10064833333333,Borehole/Tubewell,Hand Pump - India Mark,Well,Hand Pump,Central,False,0,Chibombo,2014,5GQC84F2+H7C
3.0,288.0,57435.82211554023,29252.05052662467,36302.83795373727,26675.74420464985,8045.424198953221,-15.92816,28.3719333,Borehole/Tubewell,,Well,,Southern,False,0,Chikankanta,2021,5GPC39CC+PQM
20.0,334.0,82567.17085501771,10182.76472966821,17105.43987119766,21541.890068659643,4524.78719540404,-15.942788333333333,28.828065,Borehole/Tubewell,Hand Pump - India Mark,Well,Hand Pump,Lusaka,False,0,Kafue,2014,5GPC3R4H+V6P
0.0,179.0,93904.82797035172,19510.10330169412,33862.506420056845,36306.98824139452,4.041310972316723,-15.91687,28.989533,Borehole/Tubewell,Hand Pump - Afridev,Well,Hand Pump,Lusaka,False,0,Kafue,2018,5GPC3XMQ+8R3
6.0,775.0,45112.77740566422,9629.264718863711,34971.04390178241,17334.796987889447,5886.280554437625,-15.819758333333334,28.220655000000004,Borehole/Tubewell,Hand Pump - India Mark,Well,Hand Pump,Lusaka,False,0,Kafue,2014,5GPC56JC+37R
0.0,33.0,83574.21932025063,21635.82521145627,31361.37033085626,31399.76651235028,26.53445000871956,-15.8485333,28.921398,Borehole/Tubewell,,Well,,Lusaka,False,0,Kafue,2018,5GPC5W2C+HHJ
0.0,540.0,38578.56503315226,8225.309665769131,27579.750150236552,22082.56994637609,1975.2871193963283,-15.719,28.103432,Borehole/Tubewell,,Well,,Lusaka,False,0,Kafue,2018,5GPC74J3+C93
0.0,722.0,38324.57190218933,7720.61226942362,27322.20800571625,22198.489027987736,1504.4957029458046,-15.719098,28.108428,Borehole/Tubewell,,Well,,Lusaka,False,0,Kafue,2018,5GPC74J5+997
40.0,825.0,30805.625315801237,13278.74378283104,19960.77112236794,15370.75487097836,1543.0028948880447,-15.641136666666666,28.112610000000004,Protected Well,Rope and Bucket,Well,Rope and Bucket,Lusaka,False,0,Kafue,2014,5GPC9457+G2X
1.0,2612.0,11652.980600193734,9084.020407534632,4729.437067259317,6821.362917009479,223.5428145205057,-15.505585,28.339978333333335,Borehole/Tubewell,Hand Pump - India Mark,Well,Hand Pump,Lusaka,False,0,Kafue,2014,5GPCF8VQ+QX9
0.0,38308.0,6045.179056698468,10026.685665817588,2946.789659013094,3327.8885468709523,277.632515441996,-15.4699,28.2938,Borehole/Tubewell,,Well,,Lusaka,True,0,Lusaka,2018,5GPCG7JV+2GV
1.0,503.0,23381.57465511231,30194.56741329724,24060.011984447032,92.52118719991716,312.9686671013725,-13.848031,32.613111,Borehole/Tubewell,Hand Pump,Well,Hand Pump,Eastern,False,0,Chipata,2022,5GRJ5J27+Q6Q
0.0,214.0,49085.71480984484,17695.83140044631,37748.48372358125,4380.473681324594,1390.3249534747897,-15.478691666666668,28.734986666666668,Borehole/Tubewell,Hand Pump - India Mark,Well,Hand Pump,Lusaka,False,0,Chongwe,2014,5GPCGPCM+GXH
0.0,293.0,48608.354502072645,7339.800288631529,35547.52391058346,1097.880550942017,6446.385038611616,-15.3714,28.73256,Borehole/Tubewell,Motorized Pump,Well,Motorized Pump,Lusaka,False,0,Chongwe,2012,5GPCJPHM+C2V
0.0,134.0,67531.31905917474,24612.256426020795,54437.50625046335,15856.177161510386,198.8947993069864,-15.358333,28.908333,Borehole/Tubewell,Hand Pump - India Mark,Well,Hand Pump,Lusaka,False,0,Rufunsa,2016,5GPCJWR5+M88
0.0,4932.0,43733.42002867944,330.5314665752565,30200.40537615137,1406.1274267328097,457.4658741152046,-15.329956666666666,28.67962333333333,Borehole/Tubewell,Hand Pump - India Mark,Well,Hand Pump,Lusaka,False,0,Chongwe,2014,5GPCMMCH+2R9
0.0,39.0,53388.026805985486,10065.3119034665,40077.07715039156,4472.643174899106,7650.5168968074495,-15.3431667,28.7736667,Borehole/Tubewell,Hand Pump - India Mark,Well,Hand Pump,Lusaka,False,0,Chongwe,2015,5GPCMQ4F+PFM
0.0,168.0,60010.75300108433,16808.492967589897,46785.51712243544,8858.435518069338,5404.543947043885,-15.347175,28.836548,Borehole/Tubewell,,Well,,Lusaka,False,0,Rufunsa,2018,5GPCMR3P+4JM
0.0,44.0,69017.48377868623,25145.456484005048,55556.95340187789,18564.03223525072,3952.235301679199,-15.30165,28.913967,Borehole/Tubewell,,Well,,Lusaka,False,0,Rufunsa,2017,5GPCMWX7+8HW
5.0,288.0,53071.71855712094,9536.770584976824,39368.60997025343,11063.651152592976,2843.955955809536,-15.281506666666669,28.756451666666667,Borehole/Tubewell,Hand Pump - India Mark,Well,Hand Pump,Lusaka,False,0,Chongwe,2014,5GPCPQ94+9HW
1.0,243.0,67425.23047275582,23467.586060248705,53801.88422000351,18642.15546399379,3890.8620754813896,-15.27,28.891667,Borehole/Tubewell,,Well,,Lusaka,False,0,Rufunsa,2018,5GPCPVJR+2M3
0.0,94.0,69920.741640987,25999.124548901476,56422.98448820618,19669.150073634308,5113.841792330919,-15.2931667,28.9208333,Borehole/Tubewell,Hand Pump - India Mark,Well,Hand Pump,Lusaka,False,0,Rufunsa,2015,5GPCPW4C+P8P
0.0,129.0,67478.83246784359,23819.013272082437,53751.793220147,20575.16440557711,5845.386204320334,-15.2379,28.882987,Borehole/Tubewell,,Well,,Lusaka,False,0,Rufunsa,2018,5GPCQV6M+R5X
,,10513.001033454011,16332.453401193978,2722.9976106233585,212.60050288497615,166.67272938725625,-15.447,28.3749,Piped Water,Public Tapstand,Piped Water,Public Tapstand,Lusaka,False,1,Lusaka,2017,5GPCH93F+6X2
3.0,178.0,62179.17601318124,20429.541960054485,48397.21036493479,21364.36159548299,5236.000403423385,-15.19574,28.81459,Borehole/Tubewell,,Well,,Lusaka,False,0,Chongwe,2021,5GPCRR37+PR4
,,10675.488107763496,16477.163796503097,2902.8525166842032,374.2244364161356,293.2863321297087,-15.4467,28.3766,Piped Water,Public Tapstand,Piped Water,Public Tapstand,Lusaka,False,1,Lusaka,2017,5GPCH93G+8JH
0.0,560.0,100675.4730028069,36836.01115143676,50860.11421954157,43143.8216436119,11123.42989604022,-15.8250444,29.1209577,Borehole/Tubewell,Hand Pump - India Mark,Well,Hand Pump,Lusaka,False,0,Kafue,2018,5GPF54GC+288
,,10789.152333869994,16747.204341945802,3152.1144919465755,641.8102741708027,320.5093726986138,-15.4449,28.3783,Piped Water,Public Tapstand,Piped Water,Public Tapstand,Lusaka,False,1,Lusaka,2017,5GPCH94H+28V
13.0,116.0,237443.77138374592,92402.811338451,67333.89862861342,112343.64376780365,18676.66077076964,-11.888253333333331,30.555706666666666,Protected Well,Rope and Bucket,Well,Rope and Bucket,Muchinga,False,0,Kanchibiya,2014,5GWG4H64+M7W
1.0,4030.0,242545.4401379625,2668.338081133976,81.12238718724447,66652.90050747809,489.7103835552085,-11.833345,31.379495,Borehole/Tubewell,Hand Pump - India Mark,Well,Hand Pump,Muchinga,False,0,Mpika,2014,5GWH598H+MQ9
,,10964.684161483556,17004.06129209763,3417.7082845971154,907.1230026454314,418.6410410116876,-15.4436,28.3804,Piped Water,Public Tapstand,Piped Water,Public Tapstand,Lusaka,False,1,Lusaka,2017,5GPCH94J+H56
2.0,218.0,87581.40448436777,43637.83616642153,74061.1333442939,36861.941486439486,21729.434677371013,-15.25947,29.08155,Borehole/Tubewell,,Well,,Lusaka,False,0,Rufunsa,2019,5GPFP3RJ+7H8
,,11620.543810333247,17411.327159949687,4004.174795659009,1386.5293559137365,984.8347600596646,-15.4441,28.3866,Piped Water,Public Tapstand,Piped Water,Public Tapstand,Lusaka,False,1,Lusaka,2017,5GPCH94P+9J9
,,11736.221180592303,17674.07221715394,4238.692463880797,1645.7106334598996,998.4184952460168,-15.4423,28.3882,Piped Water,Public Tapstand,Piped Water,Public Tapstand,Lusaka,False,1,Lusaka,2017,5GPCH95Q+37P
1.0,139.0,102788.85646610796,58811.92892151789,89192.79020114748,52261.88204418621,36933.74549621512,-15.208617,29.214983,Borehole/Tubewell,,Well,,Lusaka,False,0,Rufunsa,2018,5GPFQ6R7+HX5
,,10643.700835530752,17158.87535662656,3396.3722328802296,988.6965523140832,3.1743650745104013,-15.44,28.3783,Piped Water,Public Tapstand,Piped Water,Public Tapstand,Lusaka,False,1,Lusaka,2017,5GPCH96H+283
,,10786.997687054643,17386.42211483577,3620.553798163568,1050.0166848785857,58.11978265073036,-15.4387,28.38,Piped Water,Public Tapstand,Piped Water,Public Tapstand,Lusaka,False,1,Lusaka,2017,5GPCH96J+G2C
,,11101.49451588042,17636.283068802033,3944.317498768162,1141.4679815664886,295.0236082196564,-15.4383,28.3831,Piped Water,Public Tapstand,Piped Water,Public Tapstand,Lusaka,False,1,Lusaka,2017,5GPCH96M+M6Q
,,10964.82702304569,17634.943648046577,3875.052876508145,1003.2043656983956,140.8447379663792,-15.4374,28.382,Piped Water,Public Tapstand,Piped Water,Public Tapstand,Lusaka,False,1,Lusaka,2017,5GPCH97J+2RR
,,10876.22736191764,17596.335443329266,3806.207012806661,948.8155405257476,58.79080165602237,-15.4372,28.3812,Piped Water,Public Tapstand,Piped Water,Public Tapstand,Lusaka,False,1,Lusaka,2017,5GPCH97J+4FG
,,14032.688582707424,23190.080987061865,2943.296149585764,161.08078281425145,471.64104586009984,-15.3956,28.4111,Piped Water,Public Tapstand,Piped Water,Public Tapstand,Lusaka,True,1,Chongwe,2017,5GPCJC36+QC9
12.0,169.0,295955.7860354781,44344.99181387729,5339.656040888402,29688.56969076872,3077.7706119098816,-10.357463333333332,30.812285,Borehole/Tubewell,Hand Pump - India Mark,Well,Hand Pump,Northern,False,0,Kasama,2014,5GXGJRV6+2W7
5.0,0.0,,57480.4757763129,55920.46862460839,2263.854822415372,46593.34728424391,-14.36362466,23.80900678,Borehole/Tubewell,Hand Pump,Well,Hand Pump,Western,False,0,Lukulu,2017,5GQ5JRP5+HJ2
6.0,213.0,,15077.908479519474,151255.2140312646,15032.855190819411,14460.112471517525,-14.7677866,24.9344166,Borehole/Tubewell,Hand Pump,Well,Hand Pump,Western,False,0,Nkeyema,2016,5GQ66WJM+VQM
2.0,13740.0,317299.8524009879,2451.688947614951,1314.4954261879277,3382.488238959496,2778.469627908797,-10.23012,31.182001666666665,Protected Well,Motorized Pump - Electric,Well,Motorized Pump,Northern,True,0,Kasama,2014,5GXHQ59J+XR2
12.0,14695.0,253954.2424742467,2247.370750855704,1859.691145440206,865.332559468642,3053.936684876861,-10.211203333333334,31.208626666666667,Borehole/Tubewell,Hand Pump - India Mark,Well,Hand Pump,Northern,True,0,Kasama,2014,5GXHQ6Q5+G95
9.0,11582.0,253115.14774298397,3174.526489286961,2446.957292140772,207.2681953052077,3797.461696590413,-10.204993333333334,31.216966666666668,Borehole/Tubewell,Hand Pump - India Mark,Well,Hand Pump,Northern,True,0,Kasama,2012,5GXHQ6W8+2Q4
1.0,5305.0,251214.50260023685,3864.800877973096,3105.5381748106533,3453.097462148849,97.36282341658764,-10.178678333333332,31.170445000000004,Borehole/Tubewell,Hand Pump - India Mark,Well,Hand Pump,Northern,False,0,Kasama,2014,5GXHR5CC+G5G
,508.0,,72068.88335729153,85513.45984988623,6069.342948033834,1943.487555205284,-14.53127,24.18954,Protected Well,Hand Pump,Well,Hand Pump,Western,False,0,Kaoma,2021,5GQ6F59Q+FRV
43.0,692.0,244755.957839674,9643.220254654974,2811.4730150795613,8112.388392767292,7369.452097535147,-10.129641666666666,31.225050000000003,Protected Spring,,Spring,,Northern,False,0,Kasama,2014,5GXHV6CG+42V
0.0,372.0,236910.62777416385,17692.725042322672,7605.108484772777,16837.94975327831,9032.40341420192,-10.049,31.182,Borehole/Tubewell,Motorized Pump,Well,Motorized Pump,Northern,False,0,Kasama,2013,5GXHX52J+CR2
5.0,76.0,,38722.44758732375,173157.72500788985,37587.172159333495,1730.872219427144,-14.86608333,25.15203611,Borehole/Tubewell,Hand Pump - India Mark,Well,Hand Pump,Western,False,0,Nkeyema,2018,5GQ745M2+HR7
0.0,467.0,230192.03638611344,6264.920552680695,100099.4661825322,43111.23507926506,27.749683901825684,-10.580424999999998,32.11434833333333,Borehole/Tubewell,Hand Pump - India Mark,Well,Hand Pump,Muchinga,False,0,Chinsali,2012,5GXJC497+RPQ
12.0,111.0,,41830.779647612464,170247.21118340635,41152.9820433052,4944.090177990516,-14.80839722,25.18707778,Borehole/Tubewell,Hand Pump,Well,Hand Pump,Western,False,0,Nkeyema,2018,5GQ755RP+JRW
7.0,27.0,,59789.25734865062,124759.63955266852,59279.58612813314,16123.616968489074,-14.34123,25.09021,Borehole/Tubewell,Hand Pump,Well,Hand Pump,Western,False,0,Kaoma,2016,5GQ7M35R+G34
0.0,281.0,171259.55242148385,45756.43262800464,160846.81877429737,46395.392646761735,18696.39594645824,-14.58987,26.936,Borehole/Tubewell,Motorized Pump,Well,Motorized Pump,Central,False,0,Mumbwa,2013,5GQ8CW6P+3C2
,1423.0,114535.85065432398,21275.77101012612,65964.21035834236,17129.86164880674,292.96115917419417,-9.50967,28.89436,Protected Well,Hand Pump,Well,Hand Pump,Luapula,False,0,Nchelenge,2021,6G2CFVRV+4PQ
1.0,1423.0,115542.04868607243,21690.291537220102,67540.96605708545,18498.87909364993,129.807655580946,-9.51875,28.90616,Protected Well,Hand Pump,Well,Hand Pump,Luapula,False,0,Nchelenge,2019,6G2CFWJ4+GF3
2.0,52.0,77107.34781962252,55682.55240405066,64597.01559143351,7713.714400036091,4376.588869116816,-14.84009,27.87894,Borehole/Tubewell,,Well,,Central,False,0,Chibombo,2021,5GQ95V5H+XH8
2.0,682.0,236878.29613898468,57018.42422540913,36158.02552231183,191.5681323608933,15339.590750974923,-9.91494,30.76092333333333,Borehole/Tubewell,Hand Pump - India Mark,Well,Hand Pump,Northern,False,0,Kasama,2014,6G2G3QP6+29F
1.0,309.0,77914.40539083243,52753.2219911948,65233.22329733127,11973.80389281586,323.14115969686804,-14.8069284,27.9192248,Borehole/Tubewell,,Well,,Central,False,0,Chibombo,2021,5GQ95WV9+6MH
2.0,362.0,97297.91129251936,65254.06458368937,85579.60376394943,7547.854824980846,79.43845378161939,-14.79965,27.637063,Borehole/Tubewell,,Well,,Central,False,0,Chibombo,2021,5GQ96J2P+4RW
0.0,48.0,86548.8686182007,63166.4270624306,74028.66400222095,15272.510875724764,826.8208624975177,-14.76882,27.8307,Borehole/Tubewell,,Well,,Central,False,0,Chibombo,2020,5GQ96RJJ+F7G
2.0,65.0,86980.0091883697,62997.500811728045,74430.30191266627,16199.18115407806,21.88166773968462,-14.76086,27.835737,Borehole/Tubewell,,Well,,Central,False,0,Chibombo,2021,5GQ96RQP+M75
1.0,162.0,80992.72445531668,50892.51731884322,68207.21784716361,16116.886505654244,6661.51982082658,-14.7525,27.965,Borehole/Tubewell,,Well,,Central,False,0,Chibombo,2022,5GQ96XX8+222
1.0,31.0,232931.76838868356,25368.689771700527,15401.631325273484,20551.656250651537,12041.95594505099,-9.994585,31.105653333333333,Borehole/Tubewell,Hand Pump - India Mark,Well,Hand Pump,Northern,False,0,Kasama,2014,6G2H2444+576
3.0,3926.0,82469.51940847504,43148.516761799816,69785.88724374074,21541.594744346454,23359.39105688521,-14.690833,28.106944,Borehole/Tubewell,,Well,,Central,False,0,Chisamba,2021,5GQC8454+MQ8
10.0,3801.0,82419.23824064342,43058.4851607194,69735.48365907466,21539.14252879193,23440.74501077524,-14.69108,28.10791,Borehole/Tubewell,Hand Pump - India Mark,Well,Hand Pump,Central,False,0,Chisamba,2014,5GQC8455+H57
1.0,405.0,146005.81893351962,27959.43410103297,78791.952545007,6747.985720745533,20671.35092381186,-9.18114,32.10803,Borehole/Tubewell,Motorized Pump,Well,Motorized Pump,Northern,False,0,Senga Hill,2014,6G2JR495+G6R
1.0,7628.0,102772.84642536084,427.6011712287312,393.3419251254782,2449.808586387297,552.5448937608145,-8.84594,31.36705,Borehole/Tubewell,Motorized Pump,Well,Motorized Pump,Northern,True,0,Mbala,2014,6G3H5938+JRF
0.0,140.0,139338.78696662115,46300.138652088695,39349.78816113797,135720.56300830247,45524.024178791056,-16.324139,23.827111,Borehole/Tubewell,Hand Pump,Well,Hand Pump,Western,False,1,Senanga,2013,5GM5MRGG+8RX
10.0,173.0,,17749.40726227365,23691.715494977605,21160.826477522,1616.5295231304503,-15.1438,23.31199722,Borehole/Tubewell,Hand Pump,Well,Hand Pump,Western,False,1,Limulunga,2018,5GP5V846+FQQ
11.0,205.0,56149.24315274748,42152.85518488832,47723.18305480272,31948.8271773184,3755.276277457039,-15.477545,27.762790000000003,Borehole/Tubewell,Hand Pump - Afridev,Well,Hand Pump,Lusaka,False,1,Shibuyunji,2014,5GP9GQC7+X4M
,77.0,246661.5870739347,80641.79549266608,53280.79277944177,112877.7928395779,40823.41260454103,-12.237498333333331,30.780461666666664,Borehole/Tubewell,Hand Pump - India Mark,Well,Hand Pump,Muchinga,False,0,Lavushimanda,2012,5GVGQQ7J+254
9.0,741.0,227877.3464939521,33937.87253637459,33536.742410054234,97625.37890369502,25433.475910099896,-12.105963333333332,31.244008333333333,Borehole/Tubewell,Hand Pump - India Mark,Well,Hand Pump,Muchinga,False,0,Mpika,2014,5GVHV6VV+JJ6
1.0,799.0,27256.977995995137,20443.997985499656,16478.003438450323,5142.317376627967,237.9247182221527,-15.444993333333333,28.53439166666667,Borehole/Tubewell,Hand Pump - India Mark,Well,Hand Pump,Lusaka,False,1,Chongwe,2014,5GPCHG4M+2Q2
8.0,1427.0,44646.2855782757,5818.8036946394295,31650.083492707497,352.09763896492774,3661.102931349304,-15.378056666666664,28.696160000000003,Borehole/Tubewell,Hand Pump - India Mark,Well,Hand Pump,Lusaka,False,1,Chongwe,2014,5GPCJMCW+QFF
19.0,617.0,25083.5106451055,25556.74897240637,12672.585203686733,13080.615688765309,8515.252156574346,-15.189813333333332,28.27708,Borehole/Tubewell,Hand Pump - India Mark,Well,Hand Pump,Central,False,1,Chibombo,2014,5GPCR76G+3RG
10.0,126.0,101234.66868160423,64586.54743412051,89452.47204857292,11397.502436244307,92.75707872847936,-14.76754,27.61834,Borehole/Tubewell,Hand Pump - India Mark,Well,Hand Pump,Central,False,1,Chibombo,2014,5GQ96JJ9+X8P
5.0,388.0,239626.3473295428,88882.38071844976,66649.51703269445,112019.3957228724,17173.677758788417,-11.917453333333333,30.59028333333334,Protected Well,Rope and Bucket,Well,Rope and Bucket,Muchinga,False,0,Kanchibiya,2014,5GWG3HMR+247
11.0,13314.0,238627.81936827555,6569.5296465783895,2866.5483851364543,64676.457098326864,4292.083149825902,-11.823470000000002,31.459785000000004,Borehole/Tubewell,Hand Pump - India Mark,Well,Hand Pump,Muchinga,True,1,Mpika,2014,5GWH5FG5+JW7
1.0,279.0,229948.25191575877,36172.42418098533,24355.347135599703,19274.689512611814,17527.501788579968,-9.937973333333334,31.00334,Borehole/Tubewell,Hand Pump - India Mark,Well,Hand Pump,Northern,False,1,Kasama,2014,6G2H3263+R88
2.0,214.0,115427.89546679186,13051.097208453168,169.9254486274164,1613.3369720750495,6662.538051089324,-8.96333,31.36277,Borehole/Tubewell,Motorized Pump,Well,Motorized Pump,Northern,False,0,Mbala,2013,6G3H29P7+M46
16.0,,344367.3193580104,45002.42753822502,41.62523568904951,45214.46312438991,4256.599553962231,-10.615471666666668,31.174715,Piped Water,Hand Pump - Rope,Piped Water,,Northern,False,1,Kasama,2014,5GXH95MF+RV8
26.0,,289587.09028620704,6519.311899548006,289.03961667786234,6460.412964667424,3041.799311874421,-10.262536666666668,31.212785,Piped Water,Public Tapstand,Piped Water,Public Tapstand,Northern,False,1,Kasama,2014,5GXHP6P7+X4M
1.0,201.0,64188.89008955703,16091.485491315074,73427.70354537628,97405.50378448288,16071.207685009374,-17.43819,26.28404,Borehole/Tubewell,Motorized Pump,Well,Motorized Pump,Southern,False,0,Zimba,2013,5GJ8H76M+PJF
1.0,35.0,62281.87846294722,7528.724238036314,71970.01331998316,106921.61073455882,6445.812899694015,-17.38262,26.18334,Borehole/Tubewell,Motorized Pump,Well,Motorized Pump,Southern,False,0,Zimba,2013,5GJ8J58M+X84
1.0,134.0,64070.98784189209,7207.241473777379,73865.21489374137,108206.52441776784,2455.46830152834,-17.33796,26.13676,Borehole/Tubewell,Motorized Pump,Well,Motorized Pump,Southern,False,0,Zimba,2013,5GJ8M46P+RP6
0.0,184.0,140034.81186959115,34561.96873679189,123643.889752976,33198.69075288102,13322.292598750671,-11.76097,24.74168,Borehole/Tubewell,Motorized Pump,Well,Motorized Pump,North-Western,False,0,Mwinilunga,2014,5GW66PQR+JJ7
0.0,228.0,65403.09027365518,6171.022131726511,75195.73736960282,106965.22908025573,1408.1825701331686,-17.328,26.144,Borehole/Tubewell,Motorized Pump,Well,Motorized Pump,Southern,False,0,Zimba,2014,5GJ8M4CV+RJ2
1.0,8.0,75751.71478552294,18094.749347031662,85511.29475225916,106335.080445039,13068.904872044215,-17.2016,26.08,Borehole/Tubewell,Motorized Pump,Well,Motorized Pump,Southern,False,0,Kazungula,2013,5GJ8Q3XJ+926
8.0,4.0,80272.36925947742,10825.012523324787,90005.11103001007,91567.10979196194,11278.464880500964,-17.232709,26.253014,Borehole/Tubewell,Motorized Pump,Well,Motorized Pump,Southern,False,0,Kalomo,2013,5GJ8Q783+W66
8.0,0.0,81807.44713715655,12631.284459317934,91492.29486980652,88910.91942246062,13162.446336901765,-17.23477,26.283548,Borehole/Tubewell,Motorized Pump,Well,Motorized Pump,Southern,False,0,Kalomo,2013,5GJ8Q78M+3CV
1.0,138.0,76975.03559767688,21367.303947809385,86688.17878925023,107889.29838612863,14278.69151099144,-17.1831,26.0558,Borehole/Tubewell,Motorized Pump,Well,Motorized Pump,Southern,False,0,Kazungula,2013,5GJ8R384+Q87
5.0,17.0,77816.71556397932,17495.423757269462,87597.60359670095,103524.09558036207,13810.161339352147,-17.18942,26.10328,Borehole/Tubewell,Motorized Pump,Well,Motorized Pump,Southern,False,0,Kazungula,2013,5GJ8R463+68J
1.0,67.0,100599.30199614933,14734.04605506662,110039.2413299587,67636.48261237844,12969.396361853143,-17.15522,26.46831,Borehole/Tubewell,Motorized Pump,Well,Motorized Pump,Southern,False,0,Kalomo,2013,5GJ8RFV9+W87
2.0,40.0,105674.93424351138,16261.32227429312,114927.56911910568,61342.64673184635,5806.005012860911,-17.16031,26.54614,Borehole/Tubewell,Motorized Pump,Well,Motorized Pump,Southern,False,0,Kalomo,2014,5GJ8RGQW+VFC
2.0,8.0,106174.55061856347,15073.359901270747,115458.96864386094,61001.25950749855,6380.678709076698,-17.15036,26.54195,Borehole/Tubewell,Motorized Pump,Well,Motorized Pump,Southern,False,0,Kalomo,2014,5GJ8RGXR+VQ4
1.0,43.0,85469.60119946097,25199.285333798947,95208.2352503028,101387.05049949912,22147.700782323376,-17.1137,26.09355,Borehole/Tubewell,Motorized Pump,Well,Motorized Pump,Southern,False,0,Kazungula,2013,5GJ8V3PV+GCF
1.0,53.0,103371.87827434864,12202.571473462036,112820.74595369917,65085.18254691712,10335.946386738517,-17.13372,26.48216,Borehole/Tubewell,Motorized Pump,Well,Motorized Pump,Southern,False,0,Kalomo,2013,5GJ8VF8J+GV7
1.0,134.0,105623.60105014232,8406.6518375177,115159.90278802044,64251.89881326772,7822.531147378657,-17.09659,26.4676,Borehole/Tubewell,Motorized Pump,Well,Motorized Pump,Southern,False,0,Kalomo,2013,5GJ8WF39+929
1.0,22.0,109399.529521874,7316.659689151933,119088.27347362592,65213.30034727262,7376.318111732032,-17.02342,26.42114,Borehole/Tubewell,Motorized Pump,Well,Motorized Pump,Southern,False,0,Kalomo,2013,5GJ8XCGC+JFJ
1.0,3735.0,113221.34137611784,1528.8814256410951,122839.53806641346,59493.719890842265,1485.0287240825753,-17.01792,26.47682,Borehole/Tubewell,Motorized Pump,Well,Motorized Pump,Southern,True,0,Kalomo,2013,5GJ8XFJG+RPP
1.0,2006.0,123478.63215790052,17026.35018919402,132767.34263998203,44087.39692600732,9432.35828538202,-17.03305,26.64948,Borehole/Tubewell,Motorized Pump,Well,Motorized Pump,Southern,False,0,Kalomo,2013,5GJ8XJ8X+QQQ
2.0,658.0,154056.912074905,13057.817168321477,107757.1889923774,12664.036247337985,27422.122737485523,-17.46901,27.25684,Borehole/Tubewell,Motorized Pump,Well,Motorized Pump,Southern,False,0,Sinazongwe,2013,5GJ9G7J4+9PW
19.0,279.0,241343.9658039866,87071.05996800828,67796.72369043902,110674.45188626047,15733.286797482931,-11.916298333333335,30.606871666666667,Protected Well,Rope and Bucket,Well,Rope and Bucket,Muchinga,False,0,Kanchibiya,2014,5GWG3JM4+FPQ
0.0,151.0,177741.30185250266,19917.43004663174,110134.25521683518,18714.339966389383,18441.03329010484,-16.8047,27.44656,Borehole/Tubewell,Motorized Pump,Well,Motorized Pump,Southern,False,0,Pemba,2013,5GM95CWW+4JF
19.0,320.0,246921.4562839332,13050.908972996598,7920.670179566584,12792.091462862089,1283.046020783927,-10.124613333333334,31.104848333333333,Protected Well,Rope and Bucket,Well,Rope and Bucket,Northern,False,0,Kasama,2014,5GXHV4G3+5W5
4.0,1520.0,247044.79923926663,7230.959818006454,4244.96286934872,6379.531140067388,3012.262077109556,-10.14348,31.18678166666667,Borehole/Tubewell,Hand Pump - India Mark,Well,Hand Pump,Northern,False,0,Kasama,2014,5GXHV54P+JP3
8.0,620.0,241351.3262482688,13476.27431038392,9878.64508537632,12677.226789743168,4744.482649450071,-10.08802,31.17238,Borehole/Tubewell,Motorized Pump,Well,Motorized Pump,Northern,False,0,Kasama,2013,5GXHW56C+QXR
1.0,1525.0,114719.84063150964,19707.213728649396,64219.10658580015,15194.92051046926,1692.7692802322526,-9.51111,28.87662,Protected Well,Hand Pump,Well,Hand Pump,Luapula,False,0,Nchelenge,2019,6G2CFVQG+HJ5
0.0,391.0,85321.8623251589,47336.57449727924,67183.88608282228,23421.751373098585,321.1523512002649,-16.161882,28.078597,Borehole/Tubewell,,Well,,Southern,False,0,Chikankanta,2018,5GMCR3QH+6CX
0.0,289.0,83484.86660225334,39430.16525046754,22564.032603886488,10480.610434813743,19227.86481212177,-16.1406667,28.5005,Borehole/Tubewell,Hand Pump - India Mark,Well,Hand Pump,Southern,False,0,Siavonga,2015,5GMCVG52+P6J
1.0,388.0,95556.20935042494,6827.793565742179,11749.81367940318,13984.037728400728,6514.717302055981,-16.09215,28.837367,Borehole/Tubewell,,Well,,Lusaka,False,0,Chirundu,2018,5GMCWR5P+4WX
1.0,185.0,249249.3617129847,30333.3670250736,32057.099987284597,41845.93387841784,1144.9066354655467,-15.6337217,22.981945,Borehole/Tubewell,Hand Pump - India Mark,Well,Hand Pump,Western,False,0,Nalolo,2018,5GP49X8J+GQ8
1.0,206.0,143498.31410327306,30430.175523864385,77550.5730896767,5087.198869060345,18409.109388712688,-9.16032,32.09897,Borehole/Tubewell,Motorized Pump,Well,Motorized Pump,Northern,False,0,Senga Hill,2014,6G2JR3QX+VHH
10.0,153.0,252825.89978453435,20830.057961835893,13633.65115607897,24646.027365754297,2469.688123507845,-15.405011,23.348771,Borehole/Tubewell,Hand Pump,Well,Hand Pump,Western,False,0,Mongu,2014,5GP5H8VX+XGR
2.0,338.0,,47458.23323022847,148909.06064628155,38529.97226116062,44315.05534300024,-15.20115,24.63991,Borehole/Tubewell,Hand Pump - Afridev,Well,Hand Pump,Western,False,0,Luampa,2018,5GP6QJXQ+GXV
,652.0,53988.91257510802,42592.60796452832,45559.96319430315,29788.610539685684,3147.676179598599,-15.474123333333331,27.782643333333333,Borehole/Tubewell,Hand Pump - India Mark,Well,Hand Pump,Lusaka,False,0,Shibuyunji,2014,5GP9GQGM+932
0.0,11.0,,55304.83968318555,149111.48611384042,55034.184717865006,28464.113020906567,-14.52119,25.22405,Borehole/Tubewell,Hand Pump,Well,Hand Pump,North-Western,False,1,Mufumbwe,2018,5GQ7F6HF+GJF
2.0,16072.0,11063.383112153731,5566.36936664288,5948.210720417417,6796.599767170902,191.0186354970543,-15.5148,28.3007,Borehole/Tubewell,,Well,,Lusaka,False,0,Lusaka,2020,5GPCF8P2+37P
0.0,44.0,68224.23622572754,26904.68541485525,55575.15501969915,15273.586091561236,1645.3930413899757,-15.408333,28.917667,Borehole/Tubewell,Hand Pump - India Mark,Well,Hand Pump,Lusaka,False,0,Rufunsa,2016,5GPCHWR9+M37
4.0,193.0,58916.80004175027,15447.505417428065,45605.13820700895,8358.617678200408,5724.220128754577,-15.337333,28.824833,Borehole/Tubewell,,Well,,Lusaka,False,0,Rufunsa,2020,5GPCMR7F+3W8
0.0,173.0,69990.00982696065,26019.43035589818,56428.88263941866,20256.72089713646,5996.667937030858,-15.27975,28.918567,Borehole/Tubewell,,Well,,Lusaka,False,0,Rufunsa,2017,5GPCPWC9+4C4
0.0,144.0,60665.50271808693,17963.085314730124,46884.52201620192,18069.761066813626,5894.768937427903,-15.22602,28.811892,Borehole/Tubewell,,Well,,Lusaka,False,0,Rufunsa,2018,5GPCQRF6+HQR
1.0,253.0,68575.11812782286,25537.662470899064,54795.55760287284,23597.4294123569,9362.400486881135,-15.20326,28.88171,Borehole/Tubewell,,Well,,Lusaka,False,0,Rufunsa,2019,5GPCQVWJ+MMW
0.0,55.0,38145.91482861503,45442.81067624461,27169.359157506355,20456.256797529,941.8078664340754,-15.190925,28.013516666666668,Borehole/Tubewell,Hand Pump - India Mark,Well,Hand Pump,Central,False,0,Chibombo,2014,5GPCR257+JCJ
1.0,124.0,76291.29120267204,34554.76881395558,62531.67633623828,33514.19056385846,17978.81307603283,-15.124033,28.92535,Borehole/Tubewell,,Well,,Lusaka,False,0,Rufunsa,2018,5GPCVWGG+94Q
1.0,59.0,81823.97598805252,39853.53506407565,68060.95491730234,38135.91047976813,23436.782854136145,-15.104883,28.97295,Borehole/Tubewell,,Well,,Lusaka,False,0,Rufunsa,2018,5GPCVXWF+25W
0.0,145.0,96658.97767536798,27670.12725544228,41806.06458852045,41279.60278794329,2141.1672749650684,-15.8728044,29.0508066,Borehole/Tubewell,,Well,,Lusaka,False,0,Kafue,2018,5GPF43G2+V8F
1.0,195.0,105338.18108211744,47880.284126568826,94567.6844070644,6080.495569135766,17358.268139151336,-14.85957,27.487294,Borehole/Tubewell,Hand Pump,Well,Hand Pump,Central,False,0,Chibombo,2022,5GQ94FRP+5WF
0.0,492.0,84741.81370290494,51051.30276028041,71957.6036628665,20657.041496221387,12489.603502760378,-14.702449,27.997069,Borehole/Tubewell,,Well,,Central,False,0,Chibombo,2020,5GQ97XXW+2RG
3.0,109.0,110876.13338926333,65863.1135401112,98884.7970373623,21910.781231336463,17.83397403565948,-14.67774,27.585457,Borehole/Tubewell,,Well,,Central,False,0,Chibombo,2022,5GQ98HCP+W54
,712.0,14362.209738656298,30203.967135476472,14840.358695389572,2066.814635292238,4246.838545537582,-13.764188,32.610228,Borehole/Tubewell,Hand Pump,Well,Hand Pump,Eastern,False,0,Chipata,2022,5GRJ6JP6+83H
1.0,512.0,15492.11757031507,41318.68153455891,14110.2551730926,13565.102932504373,1170.2404223294216,-13.702221,32.518003,Borehole/Tubewell,Hand Pump,Well,Hand Pump,Eastern,False,0,Chipata,2022,5GRJ7GX9+466
,0.0,175100.79151842347,42488.14644347711,69838.90556423928,96510.29549922104,12548.413457015493,-12.29877,25.52814,Protected Well,Hand Pump,Well,Hand Pump,North-Western,False,0,Kalumbila,2021,5GV7PG2H+F7R
0.0,334.0,275853.8292757262,36980.3937140329,131.32922978454633,32619.91917372678,21866.864496814716,-11.521193333333336,31.306291666666667,Protected Well,Hand Pump - Rope,Well,,Muchinga,False,0,Mpika,2012,5GWHF8H4+GGF
1.0,113.0,245880.65348029044,29256.13598086078,11069.88186410708,3726.346769052992,4486.139374050005,-10.07486,30.95808,Borehole/Tubewell,Motorized Pump,Well,Motorized Pump,Northern,False,0,Kasama,2014,5GXGWXG5+364
,1601.0,115316.30969885705,20532.08770106677,65955.51892335874,16863.828821839998,1090.5675947106015,-9.51671,28.8914,Protected Well,Hand Pump,Well,Hand Pump,Luapula,False,0,Nchelenge,2021,6G2CFVMR+8H6
,966.0,113468.26436889256,21029.051852752607,64355.75334194258,15803.489033116975,333.2845950656755,-9.4999,28.88249,Protected Well,Hand Pump,Well,Hand Pump,Luapula,False,0,Nchelenge,2021,6G2CGV2J+2XX
8.0,0.0,,34483.23467635378,43771.94517150059,41286.46947546212,2979.021280570048,-15.01649,23.44657,Borehole/Tubewell,Hand Pump,Well,Hand Pump,Western,False,1,Limulunga,2018,5GP5XCMW+CJ4
