y_true,oof_Baseline (predict prevalence),oof_Logistic Regression,oof_Random Forest,oof_Gradient Boosting
0,0.12657130472475075,0.21508148007051378,0.1566668317291618,0.14576600625495104
0,0.12657130472475075,0.20585319318749826,0.15771545408981835,0.09465774336631794
0,0.12657130472475075,0.22072874873705747,0.17409340276266,0.16299407346102968
0,0.12657130472475075,0.2182817465210683,0.20173487123805733,0.02845954178580185
0,0.12657130472475075,0.2195918685418782,0.16417597530666136,0.18857425598476205
0,0.12657130472475075,0.5340606737110712,0.2400068612616696,0.08137049555097216
0,0.11495495495495496,0.3944030992860242,0.4332631417000957,0.7988999780041867
0,0.12657130472475075,0.578888049535813,0.24018704749532394,0.13310679370172676
0,0.12657130472475075,0.6876642835733925,0.4306635446853713,0.5961330780913564
0,0.12657130472475075,0.5134484319756846,0.18991160662403744,0.16902548358742417
0,0.12657130472475075,0.35250757709436675,0.21184297533408739,0.15553103940977506
0,0.11939375193318899,0.23478376982590485,0.16170636710964345,0.2820412824650039
0,0.10513326752221125,0.11400313552301097,0.3983296521812885,0.4698111382777959
0,0.11495495495495496,0.03513471877442191,0.47389352359306885,0.7100337318256184
0,0.11495495495495496,0.02311444528685966,0.40385270930898154,0.6330756539395722
0,0.11495495495495496,0.02143211082732286,0.5374744178080895,0.7509071931452975
0,0.11726595400064788,0.40019393405167497,0.2643960378946465,0.3300929889123075
0,0.11726595400064788,0.39764440922815475,0.1237949737277973,0.2267369158100033
0,0.11726595400064788,0.556168453398316,0.20837048776006362,0.31341218280706273
0,0.11726595400064788,0.5551323284648767,0.21044234640158946,0.31341218280706273
0,0.11726595400064788,0.34892311577146995,0.25039532400992875,0.23214226117927533
0,0.11726595400064788,0.38269843858349195,0.18526598405952013,0.225476083693202
0,0.11726595400064788,0.3565827475166243,0.2934522848907458,0.3504510577756586
0,0.11726595400064788,0.34516559832584215,0.15900500142903168,0.11005808477675032
0,0.11726595400064788,0.429156247412049,0.18506702794978847,0.2049492361758569
0,0.11726595400064788,0.3465279842510351,0.27784197014666573,0.33044583639110553
0,0.11726595400064788,0.38128519169499026,0.18477480053505374,0.27574095229005885
0,0.11726595400064788,0.41232133614233296,0.1723889925611983,0.21643462949589487
0,0.11726595400064788,0.3588797988593617,0.1450939960077416,0.22013022331322857
0,0.11726595400064788,0.3588776264967693,0.1450939960077416,0.22013022331322857
0,0.11726595400064788,0.3561951382795668,0.13515322385644524,0.17002285021422828
0,0.11726595400064788,0.4133687270885934,0.1864865168125562,0.21729743079676814
0,0.11726595400064788,0.386270017247171,0.1067449064571024,0.1692820394089487
0,0.11726595400064788,0.3334682789252338,0.25948520918523205,0.3080160923967878
0,0.11726595400064788,0.4872625279271842,0.22564901508494833,0.3055482403026822
0,0.11726595400064788,0.543542332081172,0.22731569951593272,0.3055482403026822
0,0.12657130472475075,0.032158259128926524,0.1533160395419687,0.027964752257968538
0,0.12657130472475075,0.0867182773858608,0.18001954707692755,0.09988962760248211
0,0.12657130472475075,0.04384154001355073,0.2615625646852684,0.12319680525314435
0,0.12657130472475075,0.11010582430690324,0.20558596217476977,0.18492504207062072
0,0.12657130472475075,0.10048025913413872,0.11148543979891319,0.050399401314801515
0,0.12657130472475075,0.11387211857390836,0.1748208798359967,0.13667666283973756
0,0.12657130472475075,0.09757911327536703,0.1283829316727192,0.0965820775964462
0,0.12657130472475075,0.11475941439842802,0.15257815796084612,0.05581427191631925
0,0.12657130472475075,0.12127644710293907,0.18553898245701736,0.14779590253301872
0,0.12657130472475075,0.12680527040220402,0.16506208844506656,0.13229139648702976
0,0.12657130472475075,0.1272485809770847,0.16960504782942376,0.13229139648702976
0,0.12657130472475075,0.12816090432489957,0.17116242235390858,0.10405022484019669
0,0.12657130472475075,0.133642938157213,0.17274945427554583,0.09744742747384026
0,0.11495495495495496,0.4921008878310511,0.28480962823595685,0.4576715219709248
0,0.11495495495495496,0.5501970841873884,0.27295300054708954,0.271436498966085
0,0.12657130472475075,0.14859635199513135,0.16443346548111976,0.09145600634165575
0,0.10513326752221125,0.40688763714163667,0.15360022474503052,0.19965154063818996
0,0.10513326752221125,0.4406018816262533,0.1560853285518547,0.04985968190181066
0,0.10513326752221125,0.41441177272698304,0.05987724658798961,0.035011682954190396
0,0.10513326752221125,0.4542163555693013,0.15708491325350962,0.1720715720463533
0,0.10513326752221125,0.3778230503488367,0.1202786374848918,0.04994190971304075
0,0.10513326752221125,0.28804739774979204,0.08218654599378605,0.08655749203210678
0,0.10513326752221125,0.484829140788764,0.12715764344752833,0.08085677260148652
0,0.10513326752221125,0.3219111910793154,0.07596722716203777,0.0810518481750158
0,0.10513326752221125,0.3169435189001927,0.07205196248928945,0.0810518481750158
0,0.10513326752221125,0.3049935240608036,0.10251636318413962,0.06039583921990948
0,0.10513326752221125,0.28656392909748607,0.09964298315759602,0.09484872193145975
0,0.10513326752221125,0.28077650871769105,0.1072875062189594,0.08962372412177706
0,0.10513326752221125,0.27371406776385526,0.10189824896730769,0.08791596665368012
0,0.10513326752221125,0.46116498336569395,0.13099647685650997,0.10550449306372393
0,0.10513326752221125,0.3018360915697592,0.09080245003983842,0.09588907989405857
0,0.10513326752221125,0.28395504127699345,0.0910553614795139,0.09267866205959735
0,0.10513326752221125,0.2693281560669328,0.09746544812209632,0.08655749203210678
0,0.11726595400064788,0.5590945986041993,0.1473826850484316,0.15143791540613522
0,0.11726595400064788,0.6070851239851786,0.17606616287308066,0.17469424248317125
0,0.11939375193318899,0.32377901147684024,0.12057335548585679,0.15362598353670293
0,0.11939375193318899,0.3226623382439023,0.12263649563411695,0.17072845432622813
0,0.11939375193318899,0.3135679832458378,0.107878736583359,0.1499960924535969
0,0.10513326752221125,0.3404991569222307,0.06264622723225376,0.10589933149102682
0,0.10513326752221125,0.3390126763330169,0.06759925124398261,0.10250558418013124
0,0.11495495495495496,0.3757838638327236,0.19179269172413566,0.23083234144287967
0,0.11495495495495496,0.44199179166112657,0.11337350287948357,0.1412171241817724
0,0.10513326752221125,0.3183407182104981,0.061542888890446124,0.09762824696341317
0,0.10513326752221125,0.337406204504619,0.04798245092934355,0.09721661654741157
0,0.10513326752221125,0.35012829495541725,0.061207299172613354,0.1162731112425024
0,0.10513326752221125,0.35315918030579896,0.07659558256548453,0.11409050689014956
0,0.10513326752221125,0.32352372063415047,0.07325451952409046,0.11401158750748687
0,0.10513326752221125,0.31624470160170587,0.0637567570534931,0.08320719466561369
0,0.10513326752221125,0.3317050046385958,0.06241921926806535,0.09884294905882636
0,0.10513326752221125,0.3428183853478886,0.07474588690339978,0.12358457052944705
0,0.10513326752221125,0.32727764183076197,0.07266089546916159,0.09884294905882636
0,0.10513326752221125,0.36921694026393603,0.0724719385644362,0.0606691911753664
0,0.10513326752221125,0.3565936065934538,0.06311838741379099,0.11138622295837833
0,0.10513326752221125,0.37996848794119037,0.09733472343422281,0.09144415565955955
0,0.10513326752221125,0.3191321208793165,0.12391041159642942,0.13376542291611823
0,0.10513326752221125,0.31751022956535296,0.12076452317204049,0.13376542291611823
0,0.10513326752221125,0.3097705505349995,0.13988721666618395,0.10631288810922863
0,0.10513326752221125,0.35239767982072995,0.10370125199654112,0.09144415565955955
0,0.10513326752221125,0.3104150525415324,0.11489896715226962,0.1187582696482054
0,0.10513326752221125,0.30590558331223144,0.13598629157687278,0.1366412534169836
0,0.10513326752221125,0.32163600455829683,0.16329267643615528,0.15572476425847134
0,0.10513326752221125,0.30773557808585916,0.12947768254274059,0.10631288810922863
0,0.10513326752221125,0.31299263020688234,0.16776801689549933,0.15572476425847134
0,0.10513326752221125,0.3143913292553943,0.15079433583629845,0.15960221494391202
0,0.10513326752221125,0.2968507695229283,0.12174315487662435,0.13294259413409884
0,0.10513326752221125,0.304287027627607,0.12397582994767094,0.15616220003285788
0,0.10513326752221125,0.29659658468439487,0.09068027309929859,0.12800949916449797
0,0.10513326752221125,0.34113526510297393,0.11237369428574648,0.08134861515244801
0,0.10513326752221125,0.2829615442862701,0.10289532878879365,0.09878102388532906
0,0.10513326752221125,0.29493439338225474,0.1246502062561322,0.14332109687231095
0,0.11495495495495496,0.4083635373440328,0.11717694041884277,0.0654591931144937
0,0.11495495495495496,0.30717487651531994,0.15291584874675984,0.16722361093321558
0,0.11495495495495496,0.32113438223549695,0.1467242365062359,0.1964846859909005
0,0.11495495495495496,0.30814780426350735,0.152684852173847,0.24491915612720466
0,0.12657130472475075,0.022484515671145684,0.20281831021679028,0.14371513716777845
0,0.11495495495495496,0.45534058778243014,0.19111377297595228,0.4906173760804055
0,0.11495495495495496,0.2797276923533523,0.1828351898394633,0.22378555667603228
0,0.11495495495495496,0.38373360599802553,0.17330398435971445,0.10166932475995204
0,0.11495495495495496,0.2782524559574611,0.1956932118603271,0.20104777386052444
0,0.11495495495495496,0.28105889012353374,0.19599599820095437,0.1792536533510528
0,0.12657130472475075,0.049856095916662645,0.043261466626858466,0.027677843037642546
0,0.11495495495495496,0.8705165600633598,0.23746167575830007,0.4935428921520634
0,0.11495495495495496,0.3730481224936888,0.18894610461828265,0.317509408253618
0,0.11495495495495496,0.510148141912123,0.19623885009708283,0.2586322546194616
0,0.11495495495495496,0.08162253721474798,0.22825284426564607,0.2182868853600103
0,0.12657130472475075,0.026668623509753506,0.1337999552282532,0.1682066109935508
0,0.12657130472475075,0.02009045311138406,0.10703097423227381,0.0487744311619584
0,0.12657130472475075,0.02288080183340638,0.1230278438790424,0.13787860499924148
0,0.12657130472475075,0.02155461096541085,0.14857548855254404,0.11311802456857763
0,0.12657130472475075,0.10165356388347248,0.3343681912727423,0.49184406816814336
0,0.12657130472475075,0.10113135244446017,0.32786407777784843,0.4937462500839096
0,0.12657130472475075,0.10611707381184743,0.34706079728078715,0.6080771763651098
0,0.11495495495495496,0.07829253764329214,0.1832456203476585,0.20053752810172412
0,0.11495495495495496,0.07891385874973075,0.18659244055578839,0.21002842588387746
0,0.12657130472475075,0.10419418263340607,0.3527983942816395,0.49184406816814336
0,0.12657130472475075,0.102042208345892,0.3465181494074003,0.49184406816814336
0,0.12657130472475075,0.6922832635968734,0.24523995591218165,0.2730504055264354
0,0.12657130472475075,0.7250466847487558,0.4485501824262903,0.5373520547955553
0,0.12657130472475075,0.7080901699884994,0.42745485231090125,0.5007212126978678
0,0.12657130472475075,0.7049147026920187,0.4294553159582421,0.4952570389779698
0,0.12657130472475075,0.7005630430469134,0.4694340571423504,0.5271431196561425
0,0.12657130472475075,0.6829139870276094,0.3979491713355504,0.46583163992740423
0,0.12657130472475075,0.6822720941251249,0.39837131826500966,0.4683604099029787
0,0.12657130472475075,0.6715427014539168,0.2955664560002568,0.22301870502438656
0,0.12657130472475075,0.6788675104546557,0.38420396277778784,0.41928626840538824
0,0.12657130472475075,0.6959167493490983,0.43108291624605205,0.6005031393517515
0,0.12657130472475075,0.6884237949999997,0.4274378677942893,0.5414152749002101
0,0.12657130472475075,0.6617211485622458,0.4106997212262606,0.49067788947188334
0,0.12657130472475075,0.0938164165872745,0.3807504706294285,0.49931140475883856
0,0.11495495495495496,0.20015660582948053,0.12623061278295514,0.20860167227076723
0,0.12657130472475075,0.7024778904002463,0.43355564530174445,0.5468635785259238
0,0.12657130472475075,0.6971673393569138,0.4317491912492474,0.5493798220123286
0,0.12657130472475075,0.6662986783164555,0.4539275641068301,0.4977726910065123
0,0.12657130472475075,0.3325438160813287,0.34649210667272823,0.3800765436016997
0,0.12657130472475075,0.6752429863944728,0.4593621339068048,0.5848768180828967
0,0.12657130472475075,0.3114108793658896,0.2716087720892541,0.2199282306434549
0,0.12657130472475075,0.6325041683525245,0.2931513723603448,0.3527260558358097
0,0.12657130472475075,0.34066976123078574,0.3633613137643309,0.36537571321164897
0,0.12657130472475075,0.6749622555432246,0.43434617085402055,0.5036594933473963
0,0.12657130472475075,0.6627243886901685,0.31075105039624323,0.19307709303827733
0,0.12657130472475075,0.6436096810675114,0.2911317602332115,0.1988604047334082
0,0.12657130472475075,0.25125621455204067,0.19394167235536233,0.04247983307688002
0,0.12657130472475075,0.02103339711036193,0.25088450593647055,0.10607825302990047
0,0.12657130472475075,0.017037080283938237,0.2517969994780033,0.20874498922876522
0,0.12657130472475075,0.6481283446730891,0.38927212732229644,0.39470194104762335
0,0.12657130472475075,0.6166580386674262,0.28123709662428753,0.19319897547379886
0,0.12657130472475075,0.23576419034666524,0.2857363743788434,0.14982886216979452
0,0.12657130472475075,0.5943637974717323,0.3122527752499893,0.264086078302682
0,0.12657130472475075,0.2256936522085766,0.2094771008605958,0.02986678695847874
0,0.12657130472475075,0.2979913131877537,0.31289426016819116,0.24442424170181537
0,0.12657130472475075,0.2753892111302771,0.27778946043441116,0.2079071422000733
0,0.12657130472475075,0.6498281137244906,0.28945684576268405,0.2041478420413673
0,0.12657130472475075,0.6838267821117755,0.34943255546873825,0.42201564680593895
0,0.12657130472475075,0.6615274282094324,0.3338551443093228,0.42201564680593895
0,0.12657130472475075,0.5946366784388913,0.27930740680554894,0.2041478420413673
0,0.12657130472475075,0.6610883635070045,0.3443100340624491,0.42201564680593895
0,0.12657130472475075,0.5765246248385864,0.27892340551067835,0.09409800854672241
0,0.12657130472475075,0.5644707959525197,0.3272263975505463,0.11448317913593976
0,0.12657130472475075,0.5585596576501759,0.3207575020372649,0.05203026437654024
0,0.12657130472475075,0.6365952199602339,0.38038867663315984,0.49659354908034814
0,0.12657130472475075,0.6581122452605845,0.35078895221621775,0.4930450236841014
0,0.12657130472475075,0.2750196229516433,0.214988941906427,0.13203969419838862
0,0.11495495495495496,0.28890266391205266,0.21275245157952127,0.2719381519153939
0,0.12657130472475075,0.4179292671404793,0.2753599034755722,0.26913805708261407
0,0.11495495495495496,0.43918965360379253,0.23143143280428458,0.21864840515511727
0,0.10513326752221125,0.16557239263714635,0.2543374199010199,0.3329118629187239
0,0.10513326752221125,0.15945593577946598,0.285562659398926,0.4624030880646475
0,0.10513326752221125,0.16011603801671243,0.20604159155828108,0.4046684569476199
0,0.10513326752221125,0.16672273465678752,0.24416274375433966,0.5349115908286176
0,0.10513326752221125,0.15954305907327762,0.24812518849456602,0.4046684569476199
0,0.12657130472475075,0.2456874143299384,0.20920634393150933,0.12830301071981065
0,0.10513326752221125,0.22155476805071478,0.22806860900943446,0.3090202826900671
0,0.10513326752221125,0.18749574031132785,0.24399560683130725,0.6318421003884038
0,0.10513326752221125,0.16054280620423417,0.2709868665990357,0.4275557111290761
0,0.12657130472475075,0.07832317713335468,0.15091427783237432,0.05611023921708052
0,0.10513326752221125,0.15935942541444892,0.24768121869833218,0.4249379880617387
0,0.10513326752221125,0.3849656607379376,0.2719896686964206,0.35266769451495134
0,0.10513326752221125,0.15913239260857256,0.2361857610177892,0.2904514048290169
0,0.10513326752221125,0.1653782414918358,0.27111539296788495,0.40920124203774527
0,0.10513326752221125,0.16737342319665033,0.23336951198224776,0.4030291592598801
0,0.10513326752221125,0.38542564167910637,0.3197717277161572,0.3933205112631311
0,0.10513326752221125,0.3887279427190429,0.2785297634450992,0.3744638163813802
0,0.10513326752221125,0.1617415266703454,0.27183783836590525,0.2873858388600557
0,0.12657130472475075,0.2538762534408241,0.22977528960112725,0.16953756651098822
0,0.10513326752221125,0.5502872622811642,0.2581700240745035,0.4848710399469505
0,0.10513326752221125,0.18460970168225566,0.2825230755972419,0.3062123925987535
0,0.10513326752221125,0.19042228307632403,0.24866159454416475,0.2995813424892184
0,0.10513326752221125,0.19047287755767073,0.24866159454416475,0.2995813424892184
0,0.10513326752221125,0.5032962297530338,0.2645103660737577,0.4067065716871139
0,0.10513326752221125,0.18926575974562118,0.2712279003346907,0.4664959493632754
0,0.10513326752221125,0.16421797886448997,0.24185798646944637,0.2770108931403269
0,0.10513326752221125,0.3938043649124137,0.3158418912675112,0.47125799027924076
0,0.10513326752221125,0.5216021004394986,0.202417180514669,0.2763610581199445
0,0.10513326752221125,0.5299826522911937,0.2788633427204693,0.4688499441349034
0,0.10513326752221125,0.508123898162225,0.23261182201905148,0.3315939489984093
0,0.10513326752221125,0.5315539083329869,0.23705805039700867,0.2535889407799565
0,0.10513326752221125,0.45040889172956244,0.15302799424505453,0.22047572231307486
0,0.10513326752221125,0.7517731619196856,0.18235755502260725,0.32115029484614543
0,0.10513326752221125,0.7999997799482694,0.21025316460180096,0.15739139100206667
0,0.10513326752221125,0.7929497551978445,0.33076825064202986,0.6528686531033653
0,0.10513326752221125,0.5230072750087609,0.18481829711580897,0.35581856988939614
0,0.10513326752221125,0.8059580583257823,0.31875128282583837,0.5778381114434775
0,0.10513326752221125,0.8077716761427794,0.183023755237672,0.4033635492617702
0,0.10513326752221125,0.810177455577122,0.17656257064923833,0.40332791229374443
0,0.10513326752221125,0.8082673260995638,0.3920332097460346,0.6309596279638909
0,0.10513326752221125,0.8136418941452369,0.326173324958508,0.579347925151524
0,0.10513326752221125,0.823035253909535,0.424183359074435,0.6968132956625926
0,0.10513326752221125,0.825772241176257,0.41375449969315387,0.7032095063218816
0,0.10513326752221125,0.8258189088407875,0.4199844050249633,0.7032095063218816
0,0.10513326752221125,0.8267686943133687,0.40587725560953497,0.7032095063218816
0,0.10513326752221125,0.5044731628270374,0.17352167597050847,0.22373873787786044
0,0.10513326752221125,0.8040085770623863,0.2945418043639897,0.5366191297642325
0,0.10513326752221125,0.5179133471007942,0.1540148729343515,0.16542684271633876
0,0.12657130472475075,0.2034351112003868,0.16750907059420725,0.09195681079469077
0,0.10513326752221125,0.2014761764765317,0.18251334999760757,0.13368183833152436
0,0.12657130472475075,0.2004832885213932,0.16619927108087093,0.09195681079469077
0,0.10513326752221125,0.8244212486393068,0.215253449545846,0.5339455967376286
0,0.10513326752221125,0.8246502635784778,0.22162772199333858,0.5339455967376286
0,0.12657130472475075,0.07613450833989509,0.14089941638408754,0.05854925660331876
0,0.12657130472475075,0.09772729033803342,0.28312891004762636,0.2566337467723778
0,0.12657130472475075,0.16577682365994648,0.13481512130297874,0.10376519236287951
0,0.12657130472475075,0.20170945075086857,0.2278786740878379,0.21675070505716437
0,0.12657130472475075,0.17544094204907512,0.15791869823480031,0.11163687031325034
0,0.12657130472475075,0.18135338736134538,0.15831085420802818,0.10789834920887001
0,0.12657130472475075,0.21271840376609416,0.23212271524951308,0.18083253390384432
0,0.12657130472475075,0.2512413751448291,0.264564122259558,0.20236842254426884
0,0.12657130472475075,0.219148226060161,0.19654988547977703,0.1435286982182961
0,0.12657130472475075,0.22130209670994697,0.22406976698823716,0.16827936706101906
0,0.12657130472475075,0.24664143131819088,0.22942100350382177,0.19366336230802034
0,0.12657130472475075,0.24195472998486925,0.2024001029085537,0.10231382454643635
0,0.12657130472475075,0.1308227264477902,0.19363572326636042,0.0786797234057953
0,0.12657130472475075,0.2825260672955068,0.2514024866494437,0.16079919427002948
0,0.12657130472475075,0.2750887473596255,0.21204752133812158,0.0844157296450644
0,0.12657130472475075,0.2760807640162581,0.213593353099721,0.0844157296450644
0,0.12657130472475075,0.2982234191549748,0.2835567547704093,0.453137274275725
0,0.12657130472475075,0.26308791926546515,0.19227966620631584,0.18496478219915835
0,0.12657130472475075,0.3468053631797145,0.35454958819432864,0.6024170567145063
0,0.12657130472475075,0.1598944756006304,0.2892734336475577,0.3681714487918216
0,0.12657130472475075,0.2874709687867701,0.2737558586921693,0.418227387076162
0,0.12657130472475075,0.1325134657665356,0.1977994919024908,0.20750960351206799
0,0.12657130472475075,0.171411940282213,0.38990821407358695,0.16413957640852947
0,0.12657130472475075,0.35834016747949343,0.24681815791522224,0.409161984995591
0,0.12657130472475075,0.34195852680936,0.2677224865266627,0.25746141867390004
0,0.12657130472475075,0.16614816967051474,0.21913137072070776,0.10544225660283964
0,0.10513326752221125,0.6416018948013802,0.5802629351257744,0.7208030689674303
0,0.10513326752221125,0.5504016482802657,0.40946092050242405,0.5728707030050401
0,0.11495495495495496,0.5555435653333354,0.29061688016348397,0.508453984756336
0,0.11495495495495496,0.7151024340037543,0.6849823233732578,0.7868254800071296
0,0.11495495495495496,0.3974856990426983,0.32767232200428625,0.2853530944567214
0,0.12657130472475075,0.190004900129567,0.2486412525129256,0.3583396452333178
0,0.11495495495495496,0.6996964349460886,0.6664442290123113,0.7791221051706091
0,0.11495495495495496,0.7074795577265227,0.7017121891431429,0.7868254800071296
0,0.12657130472475075,0.37015608619669693,0.2538811209685519,0.340952212115698
0,0.12657130472475075,0.2479470998248535,0.35237053837325927,0.5756553145791611
0,0.11495495495495496,0.699043964932716,0.6974969059294545,0.811488672100638
0,0.11495495495495496,0.4334051475827277,0.3891143392243314,0.43829158398815904
0,0.11495495495495496,0.37641397984505576,0.25805025882514476,0.2141419406339094
0,0.11495495495495496,0.7143613741417174,0.6072214564926653,0.4354548707183141
0,0.11495495495495496,0.45269197247673487,0.5511997865669105,0.44488249343406744
0,0.11495495495495496,0.45147782236129497,0.5604248067608114,0.44488249343406744
0,0.11495495495495496,0.44532644258153786,0.5578778760667055,0.6349992776963337
0,0.10513326752221125,0.23000085903756212,0.2847439505288491,0.4071731535748263
0,0.11495495495495496,0.6309495065577758,0.4444523640721381,0.253502180969377
0,0.11495495495495496,0.3752379783587695,0.2438359371149384,0.21420924824436463
0,0.11495495495495496,0.343006835277863,0.2508400034493994,0.32305184860975483
0,0.10513326752221125,0.4830426769246015,0.34862021319504966,0.34120159242150055
0,0.10513326752221125,0.17875311851331982,0.21168529636411,0.3481877511612481
0,0.10513326752221125,0.46825094926677263,0.3334549801950863,0.44397376750013773
0,0.10513326752221125,0.4807689137327816,0.3598195920217747,0.4192618721346834
0,0.10513326752221125,0.4804777474814171,0.3409104413182423,0.38776924459336437
0,0.10513326752221125,0.4822232901405272,0.30493241121096976,0.38776924459336437
0,0.10513326752221125,0.5029998403655463,0.4464972604498092,0.5514828718259757
0,0.10513326752221125,0.20743542017090666,0.2972967762404607,0.5224932653193578
0,0.10513326752221125,0.21083967141262266,0.2972718987370298,0.3041010483016879
0,0.10513326752221125,0.19764972881301227,0.21466115591928614,0.23386947407455175
0,0.10513326752221125,0.20941190281159544,0.22479700375097242,0.21797758205677312
0,0.10513326752221125,0.2111785824238027,0.23511532894880371,0.2242880263034527
0,0.11495495495495496,0.7212146450893117,0.671282195080715,0.8654523054946913
0,0.11495495495495496,0.7177762741911945,0.6937309633071214,0.8749307799780525
0,0.11495495495495496,0.728817535365879,0.6470447490485423,0.6748779676672595
0,0.10513326752221125,0.48648684759187927,0.3711987170773948,0.441221472239945
0,0.10513326752221125,0.21109494631636347,0.2334735794322362,0.2242880263034527
0,0.10513326752221125,0.1598486245170513,0.20933483644566747,0.28438809632408113
0,0.10513326752221125,0.14072151336042935,0.19646419103923743,0.33333045347560103
0,0.10513326752221125,0.13778329003421302,0.21233558883145506,0.34608609355028025
0,0.10513326752221125,0.24083679946755857,0.49266821441118813,0.7130709973840877
0,0.10513326752221125,0.14214786919028352,0.24027741694146096,0.34608609355028025
0,0.10513326752221125,0.48659685851691054,0.5342698684520523,0.730934524403768
0,0.10513326752221125,0.23160349392837326,0.26630551846607503,0.17990899199114516
0,0.10513326752221125,0.3280280000764555,0.3021791145411601,0.39755886723203093
0,0.10513326752221125,0.5415180470913696,0.5602834449484926,0.7269958581630033
0,0.10513326752221125,0.2504320210975549,0.49585438801377546,0.7994329638818228
0,0.10513326752221125,0.24994163443090486,0.47617517915887636,0.7790967794055288
0,0.10513326752221125,0.2320181358172127,0.5040131542385176,0.8133540064760907
0,0.10513326752221125,0.4365939695978338,0.14726534513460277,0.16670861358761108
0,0.10513326752221125,0.773751176344183,0.2829837239709007,0.37796683399799763
0,0.12657130472475075,0.4102908926877924,0.39281586337049207,0.5078126132812129
0,0.10513326752221125,0.7988667351461172,0.23056855490301773,0.08413402227946537
0,0.10513326752221125,0.7942106810633082,0.2356362267440875,0.07275786706271722
0,0.10513326752221125,0.7422249067533525,0.631028158258177,0.8471295744038878
0,0.12657130472475075,0.24430228023041703,0.2977544415198237,0.41824719107961056
0,0.12657130472475075,0.40504169610123364,0.3418407947498421,0.4498439876409146
0,0.12657130472475075,0.24681744467364217,0.3421095870749062,0.6146223004530726
0,0.12657130472475075,0.39093437044417717,0.39911103927618014,0.5239607533006383
0,0.12657130472475075,0.2228938474637725,0.3529130072956467,0.5926590372385615
0,0.10513326752221125,0.7755357781189738,0.45270919561078227,0.6807096372327475
0,0.12657130472475075,0.35870422273870123,0.2878577420221987,0.3136954658734576
0,0.10513326752221125,0.8094643935639924,0.6334114829149472,0.8536798182027503
0,0.10513326752221125,0.8036707473865271,0.6063708023644651,0.8074552086047518
0,0.12657130472475075,0.3136717485151763,0.18872988738032587,0.1289655016033637
0,0.12657130472475075,0.16452656479988528,0.09082343040186959,0.05022940682464451
0,0.12657130472475075,0.352850224763352,0.2985053423548742,0.3899077356850055
0,0.12657130472475075,0.40472439767720364,0.3512112945165086,0.5827065806286801
0,0.12657130472475075,0.3108167086631069,0.20498661016808317,0.1913800324233019
0,0.11726595400064788,0.20338808826492286,0.06368915245296641,0.09344289629136944
0,0.11726595400064788,0.442107293167032,0.25370588709024205,0.23456701875921263
0,0.12657130472475075,0.38278733518292074,0.1963566030047005,0.13180121759801297
0,0.11726595400064788,0.43886089174994547,0.2910360290677164,0.520961991802561
0,0.11726595400064788,0.2962171952598887,0.30931599128547116,0.26981004858480573
0,0.11726595400064788,0.46215508163278507,0.37076563623458964,0.5026630509880367
0,0.11726595400064788,0.47319725111013117,0.36943139080145043,0.6104857260972982
0,0.11726595400064788,0.7498419966186413,0.43182395363898873,0.5738106881804289
0,0.12657130472475075,0.40762470679326357,0.24782135353158205,0.3740842625111041
0,0.12657130472475075,0.19282958791771931,0.1827217150594782,0.19996772643925537
0,0.11495495495495496,0.26813689012331426,0.1841151713153431,0.21600086458226334
0,0.11495495495495496,0.2761582481893142,0.15358512432574561,0.1959551885611681
0,0.11495495495495496,0.5241375777849465,0.2120393819413228,0.5569233771238483
0,0.11495495495495496,0.4719507243509895,0.21469266311151802,0.5264703234599086
0,0.11495495495495496,0.5096610656068089,0.20697061257899005,0.5193888142231117
0,0.11495495495495496,0.27284942746276164,0.16415631955480608,0.20464033968924739
0,0.11495495495495496,0.2693867925167068,0.2232015980232442,0.2995141510430136
0,0.11495495495495496,0.3024866779799882,0.18223224847189493,0.31269554331324073
0,0.12657130472475075,0.047281601320384066,0.08268184653058477,0.0381795707275637
0,0.12657130472475075,0.5747338840387336,0.4329245774648135,0.5453034176152012
0,0.12657130472475075,0.50287524913356,0.22015202416298368,0.1600980387768414
0,0.12657130472475075,0.5604555282318311,0.3958271524333817,0.48164259431718576
0,0.12657130472475075,0.5256819602490699,0.2660713894836158,0.19290826214267198
0,0.12657130472475075,0.5214260011508186,0.3023200311686876,0.3125459994273398
0,0.12657130472475075,0.7658501820808609,0.516691200304074,0.6050417940453746
0,0.12657130472475075,0.614638785770826,0.5297238114171119,0.7310473382025026
0,0.12657130472475075,0.5508988849599868,0.39298927606092493,0.3688505809713047
0,0.12657130472475075,0.46745153385003196,0.23167779536156763,0.34555333045169784
0,0.12657130472475075,0.6800498920462769,0.5529925730374268,0.593977443410307
0,0.12657130472475075,0.615550668661302,0.5197005044036253,0.6150019848744317
0,0.12657130472475075,0.6182984517814091,0.5043697632362086,0.6150019848744317
0,0.12657130472475075,0.6841335561075889,0.5485421888387654,0.6920289208825731
0,0.12657130472475075,0.5175106963064791,0.267033085797937,0.20685113985880887
0,0.12657130472475075,0.7583614818124274,0.5087836840161143,0.7373712083017188
0,0.12657130472475075,0.6554500346539901,0.4791983833977555,0.6389795091880891
0,0.12657130472475075,0.5064511917530335,0.234604012075926,0.22004812535518145
0,0.12657130472475075,0.6585235446872552,0.5260961957750181,0.6590927129762222
0,0.12657130472475075,0.619024208508976,0.4856936070558171,0.6191161753045713
0,0.12657130472475075,0.49215059379246867,0.25666799585959477,0.24407121333569803
0,0.12657130472475075,0.6225591371195475,0.44068766635366946,0.32792935135170154
0,0.12657130472475075,0.5486618439945707,0.38535033066220564,0.48164259431718576
0,0.12657130472475075,0.5011357949846912,0.2184848678530085,0.175908741038723
0,0.12657130472475075,0.6291617318165486,0.4145795540710432,0.2866810787952688
0,0.12657130472475075,0.6149668691999352,0.47131249392680785,0.506424300444596
0,0.12657130472475075,0.620163167938959,0.45521300694514616,0.5371404789855422
0,0.12657130472475075,0.5043721607874484,0.21334870264196903,0.16427988599886595
0,0.12657130472475075,0.6145592902011086,0.4586483916363141,0.5596866711576898
0,0.12657130472475075,0.6167645869474453,0.4460529022841101,0.5392461753691923
0,0.12657130472475075,0.6165589352008808,0.4465690219618318,0.5392461753691923
0,0.12657130472475075,0.8125651532119579,0.4781517325687176,0.5820429951183426
0,0.12657130472475075,0.622439847850492,0.4965491944827579,0.5546311406794441
0,0.12657130472475075,0.6223997870131396,0.48967820243389143,0.6967898434450042
0,0.12657130472475075,0.5034258567970138,0.22159623521644906,0.15675948432724052
0,0.12657130472475075,0.5107309859035629,0.22737490288239762,0.17301098452727265
0,0.12657130472475075,0.6446991063583877,0.48508293804369024,0.49636147577853856
0,0.12657130472475075,0.3228288940764545,0.3343550112583179,0.2929214775341103
0,0.12657130472475075,0.8257393997334328,0.4928025706018799,0.6641231961114852
0,0.12657130472475075,0.8257735382125868,0.49423592192406013,0.6112743426611259
0,0.12657130472475075,0.6246184832770001,0.46026135843162974,0.5981669081191836
0,0.12657130472475075,0.706744236131508,0.4695852419380435,0.5468858077950556
0,0.12657130472475075,0.9195116333860964,0.520140294413868,0.6703117720199893
0,0.12657130472475075,0.6228944536897328,0.4694154578802219,0.6435325680429571
0,0.12657130472475075,0.6124680308052081,0.5274313075656601,0.6741553053833774
0,0.12657130472475075,0.5104434075500041,0.24190416430919304,0.22340183795384716
0,0.12657130472475075,0.45231785643657557,0.263566823999298,0.41027765882364986
0,0.12657130472475075,0.6231163944008237,0.4624245749877221,0.6050162185411307
0,0.12657130472475075,0.7098598777796871,0.5275919407179559,0.6453656773861828
0,0.12657130472475075,0.508487916762816,0.2614308175550646,0.23728035875318257
0,0.12657130472475075,0.6100388582881867,0.5079075370326759,0.6784755707305603
0,0.12657130472475075,0.6524679873202448,0.49344239527688594,0.5239998166601486
0,0.12657130472475075,0.731020400946472,0.3014934950704797,0.4444316664890507
0,0.12657130472475075,0.5783690853888417,0.45148961380332825,0.608528814458832
0,0.12657130472475075,0.7448344358369039,0.2765677199157876,0.41761594875706587
0,0.12657130472475075,0.5182404846566776,0.26132011625885737,0.2756537509892003
0,0.12657130472475075,0.6205385152989897,0.5088396069457266,0.6985307663805701
0,0.12657130472475075,0.49548171097539667,0.21510381867219963,0.24466760037303575
0,0.12657130472475075,0.6277724455225643,0.37839362621327954,0.2673047446183485
0,0.12657130472475075,0.6084750745262456,0.37215425112485895,0.22380554930661295
0,0.12657130472475075,0.6144719756400139,0.4332549515251061,0.4959629354906017
0,0.12657130472475075,0.649453864252914,0.4355701760631202,0.46489618116101855
0,0.12657130472475075,0.6165695895020165,0.4017871076947918,0.1670947948171543
0,0.12657130472475075,0.52578249302003,0.2764875075648435,0.19653702549487298
0,0.12657130472475075,0.5295786859925686,0.301170631100924,0.21965996566018978
0,0.12657130472475075,0.7042904379853073,0.44490340630008895,0.5255319457955826
0,0.12657130472475075,0.616709116083002,0.4183949534338131,0.5214967257210686
0,0.12657130472475075,0.6214515252798042,0.4402805667182548,0.5598825748488424
0,0.12657130472475075,0.5195030769135797,0.2697555813343897,0.17574182353214862
0,0.12657130472475075,0.7094641891294444,0.455658599023099,0.5047097299818085
0,0.12657130472475075,0.6279784330855226,0.430385243801461,0.502709802607801
0,0.12657130472475075,0.7183091945571303,0.48215571663253465,0.5166600811536441
0,0.12657130472475075,0.8179090977925669,0.20069870946729645,0.306612441025512
0,0.12657130472475075,0.6445744389599115,0.45157331524598204,0.41310278669336875
0,0.12657130472475075,0.713098897965675,0.4545038814041279,0.41379509738393727
0,0.12657130472475075,0.5505666978037185,0.35044373015453584,0.4241086775913602
0,0.12657130472475075,0.7536602720517677,0.4561566715484684,0.5401760791026978
0,0.12657130472475075,0.49715999991160204,0.37430464905905136,0.44726233448839137
0,0.12657130472475075,0.8750530668907964,0.4582801010320605,0.49488282609508794
0,0.12657130472475075,0.6326770524935587,0.4369948641128039,0.504138026422222
0,0.12657130472475075,0.6759685228246334,0.4915844831154689,0.6354118658733041
0,0.12657130472475075,0.7309371565742798,0.4427098680287276,0.5401760791026978
0,0.12657130472475075,0.6693910331655094,0.49642008413944516,0.6098215831952525
0,0.12657130472475075,0.6384588120825081,0.45554238216096454,0.6150109716087555
0,0.12657130472475075,0.5241070965479212,0.4190029385312169,0.4783983162847138
0,0.12657130472475075,0.27420606616097626,0.16396345423995384,0.20030982570025435
0,0.12657130472475075,0.649069970048249,0.4748672804553349,0.453966263663749
0,0.12657130472475075,0.5214478671457149,0.23294113805638272,0.16619699980613392
0,0.12657130472475075,0.6182469595436673,0.44947630614546413,0.5981669081191836
0,0.12657130472475075,0.6675496840302863,0.4935456627986811,0.5726736008729717
0,0.12657130472475075,0.6381194342055149,0.5157486375985374,0.6941898433192008
0,0.12657130472475075,0.6004152805893133,0.45776929924009163,0.6286038341907609
0,0.12657130472475075,0.5358989330333875,0.27977050208744,0.27636580310289693
0,0.12657130472475075,0.6410757714110124,0.5221971720271301,0.6881037485246295
0,0.12657130472475075,0.39138185001648074,0.2105631244781016,0.4207197150870295
0,0.12657130472475075,0.7088372077994337,0.206553664385181,0.3723344128356904
0,0.12657130472475075,0.768954877409926,0.5078694057311871,0.7131011538206922
0,0.12657130472475075,0.6123248480610609,0.42738236039778044,0.5724915730017427
0,0.12657130472475075,0.6838757961581687,0.5549946539184613,0.6985307663805701
0,0.12657130472475075,0.26916679734259447,0.19365769483550982,0.2706888702372226
0,0.12657130472475075,0.3337210828225572,0.22923722159538895,0.37973128120368455
0,0.12657130472475075,0.7953112664448941,0.5578400522191956,0.7306680994610502
0,0.12657130472475075,0.7880267798551278,0.5763989509253458,0.7406719830249411
0,0.12657130472475075,0.5236905733664641,0.24390014348663538,0.2337764396555619
0,0.12657130472475075,0.6440951913061314,0.5810520466365159,0.6806877120889914
0,0.12657130472475075,0.6320389838759188,0.5028575733298395,0.6784755707305603
0,0.11495495495495496,0.45646659156210717,0.4579536472608816,0.5028748905112451
0,0.11495495495495496,0.4373468131239835,0.4437899991023687,0.45995556536764004
0,0.12657130472475075,0.6332925112948053,0.560008668261387,0.6895944925290068
0,0.11495495495495496,0.39500242130408136,0.4109070065630838,0.4005879152866893
0,0.11939375193318899,0.4819349716047149,0.4016249784738183,0.5771491331878121
0,0.11939375193318899,0.3565342869475242,0.16940550324689302,0.1749739183960513
0,0.11939375193318899,0.5352955677651531,0.17948537347550733,0.13269694405569535
0,0.11939375193318899,0.4914592862021211,0.46135412774401247,0.5808945252338575
0,0.11939375193318899,0.4446335971251807,0.43392704222092404,0.5052441929038373
0,0.11939375193318899,0.4672992667500319,0.43361584003634823,0.5882127010343093
0,0.12657130472475075,0.36062379400931643,0.2135169537942148,0.09479114071926888
0,0.11939375193318899,0.40574362488565213,0.26946941898847665,0.32462844194879775
0,0.11939375193318899,0.5808220177279433,0.4319330607819382,0.5639995397478308
0,0.11939375193318899,0.4785523455998516,0.44404717055330556,0.6084052197115812
0,0.12657130472475075,0.628894327865844,0.3741673427412221,0.23707842918563854
0,0.12657130472475075,0.6374193188815138,0.47136169562917507,0.49073530535094
0,0.12657130472475075,0.6055530962423745,0.4072468269623315,0.4245464671101033
0,0.12657130472475075,0.6391512663095517,0.43836096498851584,0.4913490514629059
0,0.12657130472475075,0.5293388020038154,0.22636626551356673,0.14557452574847368
0,0.12657130472475075,0.7314854753053949,0.4335255728197847,0.5065378054379125
0,0.12657130472475075,0.5748160596235091,0.3394415654642623,0.2891456828906948
0,0.12657130472475075,0.5402726622519124,0.2631307305914148,0.22768990211869636
0,0.12657130472475075,0.6157327233343248,0.3662346267190338,0.439084844748535
0,0.12657130472475075,0.6318118453604532,0.4226279098434733,0.524558807029246
0,0.12657130472475075,0.6001068336142985,0.3780455384181188,0.4024487449937092
0,0.12657130472475075,0.6442569415220761,0.438814674159211,0.5654028570128494
0,0.12657130472475075,0.6231527088324833,0.41227188712847035,0.49953687017581283
0,0.12657130472475075,0.6339279963915149,0.4215126114280641,0.5347815333999926
0,0.12657130472475075,0.6107466690244745,0.4044086386525162,0.5054601122097828
0,0.11495495495495496,0.4235901685922133,0.37686614809999486,0.5389050967236708
0,0.12657130472475075,0.7222289380419852,0.51800429449047,0.643037157968299
0,0.12657130472475075,0.6712490987926975,0.5252888991244715,0.6741553053833774
0,0.12657130472475075,0.6403538788560508,0.49909198412719824,0.6741553053833774
0,0.12657130472475075,0.574954855832177,0.3869968056773473,0.5540145060817926
0,0.11495495495495496,0.2881099396178344,0.11418884214556022,0.12503101613088236
0,0.11939375193318899,0.36006009985852483,0.1779099284540264,0.14223527763624416
0,0.11939375193318899,0.4687158697614927,0.3613155617680529,0.41083169967915056
0,0.11939375193318899,0.48652147634332604,0.42531114288045246,0.5305525016638454
0,0.12657130472475075,0.578641031624795,0.3105091880275814,0.1056570971628227
0,0.12657130472475075,0.7334485365895805,0.47973323656409705,0.5287771495738023
0,0.12657130472475075,0.6163271381367725,0.4014422426329835,0.26549835282613354
0,0.12657130472475075,0.28984895979190867,0.1721213160470715,0.23408428749050064
0,0.12657130472475075,0.6193640861133188,0.4365426115672427,0.474202494283906
0,0.12657130472475075,0.7318457714025022,0.4708200538894411,0.5283667887421788
0,0.12657130472475075,0.6671889298591499,0.4158035242076259,0.5025540953798253
0,0.12657130472475075,0.5662389490398507,0.29400308596912506,0.21638010315142772
0,0.12657130472475075,0.744342186676192,0.44715490811132214,0.48759974343040297
0,0.12657130472475075,0.6356138523556907,0.3778557245040598,0.44890117200566193
0,0.12657130472475075,0.6461880857924772,0.4091460235864433,0.41833445326231244
0,0.12657130472475075,0.6444631647532902,0.4017255843683218,0.3687961621763527
0,0.11939375193318899,0.507394066604278,0.3765891813016937,0.342697008127267
0,0.11939375193318899,0.7704153485891672,0.3557288020411715,0.5282132043171952
0,0.11939375193318899,0.811576916715535,0.41888398570354346,0.5463467709011769
0,0.12657130472475075,0.6730698946313521,0.43583173264705544,0.4356316432219263
0,0.11939375193318899,0.8013999712700718,0.43314230532439135,0.5701924936664391
0,0.11939375193318899,0.37879185071184734,0.17466938807222698,0.20279468912378373
0,0.12657130472475075,0.6485164291699683,0.41524262299064885,0.3833252113402001
0,0.12657130472475075,0.7303990397180605,0.4479589295262626,0.3991230367773183
0,0.12657130472475075,0.5572403761582299,0.23000740852494034,0.1087054832864905
0,0.12657130472475075,0.5835858747630321,0.2897087611985189,0.3137040639683882
0,0.12657130472475075,0.6399897609788081,0.3806197462603669,0.39046001393083773
0,0.12657130472475075,0.6476947519766656,0.43527023769337725,0.7092174244595602
0,0.12657130472475075,0.5565020223304312,0.3313630418772781,0.22503166937758978
0,0.12657130472475075,0.5454195805258362,0.26445775809055344,0.2692367834123458
0,0.12657130472475075,0.7400178896932303,0.4624391274147734,0.4496982767386836
0,0.12657130472475075,0.3772028042420511,0.1511962344067399,0.304633699420751
0,0.10513326752221125,0.34150460820723716,0.2003827096612967,0.2513459565779319
0,0.10513326752221125,0.32748163672522096,0.20383546638157957,0.29310102832831053
0,0.10513326752221125,0.5965692744354982,0.233306189769204,0.28961135729447507
0,0.10513326752221125,0.5497059743901934,0.20998578519203276,0.35378501624446923
0,0.12657130472475075,0.6673058803236483,0.47836079297620565,0.6791652196229819
0,0.10513326752221125,0.4752104342445515,0.2158733046653137,0.23433252354846357
0,0.10513326752221125,0.36679068673855936,0.2668139343141418,0.3936624273381133
0,0.10513326752221125,0.27433493932263037,0.26709308123909264,0.485276396059214
0,0.10513326752221125,0.3359996499181338,0.2129363150716842,0.24639195263165706
0,0.10513326752221125,0.30427806578797423,0.1790461930812698,0.15352856563568099
0,0.10513326752221125,0.3351555190575328,0.207935901407526,0.35928234733945935
0,0.10513326752221125,0.30396543068625476,0.16623084615070946,0.20308919244709112
0,0.10513326752221125,0.5133496176432187,0.22147994830460796,0.5257443761390437
0,0.10513326752221125,0.5348016400505043,0.2811201998947447,0.45496670146797497
0,0.10513326752221125,0.36141560614875456,0.21964619106653785,0.22274081192520523
0,0.10513326752221125,0.40658477315055114,0.2300235901140785,0.24664747170740306
0,0.10513326752221125,0.5293173992469389,0.21327593475625548,0.3275074692390955
0,0.10513326752221125,0.27884252023903405,0.2790339698403089,0.485276396059214
0,0.10513326752221125,0.24950168187656377,0.27671238278325333,0.4286981206916513
0,0.10513326752221125,0.35781472475952875,0.19938080776232972,0.3479340746185311
0,0.10513326752221125,0.6430597999447443,0.23914922607690464,0.27873936382595554
0,0.10513326752221125,0.32405846882429956,0.13576400825346627,0.13967795070256664
0,0.10513326752221125,0.2503235395894433,0.27722690305966363,0.36480504101190153
0,0.10513326752221125,0.3268967675707315,0.19059690024720932,0.3011661407073233
0,0.10513326752221125,0.31501040212854864,0.1535465034113396,0.16075428957270424
0,0.10513326752221125,0.3094403627029175,0.27570236475740706,0.4860973525062645
0,0.10513326752221125,0.35208452677147467,0.2609586867917593,0.4860973525062645
0,0.10513326752221125,0.2778292753406727,0.2715591094897397,0.4191373685257601
0,0.10513326752221125,0.3193319819281198,0.27670096728341165,0.4860973525062645
0,0.10513326752221125,0.38425630352054535,0.2525511355487751,0.4285481222353553
0,0.10513326752221125,0.32749561494228663,0.18575526524825478,0.20670806565807773
0,0.10513326752221125,0.287835722509076,0.2807041336275237,0.49190003099587776
0,0.10513326752221125,0.2588338115997856,0.27699535818083637,0.4191373685257601
0,0.10513326752221125,0.8292154300264992,0.3077327409807998,0.5194042019191294
0,0.10513326752221125,0.2315282996997496,0.2439420078978014,0.23149644849584802
0,0.10513326752221125,0.23130258664265874,0.2468474920910863,0.28242255241386366
0,0.10513326752221125,0.3291339127646946,0.2885959233382437,0.503289816525273
0,0.10513326752221125,0.2314480159718999,0.25814235399871915,0.25782892921114164
0,0.10513326752221125,0.24771737153551798,0.2672396206661289,0.46104256602935934
0,0.10513326752221125,0.2394549458128124,0.25474002331758094,0.245919740859397
0,0.10513326752221125,0.34300468211082236,0.25627021586882254,0.40149953668591976
0,0.10513326752221125,0.3095922455581876,0.1205732366962717,0.2090314916497012
0,0.10513326752221125,0.36546032785864047,0.22626868709117662,0.4346299826592606
0,0.10513326752221125,0.3218638603361177,0.1665870444063393,0.3194437209073955
0,0.10513326752221125,0.5779543139946377,0.27145282459885745,0.48502437023854367
0,0.10513326752221125,0.24489109649087304,0.2616002019169771,0.3986326325884032
0,0.10513326752221125,0.338492356469194,0.19876475462550486,0.19949595943879306
0,0.10513326752221125,0.2558476929717671,0.26668342207059587,0.5100613114822093
0,0.10513326752221125,0.39219670752681635,0.24929839558796002,0.5225467007559136
0,0.10513326752221125,0.32889846274247553,0.1928807910616141,0.19949595943879306
0,0.10513326752221125,0.22792851256933042,0.22222925229757165,0.24717716321837055
0,0.11939375193318899,0.8816589347993893,0.3949117543304556,0.4206694861463522
0,0.11939375193318899,0.48722080685415414,0.37384246626132683,0.34306737313859803
0,0.12657130472475075,0.6259635905974762,0.21140424655266785,0.14672420753226886
0,0.12657130472475075,0.6161473427615983,0.3438880102900504,0.21496114673891753
0,0.10513326752221125,0.5196212496739191,0.21996814224039232,0.2572616154132476
0,0.10513326752221125,0.5423639615439544,0.22930075464223787,0.2199938367783189
0,0.10513326752221125,0.31796573359035774,0.2142119991420754,0.0995319558350449
0,0.10513326752221125,0.2535559240435919,0.23818106808216036,0.24728654673094766
0,0.10513326752221125,0.2348075771424749,0.21200431483219276,0.12326663591424578
0,0.10513326752221125,0.2452626674448249,0.20179185150824927,0.14762747234495063
0,0.10513326752221125,0.23607439482984022,0.2115567384582342,0.12326663591424578
0,0.10513326752221125,0.26191468182805894,0.2430987220907087,0.2856226192507308
0,0.10513326752221125,0.6475943322159573,0.21724914488467154,0.34468739239823387
0,0.10513326752221125,0.30864342910831005,0.1737702195611784,0.12597762776020804
0,0.10513326752221125,0.24266814164147799,0.238633834974645,0.1988015829049527
0,0.10513326752221125,0.24340107268078767,0.23391250321180948,0.1988015829049527
0,0.10513326752221125,0.29683711690037384,0.19588454575844227,0.16337472356062202
0,0.10513326752221125,0.3699574725153297,0.3466786310329267,0.4893963020230842
0,0.10513326752221125,0.3155708095199156,0.1818325230543942,0.10003351584156257
0,0.10513326752221125,0.40420347866418066,0.335727091090229,0.3393187692344488
0,0.10513326752221125,0.3600167634053778,0.34998241251585166,0.4893963020230842
0,0.10513326752221125,0.5005189917642439,0.309115390722108,0.4317846624448284
0,0.11939375193318899,0.3969357504485827,0.14163205481498628,0.21295570913190176
0,0.11939375193318899,0.5373855882669547,0.15842225079731823,0.25704419621979074
0,0.11939375193318899,0.5222194056713558,0.4597007788905209,0.6136358492270699
0,0.11939375193318899,0.6147749638750464,0.4661464437458985,0.4286917451989572
0,0.11939375193318899,0.6145610902615146,0.5024882003627331,0.6400983162726658
0,0.11939375193318899,0.5079980416566167,0.4646548089112108,0.6136358492270699
0,0.11939375193318899,0.49386768712309115,0.41317092255724847,0.5470737300683236
0,0.11939375193318899,0.8815576329827164,0.499789601927255,0.6981469972951342
0,0.11939375193318899,0.528973671374465,0.5184842001367089,0.6197819825655142
0,0.11939375193318899,0.5190725210877537,0.537881048152848,0.6284780494273514
0,0.11939375193318899,0.5213815583721185,0.4271704286236471,0.5773854307204045
0,0.11939375193318899,0.4922659333652181,0.40593555355581695,0.5470737300683236
0,0.12657130472475075,0.7130552157385152,0.42891887318959426,0.4774335273517311
0,0.12657130472475075,0.7005198271343009,0.4851092504160249,0.4513115615075484
0,0.12657130472475075,0.6393524904386104,0.35922908947265064,0.2356352689591811
0,0.12657130472475075,0.7202600753976249,0.4495374223517726,0.4940501146020512
0,0.12657130472475075,0.7888700500594744,0.47354212114819116,0.4711049693353395
0,0.10513326752221125,0.3822498054744994,0.2053513444963204,0.33052788202613176
0,0.12657130472475075,0.9207771866348854,0.48672421315971803,0.5465540458998907
0,0.10513326752221125,0.6937062135223168,0.17940132820249508,0.180543722446236
0,0.12657130472475075,0.7968629553017342,0.5079314562361156,0.2680897281092379
0,0.10513326752221125,0.4203328592570763,0.23317721227503072,0.2855386917141941
0,0.10513326752221125,0.7243149419468677,0.2419563856815282,0.18502334900190168
0,0.10513326752221125,0.4066990517366314,0.2101179258956817,0.3924097215134859
0,0.10513326752221125,0.5176027537070013,0.2223690148099336,0.15507399201975053
0,0.10513326752221125,0.347099476453072,0.24067598012680685,0.36729779295567133
0,0.10513326752221125,0.3111917229734002,0.18235849745214636,0.13429259128947313
0,0.10513326752221125,0.2157969721867602,0.212906253894795,0.23952000347409114
0,0.10513326752221125,0.45890605267584633,0.293614860441486,0.43081744486271273
0,0.10513326752221125,0.3619375865472466,0.24282814263600225,0.2804717762594885
0,0.10513326752221125,0.354716173454997,0.32505377559550314,0.3326197464284548
0,0.10513326752221125,0.5664483448229243,0.3251500754985769,0.5241811388916766
0,0.10513326752221125,0.48249330351976516,0.2958620024024532,0.382489453322648
0,0.10513326752221125,0.5828108197396744,0.2969735920925296,0.2751669291842315
0,0.10513326752221125,0.5609580908198104,0.28977544837575064,0.4049407354860285
0,0.10513326752221125,0.40705965880088135,0.32748829858265494,0.5262517310057488
0,0.10513326752221125,0.29841685096597315,0.12384538423668083,0.09867442993876345
0,0.11939375193318899,0.5327407034148801,0.5378429919924638,0.6197819825655142
0,0.11939375193318899,0.8852287282648456,0.5212092954433498,0.6988024925685884
0,0.11939375193318899,0.6492546212510478,0.5022341109980373,0.5924818413890418
0,0.11939375193318899,0.5417445838703573,0.45433576158131916,0.6146811912075498
0,0.11939375193318899,0.7552694737214287,0.5102185991107412,0.6826794803569343
0,0.11939375193318899,0.5469059873102686,0.48764902915341984,0.6010980078125233
0,0.10513326752221125,0.3607031233999759,0.24368968543306227,0.2716116700913735
0,0.10513326752221125,0.43879487055875094,0.21813898346059427,0.12757536764942878
0,0.10513326752221125,0.7432751993687899,0.3868312682976948,0.2593701545291173
0,0.10513326752221125,0.3786938262496525,0.2508197835198941,0.21176974873479573
0,0.10513326752221125,0.34581784575308877,0.25644119942523685,0.40675388709185933
0,0.10513326752221125,0.3478077685017931,0.2535308621105356,0.3560322320731938
0,0.10513326752221125,0.33632205234534823,0.2753919511013633,0.24016082361422364
0,0.10513326752221125,0.31545518986416493,0.2160742223934837,0.3177326741085352
0,0.10513326752221125,0.3300918403872151,0.23008396050041852,0.2854727835069535
0,0.10513326752221125,0.5663688005251284,0.19519469186300004,0.47388160216419
0,0.10513326752221125,0.34848750288783087,0.21816986223014947,0.28530619337697916
0,0.10513326752221125,0.2731741880982246,0.2200675644514584,0.36549977393378946
0,0.10513326752221125,0.35076680626485085,0.21215590300212284,0.36549977393378946
0,0.10513326752221125,0.26256909634989484,0.10976866843000266,0.08512676072098879
0,0.12657130472475075,0.014789501576979787,0.23849149848755882,0.14305254055797734
0,0.12657130472475075,0.013151469348904628,0.2334039038766366,0.12017385213230368
0,0.12657130472475075,0.6186385161843729,0.4057429917004743,0.42377989394159193
0,0.12657130472475075,0.5810372691799474,0.28642316201619394,0.24846557713170808
0,0.10513326752221125,0.25269565695818413,0.1059067144343447,0.15373013592538773
0,0.10513326752221125,0.2796067706352479,0.12943173204276986,0.21743913593687395
0,0.12657130472475075,0.5505812813281789,0.36037182089854125,0.2887096372390676
0,0.10513326752221125,0.6346029038338885,0.41776595100497566,0.6461076818856242
0,0.12657130472475075,0.5612358553954542,0.3694760338764854,0.14675427202766078
0,0.12657130472475075,0.5342324464154693,0.3880576318635583,0.33289252346496323
0,0.12657130472475075,0.2391828514471836,0.22855398712768543,0.2325734351648954
0,0.12657130472475075,0.20078682194655026,0.18968323030710563,0.0747320497413925
0,0.12657130472475075,0.01359504273488755,0.18311971489013046,0.15019383554408353
0,0.10513326752221125,0.3975938344828362,0.27811838182891935,0.3981294756617291
0,0.10513326752221125,0.2709917410104545,0.15825491560831773,0.3290103685308683
0,0.10513326752221125,0.36141669272608423,0.38314108665919094,0.566089755711453
0,0.10513326752221125,0.2484849469696579,0.0964839927851625,0.1005598619039998
0,0.10513326752221125,0.24950976068418473,0.09212100176427408,0.094997551378264
0,0.10513326752221125,0.33578301201175537,0.33728863961090255,0.5413129898921146
0,0.10513326752221125,0.3394662128246335,0.33626267317586145,0.5241953629632072
0,0.10513326752221125,0.2760873126381376,0.14110367171308608,0.29457206389579693
0,0.10513326752221125,0.27944858554165514,0.14447612548378924,0.3228573316107734
0,0.10513326752221125,0.34079977087319124,0.36227275153878025,0.5775878869433638
0,0.10513326752221125,0.28627148733269336,0.16156423462716882,0.27473953747786706
0,0.10513326752221125,0.3438341800529661,0.3318781433120954,0.5660481686514919
0,0.10513326752221125,0.34493852949961756,0.33815708249919885,0.3776245891304854
0,0.10513326752221125,0.2931285172973219,0.26446249434747177,0.2525567542186073
0,0.10513326752221125,0.3035072739941442,0.21636996949887385,0.19128966814400505
0,0.10513326752221125,0.3893310057976068,0.39229438543322787,0.35125339566206026
0,0.10513326752221125,0.3018220321877044,0.24896743556680662,0.45529253226927213
0,0.10513326752221125,0.5096488709663453,0.3701937170302542,0.27478783925924377
0,0.10513326752221125,0.26477783294670504,0.15462046188321257,0.06097054751192059
0,0.10513326752221125,0.26564948700385765,0.151655057747552,0.06263690857933836
0,0.10513326752221125,0.2964041780413213,0.22508067634294684,0.1888634255771303
0,0.10513326752221125,0.27013367894186474,0.11559229790306548,0.16466848477056684
0,0.10513326752221125,0.4196407370537319,0.3134541033051867,0.3616973558365145
0,0.10513326752221125,0.23602712460724817,0.07828305234301916,0.06996041518466099
0,0.10513326752221125,0.2249220868387384,0.07858171986992994,0.06871900215691978
0,0.10513326752221125,0.26340901017967105,0.11799650603996897,0.15620442768889906
0,0.10513326752221125,0.2726339988601442,0.217417690604872,0.48592007821978833
0,0.10513326752221125,0.22944439983518394,0.07938762213059704,0.0740630742201979
0,0.10513326752221125,0.2507556813906251,0.09178319427828222,0.06303215079708169
0,0.10513326752221125,0.27639345055518516,0.12188144735950239,0.14440028874596755
0,0.10513326752221125,0.23674861321511143,0.07689442668630186,0.03930886830156968
0,0.10513326752221125,0.4204450538436458,0.409885384405877,0.43651912315421065
0,0.10513326752221125,0.27676280618421206,0.28220623198189093,0.5523151973668212
0,0.10513326752221125,0.27620787229427113,0.2168976143992559,0.39513699228006866
0,0.10513326752221125,0.24671565106647697,0.10445157355556876,0.08615270738404399
0,0.10513326752221125,0.2463454438374768,0.10361746880700506,0.08615270738404399
0,0.10513326752221125,0.31504541920596835,0.28988980926707275,0.4371295218954894
0,0.10513326752221125,0.2684240529295235,0.13521810328823203,0.17447581846283397
0,0.10513326752221125,0.13292441817190231,0.28419177496751075,0.2756844603482395
0,0.10513326752221125,0.1530901667411508,0.35337546966597333,0.34799688501283155
0,0.10513326752221125,0.1404257387166665,0.3353837932657382,0.5772480833186904
0,0.10513326752221125,0.06609301001502303,0.16837975429209026,0.09068250773240102
0,0.10513326752221125,0.391277295530995,0.3029563709252086,0.30209120060463646
0,0.10513326752221125,0.1329876119865205,0.33303998650537153,0.3653031309283964
0,0.10513326752221125,0.4230901589727783,0.3243270501362543,0.39039610607898145
0,0.10513326752221125,0.25678839477162074,0.14427714934782665,0.23127111211166207
0,0.10513326752221125,0.3806437226033006,0.4035614016786904,0.5108361680183879
0,0.10513326752221125,0.3817743039246166,0.3462835431659923,0.40425480157939747
0,0.10513326752221125,0.35670189799381197,0.3679268388063044,0.6094930895562339
0,0.10513326752221125,0.2259460156256248,0.1153201155827922,0.07344265442702996
0,0.10513326752221125,0.07447637169429587,0.2785885078887523,0.28714564777342516
0,0.10513326752221125,0.08522303053184135,0.38989219639883815,0.5297305487036699
0,0.10513326752221125,0.12715291399633308,0.42662205978734186,0.39248408613592134
0,0.10513326752221125,0.07286232630216545,0.212024105009526,0.19534705748369244
0,0.10513326752221125,0.07419612472693562,0.19608215516294147,0.1875230969005426
0,0.10513326752221125,0.2599145142162234,0.13723079781628836,0.1858427666839896
0,0.10513326752221125,0.21155347358787882,0.18126140880218558,0.23722419552658439
0,0.10513326752221125,0.25950275761361763,0.13510010827547062,0.18921935408479465
0,0.10513326752221125,0.3257420257149766,0.41719651472170644,0.6021201950439407
0,0.10513326752221125,0.2427563597953452,0.08759746926308472,0.039515437514052544
0,0.10513326752221125,0.3311378732583602,0.3394819774178914,0.3815003075270843
0,0.10513326752221125,0.3817643980095103,0.33177562800492116,0.349763314404537
0,0.10513326752221125,0.5234099147828605,0.342855251963987,0.3305479046303691
0,0.10513326752221125,0.39184507395059287,0.352038308689712,0.47874878201303295
0,0.10513326752221125,0.199354393693716,0.3140665886197104,0.3175655253004735
0,0.10513326752221125,0.23227883115865935,0.4200772651409907,0.610869993665988
0,0.10513326752221125,0.24008770182639586,0.0877575355426575,0.06600571972154833
0,0.10513326752221125,0.526901789586556,0.3676273837034925,0.5503260591096791
0,0.10513326752221125,0.2966814899529958,0.3302589475173771,0.49850983526836606
0,0.10513326752221125,0.3414220169115876,0.3369073672797167,0.50752494557125
0,0.10513326752221125,0.37298456147495923,0.3970191390910582,0.45021254918265025
0,0.10513326752221125,0.3055276643830694,0.4376132743548657,0.6342627998787808
0,0.10513326752221125,0.23324474318416244,0.1273095847796671,0.02668044716523093
0,0.10513326752221125,0.686565952774212,0.3894880560577318,0.6001107882867537
0,0.10513326752221125,0.49195547102830434,0.43481927455028185,0.5639474018355597
0,0.10513326752221125,0.22100589699922465,0.10374885389063027,0.06853984873838428
0,0.10513326752221125,0.2585645570785948,0.172919580847576,0.22808714731914267
0,0.10513326752221125,0.3810779727109233,0.3959890811289058,0.47292013321655746
0,0.11495495495495496,0.4177524060822023,0.32409215309481415,0.364941542749901
0,0.11495495495495496,0.6118563247038094,0.4308122209685011,0.6723331228757023
0,0.11495495495495496,0.3304476461561667,0.24744281039372484,0.26656235749806956
0,0.11495495495495496,0.40641924598675205,0.28730971510682873,0.30611898510054253
0,0.11495495495495496,0.3960746269796208,0.2527423911177864,0.28306335184157844
0,0.11495495495495496,0.609007362539525,0.4034193022000564,0.54666886157101
0,0.11495495495495496,0.34733192533536233,0.19362504777724468,0.20160292056358015
0,0.11495495495495496,0.3811917021482213,0.2615219030575978,0.27285921871303664
0,0.10513326752221125,0.2233246164653964,0.09896449585840031,0.020692767606849582
0,0.10513326752221125,0.28460345207543336,0.3129628406809066,0.46143561641851377
0,0.10513326752221125,0.2310469068936168,0.10455737525051999,0.021304080405028354
0,0.10513326752221125,0.24635247910990066,0.13362888142891363,0.04308950276116042
0,0.10513326752221125,0.25682673367555064,0.13294556049302667,0.09320430324539888
0,0.10513326752221125,0.22962950740698143,0.08329238733749292,0.03658025514479597
0,0.11495495495495496,0.18098359230992161,0.23379645572761024,0.2640328272841222
0,0.10513326752221125,0.3085874344681347,0.3963422603823264,0.6117372901400054
0,0.10513326752221125,0.23766061404136662,0.10114743255551051,0.046237531535783395
0,0.10513326752221125,0.23355853849451286,0.3342899389091202,0.43443616210639596
0,0.10513326752221125,0.22054615067926628,0.10912042965573249,0.0619405542580492
0,0.10513326752221125,0.25631761476492076,0.30114473284758075,0.08010224033326185
0,0.10513326752221125,0.39133566023210287,0.36295319080459476,0.24588499541615122
0,0.10513326752221125,0.47445941719369794,0.3958295277346435,0.24588499541615122
0,0.10513326752221125,0.19255362257658346,0.2871011054680218,0.2850612431124434
0,0.10513326752221125,0.24781668263555504,0.2800273311242155,0.12449412879033817
0,0.10513326752221125,0.3001501916428384,0.3832897466438798,0.4600100873765432
0,0.10513326752221125,0.2212739878629074,0.35784134503040016,0.4600100873765432
0,0.10513326752221125,0.19591856201264515,0.28874939239379765,0.1635469415106457
0,0.10513326752221125,0.24263747730221258,0.1305624922450746,0.12948803034589948
0,0.10513326752221125,0.2398022512675186,0.13390691926902867,0.1279030397166551
0,0.11495495495495496,0.6142123121585624,0.5277489136504472,0.6476681198790727
0,0.11495495495495496,0.3889959809499751,0.23622638294962936,0.2607027404990763
0,0.10513326752221125,0.23807118549721462,0.12126468581974896,0.04958919314632402
0,0.11495495495495496,0.6442482979417931,0.3996862841049407,0.5808123479799346
0,0.10513326752221125,0.2612471537555445,0.10940780993208041,0.10118919075811862
0,0.11495495495495496,0.39338706029584175,0.32762808367171803,0.3305707192919729
0,0.10513326752221125,0.3341492777817025,0.30987109769604787,0.40053219817378244
0,0.10513326752221125,0.22231102198129818,0.11048819229323317,0.07385635257921838
0,0.10513326752221125,0.2638684483405108,0.1396430610365561,0.12734118723305993
0,0.10513326752221125,0.30171494366884094,0.3240140089221073,0.4215441425539886
0,0.11495495495495496,0.3887679633861507,0.3096064694542109,0.19602683687358297
0,0.11495495495495496,0.3330879125161024,0.2259733376216075,0.2586199749319075
0,0.10513326752221125,0.39123199942441456,0.3411392368883218,0.4745026764780675
0,0.10513326752221125,0.7885156091006438,0.3596298181157921,0.5105065150362204
0,0.10513326752221125,0.3953551217153242,0.34755294491004873,0.49556467837402757
0,0.10513326752221125,0.22840185427747522,0.07656992525142176,0.0673947518409652
0,0.10513326752221125,0.35784492840897636,0.3169008900345066,0.4189159892632221
0,0.10513326752221125,0.3968104695229915,0.3332841095695596,0.5004714951898142
0,0.11495495495495496,0.33579294314656405,0.16983110782819874,0.245895505728463
0,0.10513326752221125,0.3193612054719997,0.36361991153987727,0.3719060044710898
0,0.10513326752221125,0.22132204807318392,0.09805986906368934,0.020692767606849582
0,0.10513326752221125,0.23202115041375543,0.10445386887615292,0.03441462463353318
0,0.10513326752221125,0.23338753690929293,0.09655077362462952,0.032602316895662405
0,0.10513326752221125,0.38006742740045324,0.33133722063843307,0.32110146409297596
0,0.10513326752221125,0.4264721621281682,0.33490458520129096,0.32110146409297596
0,0.10513326752221125,0.23626980580331336,0.12421813872411354,0.06280877498666054
0,0.11495495495495496,0.3511153061980404,0.19377003928655948,0.24977782836055032
0,0.11495495495495496,0.40971745123527253,0.3143699375839315,0.23230578348187123
0,0.11495495495495496,0.3500950958756658,0.1797226045411767,0.10955181820853944
0,0.11495495495495496,0.351220697322856,0.2001986666713162,0.1377977827732803
0,0.11495495495495496,0.6376361459710652,0.4166678598081725,0.411797085081093
0,0.11495495495495496,0.3967633906022242,0.2684602570231748,0.38654862851273825
0,0.11495495495495496,0.6384080877727996,0.5762234670987293,0.7414480174571024
0,0.11495495495495496,0.34076340033621716,0.19827749956254576,0.33455981754462544
0,0.10513326752221125,0.2266171582010136,0.06747070125564036,0.03085743843912213
0,0.11495495495495496,0.623484471416216,0.5000920710402385,0.7320765287875457
0,0.10513326752221125,0.44755424520772313,0.32847518590560315,0.38318316096864447
0,0.10513326752221125,0.5414577436196538,0.3554454818976139,0.513020374617814
0,0.10513326752221125,0.2752863453164116,0.12776413754750404,0.1012148761439995
0,0.10513326752221125,0.6961222975938488,0.39001573722228977,0.5465743137096493
0,0.10513326752221125,0.2477099990401316,0.11908293634765313,0.07634385710906498
0,0.11495495495495496,0.6441921150254607,0.4677893246949584,0.6161322981374603
0,0.10513326752221125,0.3896615644467383,0.3048504917629959,0.293257315522384
0,0.10513326752221125,0.4116022101941031,0.31937623833610823,0.31744034434978186
0,0.10513326752221125,0.4114686707205613,0.33979382796117763,0.4620886988800808
0,0.10513326752221125,0.23491347837463084,0.11034361011488251,0.13194232001107709
0,0.10513326752221125,0.4156512682608873,0.3307803099172546,0.36275460643828256
0,0.10513326752221125,0.24774239623054983,0.12909648929789144,0.09953819945722066
0,0.10513326752221125,0.24414502855429862,0.23332543061420563,0.10772122373689291
0,0.10513326752221125,0.2279152073005026,0.10142793745039783,0.08103327233871196
0,0.10513326752221125,0.2150379601469237,0.09065437343410573,0.035956732991598656
0,0.10513326752221125,0.40697500897076655,0.3153157750734301,0.35744890321518097
0,0.10513326752221125,0.19539174543366797,0.10484457319501189,0.04356567086231692
0,0.10513326752221125,0.19279451354317267,0.09852785993285267,0.04173687306285847
0,0.10513326752221125,0.19075796936805198,0.09704824332637366,0.07604539724751909
0,0.10513326752221125,0.2438051441910015,0.1671657540498101,0.043024893776347835
0,0.11495495495495496,0.6382029263936988,0.4687847912864553,0.6667618916976166
0,0.10513326752221125,0.22543991682704917,0.14495281711286215,0.1429473650879848
0,0.10513326752221125,0.21195044986045086,0.13572167255972026,0.08396592933061416
0,0.10513326752221125,0.18958408403455285,0.10083988152389659,0.016049478661311872
0,0.10513326752221125,0.191114733056915,0.09666717075863583,0.0404560621717507
0,0.12657130472475075,0.5392294336301559,0.18682155038981746,0.0701002636089081
0,0.12657130472475075,0.2238416710019191,0.1836584263625679,0.30015636226159736
0,0.12657130472475075,0.5563363569956368,0.14706889157878175,0.16286081566283514
0,0.12657130472475075,0.5231399067217225,0.1229607633846536,0.040522193481162434
0,0.12657130472475075,0.5066511236349196,0.21135319306812927,0.0666094395247297
0,0.12657130472475075,0.5716715283683749,0.19975402707107687,0.1648264729836252
0,0.12657130472475075,0.5188985375162641,0.19558646111309172,0.07716402607736234
0,0.12657130472475075,0.24097985846508285,0.15635199928311236,0.05977115132856352
0,0.12657130472475075,0.24418008013225814,0.14791242479621863,0.04528242220761306
0,0.12657130472475075,0.26444234425822616,0.19947703685862267,0.25635921839560466
0,0.12657130472475075,0.22089268669521372,0.25966882244764683,0.4733748570399926
0,0.12657130472475075,0.21633787089149065,0.24728146333927792,0.4790568779833523
0,0.12657130472475075,0.21642098964675166,0.2513727260801064,0.47164497255008664
0,0.12657130472475075,0.5311571232033098,0.25377213401311977,0.10922938779166229
0,0.12657130472475075,0.5134076686266048,0.18910391467145404,0.05765482045557756
0,0.12657130472475075,0.2385877674024029,0.14022162249384484,0.04234524058111392
0,0.12657130472475075,0.6126929025386972,0.40655365182361203,0.26776186010635666
0,0.11495495495495496,0.30585256917775006,0.17511496184628925,0.1218666935134899
0,0.10513326752221125,0.4614425656008464,0.29836522718639313,0.33578530356509223
0,0.10513326752221125,0.4023999284778504,0.30620747625655936,0.30373935378715927
0,0.10513326752221125,0.2833357049329279,0.10166547394017457,0.026607538617728525
0,0.10513326752221125,0.6475065604819553,0.29553432283093023,0.1262659584066501
0,0.10513326752221125,0.3243681193204075,0.32102408582186504,0.12668894309848674
0,0.10513326752221125,0.31429379515858774,0.11264090168247604,0.029017618884166922
0,0.10513326752221125,0.4911585265624951,0.30112535934750745,0.299460700663781
0,0.10513326752221125,0.2799433668447666,0.12322662451444834,0.029079350369550585
0,0.10513326752221125,0.47680367928042494,0.2924701721099243,0.2837722542905931
0,0.10513326752221125,0.3371825271840876,0.21500417657211393,0.11779575284276778
0,0.10513326752221125,0.27722420943329495,0.11756820914998037,0.02873455872601732
0,0.10513326752221125,0.3083221930330793,0.16538974147268937,0.07195120704778556
0,0.10513326752221125,0.36700493915681365,0.23735562587889047,0.23640875958262428
0,0.10513326752221125,0.4292699781801309,0.2912374643560416,0.2837722542905931
0,0.12657130472475075,0.21616628888459877,0.2062981959629897,0.1823579275023498
0,0.12657130472475075,0.5638773366212617,0.41787933735410127,0.5632684521946021
0,0.12657130472475075,0.2501962625674517,0.2267385094880677,0.3239006318416891
0,0.12657130472475075,0.22422188428423737,0.1829885420797247,0.1433578194930716
0,0.12657130472475075,0.2399264423802545,0.20688012918763887,0.31502648719838744
0,0.12657130472475075,0.5247941011447481,0.24159978177265787,0.24149646278432726
0,0.12657130472475075,0.21043342043378643,0.17431431957392818,0.19797320257349266
0,0.12657130472475075,0.2350045483348788,0.15430463826446758,0.043946969502198834
0,0.10513326752221125,0.34692310911628593,0.33390207397843163,0.3898219751335514
0,0.10513326752221125,0.27274209813155537,0.12233849631707697,0.0761031689751927
0,0.10513326752221125,0.2726498779723347,0.10838046890166121,0.04588869659008874
0,0.10513326752221125,0.29909472306279394,0.14655638750809874,0.0928333818989014
0,0.10513326752221125,0.36329188077264696,0.3393615993354418,0.35398037116676206
0,0.12657130472475075,0.5419857195778018,0.39281500517868045,0.5828193311606555
0,0.12657130472475075,0.21060201996697456,0.17551020934391592,0.1533744430927707
0,0.12657130472475075,0.20403639502031481,0.18198958009237348,0.17165537876598205
0,0.12657130472475075,0.20344575057061026,0.1879681510292256,0.16854790513282575
0,0.12657130472475075,0.510740194337353,0.25214421039598667,0.21507026215087352
0,0.12657130472475075,0.5097163177931495,0.2482478301318373,0.25616179280585816
0,0.12657130472475075,0.5193219415174405,0.25899414564490075,0.2675844512749347
0,0.12657130472475075,0.5097060502178523,0.2606910431769309,0.278963559472117
0,0.12657130472475075,0.5866574293249925,0.4276789622744733,0.5706797009652144
0,0.12657130472475075,0.5218223383191528,0.24484144578063916,0.22751875002979485
0,0.12657130472475075,0.5108369088469898,0.24470148514955334,0.26625019095023844
0,0.12657130472475075,0.2243049021299032,0.17932809019175633,0.16910904276725724
0,0.12657130472475075,0.5684816620466128,0.3771940991322284,0.5235979882566341
0,0.12657130472475075,0.5396905183802694,0.23652330195648147,0.05895976092981621
0,0.12657130472475075,0.5312339562797479,0.234441601794676,0.24047228773804322
0,0.12657130472475075,0.5906989588093494,0.4479792501174092,0.6043886371330244
0,0.12657130472475075,0.6224970799929954,0.41042312506553763,0.4862427365127347
0,0.12657130472475075,0.5910898413736826,0.3643894732374639,0.21068208307007774
0,0.12657130472475075,0.5992421231822381,0.36174659027653455,0.44804495647534737
0,0.12657130472475075,0.5917379648569377,0.35662479427253074,0.21068208307007774
0,0.12657130472475075,0.6155801849935029,0.3407536558549383,0.4741293461644108
0,0.12657130472475075,0.6109478818337266,0.3546738892148859,0.48445186214456903
0,0.12657130472475075,0.6104005514564619,0.3546738892148859,0.48445186214456903
0,0.12657130472475075,0.6064805373160582,0.3579049966372531,0.4869895597039641
0,0.10513326752221125,0.32638077558464007,0.20395786225400853,0.22272164778434367
0,0.10513326752221125,0.6422078127606754,0.34193942952618295,0.5364191254814898
0,0.10513326752221125,0.2908781215936885,0.1282683511187154,0.04068908330247713
0,0.10513326752221125,0.2816881633360768,0.10173069249054731,0.04661740039779022
0,0.10513326752221125,0.28382508358361896,0.10369737938057175,0.04854551323267568
0,0.10513326752221125,0.5343191945457104,0.3105701036356,0.3300032882239221
0,0.10513326752221125,0.32369046864847206,0.20083142264932463,0.09394412087386995
0,0.10513326752221125,0.4043458321751659,0.31538386905668875,0.37036811686586174
0,0.10513326752221125,0.2849819787106883,0.0832978006736658,0.017505214476895754
0,0.10513326752221125,0.2737870984883187,0.13324770205410033,0.04501397695102593
0,0.10513326752221125,0.31621657626262023,0.18293366421598803,0.11933511137361728
0,0.10513326752221125,0.49947090019228957,0.34460290104411123,0.43590592551987134
0,0.10513326752221125,0.4816185540965362,0.335107841880877,0.4582122221733434
0,0.10513326752221125,0.4935211129695376,0.32008458885746327,0.33778452566475065
0,0.10513326752221125,0.37489942369591156,0.3458100248826137,0.37856335407908587
0,0.10513326752221125,0.34152811295344,0.27549138208538343,0.17948401997670016
0,0.10513326752221125,0.29197043065267814,0.11309655446096994,0.036773200226970996
0,0.10513326752221125,0.5447236970349556,0.32606762199643213,0.2155582673540619
0,0.10513326752221125,0.775294219213921,0.47508357152565006,0.505637185914436
0,0.10513326752221125,0.34300674201590425,0.26675146751918394,0.13342005329909934
0,0.10513326752221125,0.3442325237252848,0.24340981812772747,0.2622447680297966
0,0.10513326752221125,0.4291271223723214,0.3095304445526808,0.35107801126149374
0,0.10513326752221125,0.3551277617464538,0.22063555443910615,0.14545113114852998
0,0.10513326752221125,0.28942652436705313,0.08838075632162078,0.01527288614055937
0,0.10513326752221125,0.3639171997710573,0.33690227617229307,0.24004756161147447
0,0.10513326752221125,0.45811134720795454,0.2906941074695853,0.23273164747341266
0,0.12657130472475075,0.27748064255277455,0.18408207277940786,0.09199377229137175
0,0.12657130472475075,0.3065920354733219,0.2249087007062453,0.20295453166049662
0,0.12657130472475075,0.5729018425882043,0.41573141670546465,0.5970290812170805
0,0.12657130472475075,0.2255508702855382,0.1801497055208972,0.1732086852173334
0,0.12657130472475075,0.5738796766952134,0.4248839580847797,0.5970290812170805
0,0.12657130472475075,0.5684371608279151,0.44398994035111544,0.6722360275262252
0,0.12657130472475075,0.5188669493164038,0.24719722968976882,0.21007865359367808
0,0.12657130472475075,0.5487261283527932,0.2063048831841757,0.057135787539520026
0,0.12657130472475075,0.589842404509679,0.4623489634723763,0.5239005909937646
0,0.12657130472475075,0.22430000194250851,0.19882979995433386,0.09318683048842469
0,0.12657130472475075,0.551623195834674,0.2043211903579692,0.054806468680860566
0,0.12657130472475075,0.23443599446110377,0.1788864134384332,0.05568403995572266
0,0.12657130472475075,0.5548950813993572,0.21335413719458926,0.054806468680860566
0,0.12657130472475075,0.5707329478644104,0.21309856312607117,0.18510023065425513
0,0.12657130472475075,0.24283814607515417,0.17601764957983773,0.17039892712176846
0,0.10513326752221125,0.282513185044195,0.15368213901556957,0.11397877907922202
0,0.10513326752221125,0.30636649507413966,0.20957400042616872,0.19119354917619213
0,0.10513326752221125,0.3355369322915943,0.19721870868386204,0.2529543766769901
0,0.10513326752221125,0.3099442853751937,0.08818539427602487,0.025881248793741346
0,0.10513326752221125,0.3532581088677493,0.19762055922678526,0.06072595157548147
0,0.10513326752221125,0.3691090546648161,0.295498573238979,0.16144223462125912
0,0.12657130472475075,0.2936176154579183,0.24680735679933447,0.24647415177138007
0,0.12657130472475075,0.26605853031600774,0.1948468666396666,0.12046923196373356
0,0.12657130472475075,0.2699930627839432,0.2131104454468246,0.11931118448601347
0,0.10513326752221125,0.30812833669173434,0.08553210428772487,0.03943293730876833
0,0.10513326752221125,0.41718338989640696,0.31793830361937964,0.37065745686447227
0,0.11495495495495496,0.4442257673342613,0.297908557583211,0.5362672113350098
0,0.10513326752221125,0.5094362742730838,0.35154069598675813,0.21382787656026087
0,0.10513326752221125,0.49962980587146705,0.35258138437366926,0.2843305449835381
0,0.10513326752221125,0.3135861844536521,0.2501869228541238,0.34983874577780244
0,0.10513326752221125,0.3141235650484141,0.21101718225846902,0.1308830597762416
0,0.10513326752221125,0.3249630669841253,0.2019394507498307,0.2540043465811748
0,0.10513326752221125,0.32378330414260653,0.1853944722818487,0.24493210521219275
0,0.10513326752221125,0.5208219988398476,0.3271716778228853,0.3524829519366086
0,0.10513326752221125,0.3117243134524592,0.1726079226477874,0.27354751489781265
0,0.10513326752221125,0.42339386046159444,0.3406483368302051,0.5164347705363277
0,0.10513326752221125,0.30093699352954584,0.16567604072844194,0.2820962306407234
0,0.10513326752221125,0.5052353627370495,0.28546246833840117,0.33290881964841973
0,0.10513326752221125,0.5272585816973249,0.2878632255506791,0.40331830394560136
0,0.10513326752221125,0.28876254353812425,0.11969229689379932,0.20707498138976813
0,0.10513326752221125,0.41849515659331904,0.2983267210316353,0.5710330299812614
0,0.10513326752221125,0.3009922965058171,0.13663178235647702,0.17563213825561397
0,0.10513326752221125,0.28067898087932064,0.1260143815182211,0.2062835253564399
0,0.10513326752221125,0.2752094782018864,0.11694167807331081,0.19875336655312517
0,0.11495495495495496,0.6486885658750434,0.33633837102584757,0.4387879874554626
0,0.12657130472475075,0.5947095879294176,0.275654357526924,0.4575667900314041
0,0.12657130472475075,0.6396952208521216,0.25972252434986287,0.22509209402828037
0,0.12657130472475075,0.6019782577059485,0.21714268838713655,0.18793967978945816
0,0.12657130472475075,0.6607942410462049,0.33410582175654024,0.217264976376569
0,0.12657130472475075,0.6751687611445844,0.37145360788264226,0.23470883679811166
0,0.12657130472475075,0.631246078409295,0.4078815105876651,0.5125428916798959
0,0.12657130472475075,0.2744940452133352,0.17126963063756562,0.14964074347601644
0,0.12657130472475075,0.28226823412475865,0.2152417107195132,0.31754393367662354
0,0.12657130472475075,0.6280519454964463,0.42174887151649615,0.49543049998933963
0,0.12657130472475075,0.2827357105374589,0.2021259224867544,0.1554685643716119
0,0.12657130472475075,0.3078506402445501,0.2106956110754277,0.12142527246568727
0,0.12657130472475075,0.2874926313996072,0.2038368331586608,0.16395250821633794
0,0.12657130472475075,0.6206021259525931,0.2483676914675331,0.1940705038080759
0,0.12657130472475075,0.6442626193602169,0.2442551217097794,0.12914417150569404
0,0.12657130472475075,0.5803959873564871,0.2064710319278436,0.1876652522740509
0,0.12657130472475075,0.24797116111483397,0.1736275956897625,0.16192995665868218
0,0.12657130472475075,0.5694870044484127,0.21224147642805383,0.17148560873138646
0,0.12657130472475075,0.5683302747294345,0.21159383847559415,0.161104327162997
0,0.12657130472475075,0.6176295088424597,0.35721862710098795,0.5024274517207271
0,0.12657130472475075,0.5702996671161581,0.20563786052435148,0.18510023065425513
0,0.12657130472475075,0.5930939250282372,0.21465362664549983,0.12931345514493425
0,0.12657130472475075,0.6075910375584513,0.22031854539277496,0.09803565998944981
0,0.12657130472475075,0.6191884980042152,0.21376482969580754,0.1004106777143079
0,0.12657130472475075,0.5858336474547216,0.21616566902774248,0.25887625216933075
0,0.12657130472475075,0.6207393335809835,0.36175839900567225,0.590363254187205
0,0.12657130472475075,0.25528997149740207,0.17215887794418622,0.17039892712176846
0,0.12657130472475075,0.2586296870785997,0.15959107809876766,0.1386086546673541
0,0.12657130472475075,0.6340942216590135,0.3957999321855246,0.5996754593135197
0,0.12657130472475075,0.2592206222137651,0.20105011523121052,0.15826806765331342
0,0.12657130472475075,0.6259636273039486,0.36311752292013155,0.506341410965984
0,0.12657130472475075,0.3051186096001009,0.25755418414555825,0.36565901659002625
0,0.12657130472475075,0.6400531505400289,0.3783145881165156,0.40443900438195785
0,0.12657130472475075,0.5945080415623228,0.21068272078859435,0.11315321892839592
0,0.12657130472475075,0.6536140638835735,0.38691626233174164,0.40443900438195785
0,0.12657130472475075,0.5810058296647951,0.21236222393407175,0.16206612084191602
0,0.12657130472475075,0.6391379688248595,0.38586438307335136,0.40443900438195785
0,0.12657130472475075,0.648351885894003,0.40449336919771767,0.37656393649059616
0,0.12657130472475075,0.3198426188920516,0.22448228154824584,0.21584545226877327
0,0.12657130472475075,0.29909841668044873,0.24698992248365984,0.23386719462367406
0,0.12657130472475075,0.6114601521626023,0.20528532295547988,0.07958663339315412
0,0.12657130472475075,0.2726445709119941,0.1860224704309691,0.09136167977089349
0,0.12657130472475075,0.6538256261837664,0.231150589963477,0.09109097418883176
0,0.12657130472475075,0.6518888153899379,0.23958154399530374,0.09109097418883176
0,0.12657130472475075,0.25388568395975125,0.17175537209875735,0.1542591982562117
0,0.12657130472475075,0.6371060576711401,0.40718801483466466,0.5996754593135197
0,0.12657130472475075,0.28460498423800407,0.2514500197805304,0.3673821562246629
0,0.12657130472475075,0.30028484037987757,0.19011764238320822,0.08626208698828132
0,0.12657130472475075,0.2956756066411974,0.19566691024175642,0.08930712409898858
0,0.12657130472475075,0.6744702790288033,0.29618762973636037,0.25968352706933945
0,0.12657130472475075,0.6436008201437121,0.21652912268872737,0.08172309886235907
0,0.12657130472475075,0.6423409755450116,0.2151880554033445,0.08172309886235907
0,0.12657130472475075,0.676902654265948,0.2979265552173508,0.25968352706933945
0,0.12657130472475075,0.6719117228932449,0.23718019099855236,0.3319342715485578
0,0.12657130472475075,0.35205284517874924,0.2553259048108257,0.21311351903171055
0,0.12657130472475075,0.2888016918957388,0.24752249024017212,0.23090267630461128
0,0.12657130472475075,0.30944849359908305,0.26090296503723875,0.28371038931019843
0,0.12657130472475075,0.3765336726821077,0.27398579427064634,0.4263720736084233
0,0.12657130472475075,0.3643009629249052,0.24389572764430034,0.28451556045493726
0,0.12657130472475075,0.39479200964635036,0.26042872090500996,0.27698933690204847
0,0.12657130472475075,0.7029932019129312,0.29180426126544573,0.12853019843417413
0,0.12657130472475075,0.37373037400771547,0.2756305831745022,0.18740166082779733
0,0.12657130472475075,0.7211522597643474,0.4287202044591809,0.393266000224577
0,0.12657130472475075,0.35687824962633535,0.23341306058371233,0.09247936022510518
0,0.12657130472475075,0.36821884429138674,0.28433153986089876,0.19925465841763731
0,0.12657130472475075,0.3805484147814632,0.27205974722019893,0.14243362004074903
0,0.12657130472475075,0.38379600221437365,0.27796441006409717,0.14243362004074903
0,0.12657130472475075,0.4143029888882351,0.27458303038416404,0.17826922917737353
0,0.12657130472475075,0.4140103146835029,0.17530344836343903,0.06753645764788398
0,0.12657130472475075,0.41321269447793146,0.17520532936253508,0.06535660908121979
0,0.12657130472475075,0.41388731653924826,0.17464094013905485,0.08490924080103128
0,0.12657130472475075,0.41494111480952756,0.17584531324849412,0.07391505708649472
0,0.12657130472475075,0.41920603746408786,0.17941237809347585,0.07889536998380019
0,0.12657130472475075,0.7526022679004836,0.27104072211962726,0.2901729980577472
0,0.12657130472475075,0.49924131692499085,0.24126781670580583,0.28676672661921015
0,0.12657130472475075,0.48095969121245175,0.24220144036287847,0.3650466022167295
0,0.12657130472475075,0.48766880864524204,0.23917258229858254,0.29802636061861326
0,0.12657130472475075,0.6494174757343377,0.3194601219928448,0.24277398621313184
0,0.12657130472475075,0.7133566686314139,0.2704129096869113,0.11911958784690675
0,0.12657130472475075,0.7054981792095899,0.25890540942290563,0.14351856509465535
0,0.12657130472475075,0.3748578030548048,0.2203551296423601,0.11626461643844378
0,0.12657130472475075,0.3670989467596455,0.22466236435557138,0.09222172029933991
0,0.12657130472475075,0.3754595431079106,0.21938341420217394,0.11626461643844378
0,0.12657130472475075,0.41032995742125744,0.18737426364050314,0.10013112612363688
0,0.12657130472475075,0.4090295924147545,0.18236441129320544,0.08992553594419006
0,0.12657130472475075,0.4511271921153343,0.260781010794598,0.25437193899984745
0,0.12657130472475075,0.7309801997460821,0.2414500193753939,0.11047910728697369
0,0.12657130472475075,0.7331058205118208,0.2508714070333308,0.11047910728697369
0,0.12657130472475075,0.7651919729846001,0.374073829988499,0.34509453177739075
0,0.12657130472475075,0.7740516598543558,0.39329434702685095,0.3567458325136304
0,0.12657130472475075,0.3893353322215385,0.23661351939131486,0.10980121951528572
0,0.12657130472475075,0.7235848651853738,0.265966420893909,0.11873742619013132
0,0.12657130472475075,0.4413570836537121,0.15944597072353225,0.17643310634468556
0,0.12657130472475075,0.7440131911080036,0.23998393611202606,0.1360629086862605
0,0.12657130472475075,0.4297871507912519,0.18563509229496772,0.16849634674779196
0,0.12657130472475075,0.7412627886786638,0.2427833166251691,0.15346158017652214
0,0.12657130472475075,0.43236678639827913,0.18578412723506596,0.1592732894333981
0,0.12657130472475075,0.7441810427739349,0.24482346263541474,0.13489976273615978
0,0.12657130472475075,0.7492762528527523,0.23935452815614422,0.11623159621253734
0,0.12657130472475075,0.4483347605820053,0.1668101539536871,0.07410846473250919
0,0.12657130472475075,0.42548192410740004,0.17868954964428962,0.07389783713392777
0,0.12657130472475075,0.425585375278148,0.17185586430182043,0.07389783713392777
0,0.12657130472475075,0.740751296665468,0.2459759279005124,0.13725982828022568
0,0.12657130472475075,0.44931296294633793,0.174968616157974,0.11934307290360452
0,0.12657130472475075,0.4505612385450077,0.1726228287640515,0.1415253551624067
0,0.12657130472475075,0.78158222541377,0.3425960106895084,0.5855314547310418
0,0.12657130472475075,0.78506625538914,0.3401559741823795,0.5495997959877643
0,0.12657130472475075,0.7931272378451931,0.3475822503734137,0.5524921613963788
0,0.12657130472475075,0.7952578551281052,0.3477755505343,0.5852426290636072
0,0.12657130472475075,0.46575592939476823,0.17019731364949003,0.1808968080423906
0,0.12657130472475075,0.7883577240407306,0.26473808961258044,0.2513547268812503
0,0.12657130472475075,0.7877386016139099,0.28288748056320245,0.25981725488306084
0,0.12657130472475075,0.8010678369637102,0.30906833924560434,0.30176641891245276
0,0.12657130472475075,0.5295928492447518,0.2283536576589392,0.06987412677050711
0,0.12657130472475075,0.5603473732116282,0.2266780614416231,0.08456034112865843
0,0.12657130472475075,0.8307730771396421,0.30520498405749696,0.20454950137022535
0,0.12657130472475075,0.8331543137733387,0.3031622018083963,0.18113054725692593
0,0.12657130472475075,0.5726303852647388,0.2194514164138037,0.09502775254904947
0,0.12657130472475075,0.8482029331215051,0.30615720397885043,0.23811201979647634
0,0.12657130472475075,0.5898534392741643,0.23902340213099024,0.14798827291333852
0,0.12657130472475075,0.8658792007612723,0.325789161608778,0.3705925258247959
0,0.12657130472475075,0.18841846825417866,0.16313535721060327,0.09280862688891107
0,0.10513326752221125,0.5961689828431371,0.18348230230085966,0.16597111764460706
0,0.10513326752221125,0.5946447115744888,0.1711761056348954,0.05319643542155366
0,0.12657130472475075,0.09284835861373923,0.08358804547465505,0.03877058823784457
0,0.10513326752221125,0.5733566792685701,0.1776291905719613,0.0697989387009848
0,0.10513326752221125,0.5713330259539262,0.20459774170536288,0.061729480748571736
0,0.10513326752221125,0.510709047767864,0.15906129216149995,0.3318348175235223
0,0.12657130472475075,0.09374076222335759,0.06939226934103299,0.049898955239435695
0,0.12657130472475075,0.09423777493106279,0.06132806994797736,0.04768708468987684
0,0.10513326752221125,0.5707374448072827,0.17920244491692935,0.15482253807630514
0,0.10513326752221125,0.5111861729260997,0.1652587782261054,0.2630763059750699
0,0.10513326752221125,0.5103076376665553,0.2468020910475388,0.3524751962941796
0,0.10513326752221125,0.6275448449974521,0.16014925010620468,0.09527393894899998
0,0.10513326752221125,0.578508063217733,0.16449750503235303,0.15663485703613103
0,0.10513326752221125,0.5310524011664476,0.23245958030570163,0.3206354975406346
0,0.10513326752221125,0.5492250321541118,0.1928855128511532,0.058787097418649376
0,0.10513326752221125,0.5532656577975813,0.1807482317175342,0.062125583705457926
0,0.12657130472475075,0.20722549773573723,0.1276625055028437,0.10804247662327152
0,0.10513326752221125,0.5540909777013234,0.19454049217122296,0.048538422413651416
0,0.12657130472475075,0.3542438988506213,0.15564513491991247,0.1760148408083646
0,0.12657130472475075,0.3606222155181638,0.15651906920856962,0.15341960142551686
0,0.12657130472475075,0.17564867407280346,0.14000542380205772,0.05068449495088543
0,0.12657130472475075,0.46022984644762893,0.1768399615804311,0.08245676496456564
0,0.12657130472475075,0.33856360596049717,0.16132155105212628,0.09007938910157218
0,0.12657130472475075,0.4258661501488903,0.3180170234859157,0.015378782727288131
0,0.11726595400064788,0.3450091535257919,0.2421839312356532,0.2967610361469396
0,0.12657130472475075,0.3573302506019905,0.17898556866243137,0.012517254711470782
0,0.12657130472475075,0.2842194789727907,0.4049744780729421,0.14929219507984898
0,0.12657130472475075,0.3963180694005977,0.23112658579679013,0.16377476747612107
0,0.12657130472475075,0.4724087511689573,0.3712608961473325,0.3684307381117081
0,0.12657130472475075,0.4341999483490244,0.2793066686550646,0.11266398156294177
0,0.12657130472475075,0.36736217799951715,0.17573549712197387,0.05607220329168942
0,0.11726595400064788,0.4111787857550421,0.45927659445626695,0.6313697147542042
0,0.12657130472475075,0.39161341610748185,0.2216806295940222,0.0351063235724832
0,0.12657130472475075,0.40517375040772086,0.26229924580459923,0.014144569473081601
0,0.12657130472475075,0.2149124127368465,0.25401469322632664,0.01663165868763933
0,0.12657130472475075,0.4293720752276927,0.27111702601527465,0.11241881558637713
0,0.12657130472475075,0.22545792436193998,0.2390282557490402,0.13158899558252085
0,0.12657130472475075,0.2401696634774298,0.29880456115485976,0.2635768427548803
0,0.12657130472475075,0.21296632087556946,0.18092029948054963,0.0527913452909313
0,0.12657130472475075,0.3813816093872363,0.17320156433274875,0.0381945474543002
0,0.12657130472475075,0.21828118598985868,0.3116427183149894,0.18226082874017466
0,0.12657130472475075,0.4492430803900445,0.4104819423348352,0.17682005821475547
0,0.12657130472475075,0.2585801666745636,0.3524178433612004,0.1593449789476243
0,0.12657130472475075,0.21748458760825298,0.22512869073628264,0.16981203355898972
0,0.12657130472475075,0.20063533407713288,0.18914541405702986,0.08359172393689411
0,0.12657130472475075,0.3047774155245918,0.1562542560080898,0.05855705858623681
0,0.12657130472475075,0.407380003297618,0.3142177537532349,0.09166479447616302
0,0.12657130472475075,0.2480909385268291,0.349793367446255,0.14071451620739078
0,0.12657130472475075,0.222499753729904,0.20320749335132302,0.17009139754884875
0,0.12657130472475075,0.19359599099633734,0.13568130758503777,0.17751156493261958
0,0.12657130472475075,0.19685408985429037,0.1299065763410675,0.1433024211566851
0,0.12657130472475075,0.20617448209572806,0.13474154430915894,0.10512839749124252
0,0.12657130472475075,0.20864143534798066,0.13833423740071588,0.10512839749124252
0,0.12657130472475075,0.20729898180145728,0.14258934363759349,0.09187352531961644
0,0.12657130472475075,0.209879038544189,0.1741889718797819,0.18879061211965667
0,0.12657130472475075,0.2103901363752863,0.13565157542280895,0.11365119228201585
0,0.12657130472475075,0.21441919535024245,0.15901237811417818,0.18857425598476205
0,0.12657130472475075,0.2118549069287955,0.17501739591093338,0.24067431004410744
0,0.12657130472475075,0.21393288221238482,0.16607241928898475,0.16652383008637414
0,0.12657130472475075,0.2128330911191366,0.18369688598038286,0.20390664857759294
0,0.12657130472475075,0.2101995133668912,0.13475809823069987,0.11365119228201585
0,0.12657130472475075,0.2101469437560875,0.13475809823069987,0.11365119228201585
0,0.12657130472475075,0.21154689494064743,0.14079594865867776,0.10412054419460993
0,0.12657130472475075,0.21743243438481527,0.15717254615934032,0.18857425598476205
0,0.12657130472475075,0.21725804896664744,0.16181502773979944,0.17554569951640797
0,0.12657130472475075,0.2146497998489107,0.18341799249572538,0.24067431004410744
0,0.12657130472475075,0.2145194481235905,0.17691114514960307,0.17594508014030888
0,0.12657130472475075,0.21476813890906982,0.18295672899845938,0.20390664857759294
0,0.12657130472475075,0.21500922231832617,0.17900367550561677,0.17594508014030888
0,0.12657130472475075,0.20738720475789446,0.1469276911723467,0.09094382317527851
0,0.12657130472475075,0.3912813031916956,0.3335648565923626,0.4607542123996183
0,0.12657130472475075,0.3996067501020862,0.3171015483873632,0.46612876909794826
0,0.12657130472475075,0.19040492316667523,0.14108626833064247,0.13629485029220287
0,0.12657130472475075,0.40010589384092543,0.34293272703779853,0.4414622703468347
0,0.12657130472475075,0.21132016125397937,0.13868428232373795,0.10412054419460993
0,0.12657130472475075,0.21958039599658916,0.16417597530666136,0.18857425598476205
0,0.12657130472475075,0.2219523770799634,0.1836424789874509,0.18831538116422417
0,0.12657130472475075,0.2192371418907928,0.18468198890806975,0.24067431004410744
0,0.12657130472475075,0.20700508155957625,0.12652900959075314,0.10804247662327152
0,0.12657130472475075,0.21398007723250584,0.146429304059684,0.1537072577054007
0,0.12657130472475075,0.2181528314089781,0.15608586516085818,0.18857425598476205
0,0.12657130472475075,0.2213159702548822,0.17563340587076684,0.18857425598476205
0,0.12657130472475075,0.21304357662001577,0.14282819383633402,0.10412054419460993
0,0.12657130472475075,0.2156475715036565,0.1571268276951609,0.16704734055489084
0,0.12657130472475075,0.2236461459134454,0.18840328420633043,0.17554569951640797
0,0.12657130472475075,0.21283076987289323,0.1425642915993962,0.10412054419460993
0,0.12657130472475075,0.21337660484966978,0.14682655274863762,0.10412054419460993
0,0.12657130472475075,0.21446723350240512,0.14851457587239467,0.10412054419460993
0,0.12657130472475075,0.21553173142300383,0.16048911966332396,0.1585459949646036
0,0.12657130472475075,0.21343729615300455,0.1464862787567151,0.09844317340601699
0,0.12657130472475075,0.2116089204900813,0.14257041334628992,0.09844317340601699
0,0.12657130472475075,0.21131605363347186,0.16163083179169388,0.1279320384450726
0,0.12657130472475075,0.20869780250987308,0.152085087028387,0.09094382317527851
0,0.12657130472475075,0.21129620500204996,0.15819978892503,0.1455553568299429
0,0.12657130472475075,0.2163711449817716,0.1701804818331164,0.16652383008637414
0,0.12657130472475075,0.21629735935337496,0.18394650310687158,0.24067431004410744
0,0.12657130472475075,0.2196583063123141,0.20254097840492857,0.24067431004410744
0,0.12657130472475075,0.21485032151052902,0.16944325098463422,0.18831538116422417
0,0.12657130472475075,0.21561355981004146,0.16929975190780414,0.18831538116422417
0,0.12657130472475075,0.21987009118024028,0.1978895654916868,0.19766036645396323
0,0.12657130472475075,0.219644335689873,0.1876238756858991,0.19766036645396323
0,0.12657130472475075,0.21783748171751677,0.18629936466412733,0.24067431004410744
0,0.12657130472475075,0.2175058773763542,0.18629936466412733,0.24067431004410744
0,0.12657130472475075,0.21700522495514954,0.16735306394379418,0.18831538116422417
0,0.12657130472475075,0.21896472002360223,0.16499339172028124,0.17554569951640797
0,0.12657130472475075,0.21534796383498378,0.16358892320935908,0.14721568506198415
0,0.12657130472475075,0.21508646852236557,0.15391052639480957,0.14576600625495104
0,0.12657130472475075,0.2156309249246712,0.18660085306068297,0.24067431004410744
0,0.12657130472475075,0.21568975714230662,0.18457177490394497,0.24067431004410744
0,0.12657130472475075,0.21574587000628398,0.18660085306068297,0.24067431004410744
0,0.12657130472475075,0.2155310726096793,0.166879319260055,0.13940360360754417
0,0.12657130472475075,0.21481995493764675,0.1845037859514531,0.17195427665919003
0,0.12657130472475075,0.21360519365672906,0.17796499873723226,0.13552494003837762
0,0.12657130472475075,0.21492742175270235,0.1845037859514531,0.17195427665919003
0,0.12657130472475075,0.21325985325068608,0.1763323143446598,0.15829680519934033
0,0.12657130472475075,0.20179630839990279,0.15960069979136485,0.11144807836831434
0,0.12657130472475075,0.21511994095406156,0.16528644092177608,0.13940360360754417
0,0.12657130472475075,0.21278057122709884,0.1523372945607593,0.08581734230329752
0,0.12657130472475075,0.20831674318363247,0.1622324002335062,0.12961932625042008
0,0.12657130472475075,0.208202553443704,0.16159119275563036,0.10741741067488694
0,0.12657130472475075,0.20587597304840438,0.15623603251028556,0.09465774336631794
0,0.12657130472475075,0.20587121960132507,0.15782175978839935,0.10765109018486352
0,0.12657130472475075,0.21256137046387402,0.15059674733325776,0.09094382317527851
0,0.12657130472475075,0.39053812898556217,0.3274654606427758,0.4494899785880989
0,0.12657130472475075,0.40350391297247856,0.4281810065385841,0.6109533987437938
0,0.12657130472475075,0.4233737772564121,0.4019064369807327,0.5329127014135747
0,0.12657130472475075,0.20361732080725053,0.12168528468279638,0.05481224097633676
0,0.12657130472475075,0.37708881792892385,0.2522176294222618,0.4701366813053717
0,0.12657130472475075,0.35677541632775694,0.2753757183437981,0.30851171584517667
0,0.12657130472475075,0.32177862146517927,0.19861040037056416,0.1035538276863013
0,0.12657130472475075,0.31799300043382767,0.1876721956521575,0.11682715119498678
0,0.12657130472475075,0.2177288745456193,0.2545172139705817,0.3819871609044222
0,0.12657130472475075,0.20845063613871262,0.14646803696983468,0.1392415159806692
0,0.12657130472475075,0.27850042918040213,0.44503049407788636,0.545042586431943
0,0.12657130472475075,0.2776046665561853,0.4359262631577121,0.544709903824844
0,0.12657130472475075,0.23106848289167498,0.27679181582655954,0.5097041182370473
0,0.12657130472475075,0.3716853779217434,0.23579153993467217,0.38275541533336976
0,0.12657130472475075,0.24573672941640273,0.3854431806589301,0.6738156481548692
0,0.12657130472475075,0.18603269949601728,0.15952425070600484,0.11230666190384563
0,0.12657130472475075,0.22214539445599357,0.2743527260963739,0.5151537555610297
0,0.12657130472475075,0.22099923819908068,0.28772964594859746,0.5316801505896991
0,0.12657130472475075,0.22751153148608547,0.35086885567055587,0.4831608988596132
0,0.12657130472475075,0.21287821593793066,0.27443921436285285,0.36372163229911086
0,0.12657130472475075,0.3826229591187201,0.33409127937145755,0.411231695471786
0,0.12657130472475075,0.16840610886742688,0.19826338513864972,0.15896486107618038
0,0.12657130472475075,0.1978173997472554,0.13972592337477252,0.02764778494655277
0,0.11939375193318899,0.5419192850539998,0.25576942965699934,0.12475992784266064
0,0.12657130472475075,0.18792875840461748,0.16411079906877424,0.13153183903803872
0,0.12657130472475075,0.22740800106256817,0.2812526870154175,0.4906907192555968
0,0.12657130472475075,0.175278057329138,0.18973645953028545,0.1481498849777372
0,0.12657130472475075,0.18226354106623827,0.18061722731816518,0.1887395614333158
0,0.12657130472475075,0.42468020521890304,0.3707417054965651,0.6280878188531372
0,0.12657130472475075,0.1923419450086671,0.19548961130480216,0.18034556300500393
0,0.12657130472475075,0.4198152691641879,0.32122771896444957,0.5394527601851703
0,0.11939375193318899,0.8285719154116845,0.35797106853377086,0.13183992569913322
0,0.11939375193318899,0.42520445637980625,0.1190809424143503,0.15073848709743343
0,0.11939375193318899,0.41930726395893125,0.10499146850527459,0.14659070515669612
0,0.10513326752221125,0.34073039304263997,0.20971176437422276,0.36166807305891285
0,0.10513326752221125,0.5744520807063395,0.22685750780114916,0.21217548890140608
0,0.10513326752221125,0.3490608323866084,0.2139458576238195,0.3492796981843932
0,0.10513326752221125,0.37684684803666146,0.19327243958574353,0.23329269285777265
0,0.11939375193318899,0.43108765781789254,0.12206063007878655,0.131545230349067
0,0.11939375193318899,0.4387439735706193,0.13329764352613935,0.1629252284903773
0,0.10513326752221125,0.22046048230142304,0.13722314391697238,0.0903918566214485
0,0.10513326752221125,0.4133325212735838,0.19664019422433618,0.23430096505005685
0,0.10513326752221125,0.3578624587493699,0.23231961311611052,0.24014480356326268
0,0.10513326752221125,0.2655721738485895,0.204985522912853,0.2244860950128978
0,0.10513326752221125,0.24771717332468488,0.1971953397703466,0.23952508561505345
0,0.10513326752221125,0.3228884733964722,0.20342729860594283,0.2565374748485774
0,0.10513326752221125,0.2059857031035408,0.21054428326803692,0.2891912401441773
0,0.10513326752221125,0.19909587744587826,0.2076472765252802,0.23700046329996144
0,0.10513326752221125,0.24735981904343246,0.19442650755808938,0.23700046329996144
0,0.10513326752221125,0.24684011031801384,0.16654462754142016,0.2607288650683623
0,0.10513326752221125,0.2551650839988812,0.19911212653666804,0.24363590722219505
0,0.10513326752221125,0.31178274702958925,0.21351918456234095,0.19048154514460097
0,0.10513326752221125,0.41222676064844893,0.18116159149358566,0.09152297075850421
0,0.10513326752221125,0.25328138787716464,0.12478579913488248,0.13867599460530292
0,0.10513326752221125,0.2569185277486271,0.19833526124894565,0.23952508561505345
0,0.10513326752221125,0.25604787043399413,0.2019051477613705,0.2588169310636811
0,0.10513326752221125,0.24689554812158926,0.1793511347528102,0.19743241443086335
0,0.10513326752221125,0.26600941511823734,0.2078687485800685,0.20877834820013927
0,0.10513326752221125,0.25672090334317604,0.20985461358468355,0.19790686102740648
0,0.10513326752221125,0.23787959970923997,0.1515328731072851,0.10521790211869095
0,0.10513326752221125,0.24637666990019597,0.16592972769721578,0.1480823544847297
0,0.10513326752221125,0.2551587678894366,0.21403548795169272,0.2744683080483597
0,0.10513326752221125,0.23777448978129298,0.15940642034256863,0.11170687387372231
0,0.10513326752221125,0.25350812988712657,0.22868027641352334,0.26567802234005017
0,0.10513326752221125,0.23604948023587946,0.15892053535258757,0.10257100630860483
0,0.10513326752221125,0.23363327997297556,0.17242570872154717,0.10257100630860483
0,0.10513326752221125,0.2665100694116574,0.22691943024411707,0.2851746922281413
0,0.10513326752221125,0.2479635575508063,0.1782383408370588,0.2107865229570556
0,0.10513326752221125,0.25228106024165264,0.2264877702467446,0.26567802234005017
0,0.10513326752221125,0.2676498069322669,0.2241640116503199,0.3240028613803915
0,0.10513326752221125,0.3282485082845565,0.26004659298548166,0.30176908770848765
0,0.10513326752221125,0.2520788650945319,0.21912728315475283,0.27002297978836803
0,0.10513326752221125,0.2339096370504709,0.08956400819691399,0.10293556599106159
0,0.10513326752221125,0.24052846703266798,0.09436567795100294,0.08516793411693262
0,0.10513326752221125,0.3272058048851056,0.23669265939536738,0.24871947578021708
0,0.10513326752221125,0.22868809025976747,0.22530286725715942,0.2933565750530835
0,0.10513326752221125,0.2694964945053793,0.17596196151379698,0.20939613979078653
0,0.10513326752221125,0.2546537116809961,0.16137645107491086,0.1183240239897011
0,0.10513326752221125,0.5812979816651861,0.2287952691715821,0.12044318998331777
0,0.10513326752221125,0.24549133032120093,0.22541155508633207,0.35840743993409707
0,0.10513326752221125,0.23357668845273385,0.15975433503229722,0.12720229566919433
0,0.10513326752221125,0.22910872227933138,0.13916243279776916,0.08151404272812526
0,0.10513326752221125,0.24344223305902607,0.1820693647102483,0.33434658257975997
0,0.10513326752221125,0.2458591972246898,0.19398006079148292,0.3914907201270478
0,0.10513326752221125,0.2394302912077736,0.16232529564176712,0.21563763747563738
0,0.10513326752221125,0.2423258152224992,0.1575840689042864,0.17832539366143807
0,0.10513326752221125,0.25873620419406523,0.2020285527829372,0.29596643692498914
0,0.10513326752221125,0.23569582205673692,0.15891529365488702,0.11065724114182421
0,0.10513326752221125,0.24942143460583033,0.18741749727114426,0.3810524964973485
0,0.10513326752221125,0.25596084162563215,0.2063319956746573,0.3336126249324612
0,0.10513326752221125,0.21004600397361153,0.22519000038019485,0.37953009009478356
0,0.10513326752221125,0.2311059668428787,0.1704352036071481,0.11388283896514127
0,0.10513326752221125,0.2502310913317603,0.17683755414910807,0.301148177294482
0,0.10513326752221125,0.2588105540083114,0.20509767094914014,0.4201016242828088
0,0.10513326752221125,0.32745120092160657,0.25349240856428545,0.2900447151002467
0,0.10513326752221125,0.45519442268088206,0.1383838139741415,0.1590910250820486
0,0.10513326752221125,0.30841396440517627,0.15017720502570922,0.2989308903883507
0,0.10513326752221125,0.5016974672885155,0.2543889474331818,0.3076304510204912
0,0.10513326752221125,0.3067332567841761,0.18229277139460545,0.289120405490428
0,0.10513326752221125,0.31183829251512185,0.14722193361152125,0.30890137524557915
0,0.10513326752221125,0.44356000657334305,0.15982559767594545,0.21019638109150016
0,0.10513326752221125,0.2603140003981801,0.12731684140646993,0.28140622025276035
0,0.10513326752221125,0.4450034246300066,0.15442026604748932,0.21113235450359463
0,0.10513326752221125,0.23155842610599894,0.188503801443993,0.20323197589777142
0,0.10513326752221125,0.2477454750034793,0.11336081653995367,0.08057496061505372
0,0.10513326752221125,0.24521068400126153,0.14677410676148667,0.12765543501175716
0,0.10513326752221125,0.2489177367463385,0.10951027778641084,0.1065653686122407
0,0.10513326752221125,0.2435211943742619,0.1542843357799358,0.14344789513757666
0,0.10513326752221125,0.24351950182836585,0.1336736397507798,0.14947498756464703
0,0.10513326752221125,0.24394423208971633,0.15602559175918118,0.14344789513757666
0,0.10513326752221125,0.2572823569106169,0.1352600403415198,0.14565587418723389
0,0.10513326752221125,0.33007162747620594,0.18914621237181575,0.16399338283308668
0,0.10513326752221125,0.22660181725973663,0.20641183630968732,0.18127449395629852
0,0.10513326752221125,0.2336977201161562,0.1057799588888948,0.15073202399440913
0,0.10513326752221125,0.29798269032619995,0.20150758407696184,0.37290011602672984
0,0.10513326752221125,0.3145222422536094,0.20893515283208397,0.2536697330973363
0,0.10513326752221125,0.2544711364188754,0.14939237382889867,0.07275163389505654
0,0.10513326752221125,0.3348792985243686,0.2797103279296478,0.42747493987780744
0,0.10513326752221125,0.31352743120078325,0.23040763002250111,0.3087977824675918
0,0.10513326752221125,0.42529084527594774,0.19093022687990172,0.1590261119287659
0,0.10513326752221125,0.25390904223568084,0.10210121825771025,0.11695266776395623
0,0.10513326752221125,0.2777697330702635,0.16027174710997183,0.17883807161687892
0,0.10513326752221125,0.2682995545396213,0.15337189544290505,0.23853659733571175
0,0.10513326752221125,0.40834300238748444,0.2362452296717898,0.26257280591557347
0,0.10513326752221125,0.26284950482537583,0.19356345182755375,0.3034120100776794
0,0.10513326752221125,0.2800734970508886,0.157133814635348,0.1924983797609071
0,0.10513326752221125,0.2699633506963538,0.18247956555832778,0.35305440801290533
0,0.10513326752221125,0.2781407517297078,0.24374967548327267,0.5954068054350083
0,0.10513326752221125,0.5399279567167123,0.18188814007882123,0.36935945064682685
0,0.10513326752221125,0.2721220057270432,0.1701571513165949,0.4468035551385839
0,0.10513326752221125,0.2556807768689568,0.15447681838073574,0.2510970059577325
0,0.10513326752221125,0.5398426611280065,0.17608929323047856,0.2134141345298106
0,0.10513326752221125,0.274031918245061,0.18516259603031282,0.43699749949432365
0,0.10513326752221125,0.2613441630395968,0.1452137193641572,0.1675648720181352
0,0.10513326752221125,0.25990266778501137,0.13159661568539527,0.14357263638898646
0,0.10513326752221125,0.35233143979858117,0.19723050247939028,0.3172017524065196
0,0.10513326752221125,0.33281063648504955,0.21709216443597779,0.3051992279651554
0,0.10513326752221125,0.261836393767134,0.15598270996090283,0.2872676364254681
0,0.10513326752221125,0.3313482743857373,0.23780920752757617,0.3018300162356472
0,0.10513326752221125,0.24828479479687635,0.21403271763573062,0.3176336319037282
0,0.10513326752221125,0.2572452907696348,0.18392002469158183,0.2478273338078475
0,0.10513326752221125,0.5030159848658472,0.19011497622709714,0.17006710044134524
0,0.10513326752221125,0.2615865838984747,0.17225570959627198,0.260121416908
0,0.10513326752221125,0.3326518862249559,0.2359597515189261,0.373731303768598
0,0.10513326752221125,0.26402046218476904,0.15795744963772898,0.26990288766642995
0,0.10513326752221125,0.3437608766376637,0.192262636368388,0.34372051443470386
0,0.10513326752221125,0.27736826951854004,0.19983593915984674,0.44497125377257785
0,0.10513326752221125,0.32284982728097084,0.22090857897813432,0.25426675175610214
0,0.10513326752221125,0.3443741156488184,0.19467340249423135,0.24853448351779495
0,0.10513326752221125,0.25778927307404564,0.13162860784329086,0.11835791373486258
0,0.11939375193318899,0.43534619139192526,0.10684676195795925,0.15736562457440864
0,0.10513326752221125,0.33591705536070116,0.21722647539084353,0.28472281567559377
0,0.10513326752221125,0.32638988356745063,0.18408124082393224,0.20263578141757488
0,0.10513326752221125,0.25052013000463574,0.11921000166483274,0.14714979512120252
0,0.10513326752221125,0.31422376858661977,0.17156299066649255,0.07260494485193719
0,0.10513326752221125,0.25015377315793286,0.12412552918284073,0.0627261538179171
0,0.10513326752221125,0.24949090582716385,0.11125787834946427,0.1142979234024445
0,0.10513326752221125,0.24525819536428675,0.17062796807323982,0.12334479523949318
0,0.10513326752221125,0.3454643364536395,0.22625055376565556,0.2788511939604
0,0.10513326752221125,0.2405783116623629,0.24067667288729652,0.30901086852946913
0,0.10513326752221125,0.2863261561598561,0.19664740794402738,0.16096179944131664
0,0.10513326752221125,0.30768672036652917,0.1852198858938529,0.16096179944131664
0,0.10513326752221125,0.26909195244687056,0.11269311275835618,0.13855709040517566
0,0.10513326752221125,0.34228181061326995,0.18458460233713608,0.3174909810506394
0,0.10513326752221125,0.3445205771110916,0.17529482401808086,0.3174909810506394
0,0.10513326752221125,0.5438666675365498,0.20452002470446853,0.3210348283251488
0,0.10513326752221125,0.33622554771623003,0.22021336377732173,0.3229277809579289
0,0.10513326752221125,0.28935443604986943,0.134647921447794,0.267862913354641
0,0.10513326752221125,0.29437816747439594,0.213039802704172,0.4503920862593995
0,0.10513326752221125,0.2850668757772994,0.17586434274693086,0.33950735786429903
0,0.10513326752221125,0.39502391474930054,0.18165347009556704,0.2490865588640499
0,0.10513326752221125,0.3551236831380338,0.20535887305661737,0.37904616280665326
0,0.10513326752221125,0.33665236135336624,0.2382097805781957,0.4015047094170087
0,0.10513326752221125,0.4371947078629248,0.18871840288643094,0.1894435831643504
0,0.10513326752221125,0.3372535229824545,0.23810701452087976,0.3083675855680058
0,0.10513326752221125,0.40011285263151103,0.2034175894930514,0.36174540339129896
0,0.10513326752221125,0.2923912784982867,0.22065343055150824,0.4423610631641817
0,0.10513326752221125,0.3794716425559124,0.24442952215199362,0.40579978358043584
0,0.10513326752221125,0.36804243173034856,0.2498946470494795,0.40579978358043584
0,0.10513326752221125,0.26826685628431607,0.10338471882565323,0.14233837548367462
0,0.10513326752221125,0.2815814131380645,0.09906953841545281,0.16492241630063106
0,0.11939375193318899,0.43575343412858175,0.09952159617731622,0.13124492948585192
0,0.11939375193318899,0.4399659145627538,0.1029261488771864,0.13418670994352008
0,0.10513326752221125,0.2596729212178721,0.13590482484701238,0.13986390296379023
0,0.10513326752221125,0.25962895379437456,0.08807624299841703,0.1083198540007957
0,0.10513326752221125,0.2592305323659433,0.12276485230553046,0.13366792623392737
0,0.10513326752221125,0.3449340107314337,0.22758655075067896,0.15568268032273616
0,0.10513326752221125,0.24676840172215708,0.1200544700028059,0.12694535449490787
0,0.10513326752221125,0.3342843351955006,0.19180447423388158,0.20355953139817554
0,0.10513326752221125,0.27533842493649135,0.1381141523836311,0.09433920794310474
0,0.10513326752221125,0.2542164587554539,0.10453947591183445,0.11837469279778572
0,0.10513326752221125,0.2855650684231135,0.1518534988928548,0.14402853332392623
0,0.10513326752221125,0.27462445510520966,0.16934995555365034,0.22162707709437793
0,0.10513326752221125,0.3134659961557503,0.23039352298571822,0.11656935234356838
0,0.10513326752221125,0.28171821222994015,0.1728265540348545,0.07260494485193719
0,0.10513326752221125,0.2523690817972449,0.12246528943839077,0.1415017419092056
0,0.10513326752221125,0.25281849932743095,0.10915010682828603,0.11822773464341024
0,0.10513326752221125,0.27099404180385817,0.1342908640685796,0.05825393527044159
0,0.10513326752221125,0.26278354124474845,0.12890045527905633,0.13757051092171624
0,0.10513326752221125,0.2530171997754762,0.1350909049997985,0.106154146551073
0,0.10513326752221125,0.24883021344714157,0.15130013003557824,0.10795780928102545
0,0.10513326752221125,0.33756354779344633,0.2091758258907727,0.27293853264395335
0,0.10513326752221125,0.2607522017338875,0.1382906670204756,0.09589121748054771
0,0.10513326752221125,0.24964604916240257,0.1437266515443324,0.10795780928102545
0,0.10513326752221125,0.28065268153457157,0.1674463952620801,0.1923827568686449
0,0.10513326752221125,0.26734167589773594,0.14629565042608886,0.0972205397593104
0,0.10513326752221125,0.5030895933729383,0.17791478684452333,0.2175180090569148
0,0.10513326752221125,0.33930143952921815,0.2247476583926195,0.323348160284529
0,0.10513326752221125,0.3631790540749466,0.20371682003410935,0.2676776610940008
0,0.10513326752221125,0.2837398633126794,0.18000433979140645,0.33950735786429903
0,0.10513326752221125,0.2842596731800054,0.17657638812504198,0.33950735786429903
0,0.10513326752221125,0.284954369338919,0.18156906934381634,0.33950735786429903
0,0.10513326752221125,0.27874003417659776,0.09476920662322845,0.13389109427640905
0,0.10513326752221125,0.41460926832851014,0.16319067094710887,0.16071244141607124
0,0.10513326752221125,0.3683893386744863,0.22183224677126415,0.40579978358043584
0,0.10513326752221125,0.4399494743807627,0.20105750042391937,0.07564251586189887
0,0.10513326752221125,0.27919517922953035,0.09904951465789652,0.10778942268538488
0,0.10513326752221125,0.267506799458067,0.15616542995814367,0.1559457035044092
0,0.10513326752221125,0.26053842809230804,0.12058761120118423,0.13601714356380096
0,0.10513326752221125,0.2803949151100219,0.14475021794586143,0.12049310033763286
0,0.10513326752221125,0.2804863456961786,0.12307194393421185,0.1429874847695299
0,0.10513326752221125,0.27982213568449793,0.11788903575735694,0.10943110506143662
0,0.10513326752221125,0.27998702472476905,0.12983446557861814,0.058790740193614834
0,0.10513326752221125,0.28017521996556904,0.12587863212315714,0.14398195283016424
0,0.10513326752221125,0.6816132835436449,0.2574173269601473,0.12201263994935874
0,0.10513326752221125,0.4974911759719358,0.1794052883654905,0.1003144781613595
0,0.10513326752221125,0.3017302961108,0.1850380053038623,0.32225702232325637
0,0.10513326752221125,0.29167073464499715,0.1538214992695388,0.22270521653728023
0,0.10513326752221125,0.3321674059870201,0.24810798943252244,0.31924193598113443
0,0.10513326752221125,0.5183629112990258,0.1916002222454207,0.10335342569997964
0,0.10513326752221125,0.1757250907109921,0.1516853312418094,0.1640519970159221
0,0.10513326752221125,0.27278111655415205,0.12137595372564533,0.13881374721459036
0,0.10513326752221125,0.2683929139320982,0.11863220890780882,0.13881374721459036
0,0.10513326752221125,0.27019262287685414,0.10443929783676928,0.15951477820074328
0,0.10513326752221125,0.2676918781339736,0.15894311409384776,0.18181304457484962
0,0.10513326752221125,0.28452771611078886,0.17122319660600124,0.07879725449523996
0,0.10513326752221125,0.25238801035530695,0.1267088949461636,0.09306785367351429
0,0.10513326752221125,0.2844475378871045,0.12496956971111711,0.10239293522377643
0,0.10513326752221125,0.2666007285370154,0.09959732327943818,0.09498232973742962
0,0.10513326752221125,0.3480069783329149,0.18743377086020085,0.1931824416293254
0,0.10513326752221125,0.2666514933351816,0.10164976646640386,0.09498232973742962
0,0.10513326752221125,0.26933817701130325,0.09918943981123449,0.09498232973742962
0,0.10513326752221125,0.2699839922006482,0.126134754284558,0.09704906402267713
0,0.10513326752221125,0.35239912971978044,0.19042416743349355,0.1860366822946421
0,0.10513326752221125,0.2712922598213338,0.08939894855126804,0.09673621919729727
0,0.10513326752221125,0.31795551146055995,0.22935942244462482,0.1810416223210948
0,0.10513326752221125,0.26936760987356706,0.11380356786660979,0.08756934174178023
0,0.10513326752221125,0.2814490835163862,0.11864115114460855,0.0762570510926522
0,0.10513326752221125,0.2818793561593858,0.11092719184030872,0.0762570510926522
0,0.10513326752221125,0.2824042500218071,0.11352582501319586,0.0762570510926522
0,0.10513326752221125,0.22229147568473284,0.22359163247762706,0.13796468983449128
0,0.10513326752221125,0.2643525214709007,0.1404623628818329,0.10924375003197812
0,0.10513326752221125,0.2884694957615933,0.0863965129179416,0.06735576719598738
0,0.10513326752221125,0.2682540372630586,0.13139525994281467,0.07935082407323428
0,0.10513326752221125,0.3461767568754453,0.2688464715621502,0.2513559861979687
0,0.10513326752221125,0.2752014809689813,0.1490204091326138,0.10796041716809046
0,0.11939375193318899,0.4441138881719167,0.12933726917345026,0.11136386553551002
0,0.11939375193318899,0.42997551535257605,0.09712420618274452,0.12744583344096932
0,0.10513326752221125,0.37766374581093076,0.2164332797632761,0.11102942500246576
0,0.10513326752221125,0.272061874455001,0.1399501231766099,0.09057419171342189
0,0.10513326752221125,0.509102640429026,0.19509780574608832,0.07972216758427464
0,0.10513326752221125,0.4245881729260793,0.24680493730760267,0.11279378209995823
0,0.10513326752221125,0.27496997563883324,0.0991610616020386,0.09673621919729727
0,0.11939375193318899,0.4359296421868398,0.11629670686422564,0.18652774123619809
0,0.10513326752221125,0.3167268598022594,0.19350751845189534,0.25465490232802135
0,0.10513326752221125,0.30420558329210257,0.08193504999740868,0.03943293730876833
0,0.10513326752221125,0.36998707803268366,0.32012570733327295,0.358092743939736
0,0.10513326752221125,0.30399273081740014,0.08066401851633086,0.03943293730876833
0,0.10513326752221125,0.2443249598999264,0.13817351759160773,0.05753307026725585
0,0.10513326752221125,0.37600166905753846,0.21050030761677493,0.17631106223777723
0,0.11495495495495496,0.43830574090700636,0.1665840386583139,0.17380055375518738
0,0.11495495495495496,0.4391890672636444,0.16521883723788766,0.16738631589434586
0,0.10513326752221125,0.34317892551407797,0.2459885289485553,0.18679232125537804
0,0.10513326752221125,0.29064209592842244,0.11166165600549735,0.15687336191272822
0,0.10513326752221125,0.3305170678873341,0.2511428886833339,0.2390599881071741
0,0.10513326752221125,0.26496911389817973,0.07591995476996453,0.07676631270590067
0,0.10513326752221125,0.27449576170338214,0.16349923015948178,0.2002924562723728
0,0.10513326752221125,0.35335178778448734,0.18972020929911138,0.23917919124039175
0,0.11495495495495496,0.5791399659123335,0.532479400218167,0.7025586600594276
0,0.11495495495495496,0.5752486525742023,0.47665399843902656,0.5721580179068507
0,0.11495495495495496,0.6080771947342456,0.5624416906441072,0.8046751545681363
0,0.10513326752221125,0.2817908936079751,0.09184678846251686,0.07279913536246159
0,0.11495495495495496,0.5728791732016586,0.6252232649798278,0.5869917819258162
0,0.11495495495495496,0.5589482554618616,0.5375923915681732,0.5001904580518162
0,0.11495495495495496,0.4361935545855285,0.13283693891873305,0.17952737930165127
0,0.10513326752221125,0.2951477266742457,0.20513900850318068,0.27290926967922957
0,0.10513326752221125,0.3941301264178159,0.18333323181731526,0.3257662047935594
0,0.10513326752221125,0.35864083700829824,0.22198997004730825,0.37181985607961726
0,0.10513326752221125,0.3608471623775598,0.17072235613979406,0.1783763765714761
0,0.10513326752221125,0.2797431391196543,0.12241409735142583,0.16206865558091105
0,0.10513326752221125,0.33762670284041424,0.17940450742316244,0.16685326877630985
0,0.10513326752221125,0.3973950060627744,0.25392542723200767,0.431145069286521
0,0.10513326752221125,0.311566504834484,0.16548736812331236,0.15068885359367098
0,0.10513326752221125,0.31605755614770453,0.168298476143747,0.15068885359367098
0,0.10513326752221125,0.40948962020680413,0.2724333684362051,0.21955560304669114
0,0.10513326752221125,0.42425041962455573,0.29012997244191485,0.4135449654955751
0,0.10513326752221125,0.46727583458198,0.2987955567230785,0.4605221229203719
0,0.10513326752221125,0.5334783693405653,0.2760367352064365,0.24513915089180813
0,0.10513326752221125,0.4688482809724687,0.2618734723184788,0.26884753512864723
0,0.10513326752221125,0.5129646629248141,0.26234018837817963,0.24513915089180813
0,0.10513326752221125,0.4371530112936965,0.30579101481150206,0.44873597571115853
0,0.10513326752221125,0.3879220430756522,0.22166674875245357,0.25993049076439373
0,0.10513326752221125,0.4839085895325072,0.3020190513543522,0.44873597571115853
0,0.10513326752221125,0.29066020101419293,0.1532188049883451,0.18695793188693766
0,0.10513326752221125,0.37392453868871417,0.29666132245360427,0.4423043161036998
0,0.10513326752221125,0.416685387294074,0.2808356222345062,0.37303674660750186
0,0.10513326752221125,0.46900875101688866,0.27773174452382315,0.4186976061419472
0,0.10513326752221125,0.36836712062381816,0.1785745283136539,0.1783763765714761
0,0.10513326752221125,0.32491175315027454,0.20731968938458617,0.16392586261457867
0,0.10513326752221125,0.4502789277542066,0.3423805328883561,0.4379652033133293
0,0.10513326752221125,0.3816895032624857,0.1855155849321764,0.37181985607961726
0,0.10513326752221125,0.48826248905762587,0.17287069158507193,0.20034109053751814
0,0.10513326752221125,0.4123519435940273,0.231735243064013,0.405934967877258
0,0.11726595400064788,0.10604633405525787,0.1688937703434085,0.15495965995401723
0,0.12657130472475075,0.5328954704031592,0.2376372361244946,0.08137049555097216
0,0.12657130472475075,0.5304863613348941,0.2426520774333848,0.08532183756338163
0,0.12657130472475075,0.09973971039011993,0.16616821313420382,0.4290440479027243
0,0.10513326752221125,0.12411250970025749,0.17970749746435974,0.26657767573523006
0,0.11939375193318899,0.22784261067994435,0.21437118465406016,0.30163510779645775
0,0.11939375193318899,0.5759228126222639,0.20901069790444363,0.35005350355368814
0,0.11939375193318899,0.5860003308280093,0.2754172633420674,0.41156170430515293
0,0.11939375193318899,0.5956526737887762,0.2507311382017369,0.47052289677853226
0,0.11939375193318899,0.593456177921712,0.29188119541733853,0.46294090080403744
0,0.10513326752221125,0.1342530280959022,0.21434313626502532,0.399041799629128
0,0.10513326752221125,0.16871877614816125,0.28193133940096193,0.4859125870679681
0,0.10513326752221125,0.2180106208774285,0.23046072628787337,0.3404497133999128
0,0.10513326752221125,0.13312039520322846,0.17037169439761635,0.20184592758112332
0,0.10513326752221125,0.15116654093116308,0.16201612882503466,0.13593157728518937
0,0.10513326752221125,0.13407574022865773,0.17589166376044038,0.1234708812799436
0,0.11939375193318899,0.5768769471190527,0.21764434714925707,0.3067989231219782
0,0.11939375193318899,0.5765873914670493,0.21208980519490045,0.3067989231219782
0,0.11939375193318899,0.5776317054055785,0.2154162282113366,0.31718666681987223
0,0.11939375193318899,0.5774886938041732,0.22082149067886334,0.31718666681987223
0,0.11939375193318899,0.5762687760248599,0.2190250705507203,0.31718666681987223
0,0.11939375193318899,0.5739136075195106,0.22824894644439123,0.317622950977355
0,0.11939375193318899,0.5701702279691198,0.20406717773773558,0.3067989231219782
0,0.11939375193318899,0.5842750280471528,0.22544258437749748,0.2575839034640244
0,0.11939375193318899,0.5850802733872471,0.23546824399205643,0.2575839034640244
0,0.11939375193318899,0.5836011210270508,0.21728144266414526,0.2920718195935809
0,0.11939375193318899,0.592563939804066,0.34242885918313143,0.5602994604509806
0,0.11939375193318899,0.5879046528640152,0.28335691389004414,0.42788116004032073
0,0.11939375193318899,0.5744827225859177,0.27625853282527674,0.378203063272557
0,0.11939375193318899,0.5712142894074346,0.2749518064994853,0.44670204726199525
0,0.11939375193318899,0.5693740688772633,0.261794311277911,0.4147509040836727
0,0.10513326752221125,0.13911825539384878,0.17096863885003374,0.23961059036404458
0,0.10513326752221125,0.13061446554630854,0.22381057990909198,0.09508475640840056
0,0.11939375193318899,0.5689878327825648,0.2143029905357065,0.31786113122743126
0,0.11939375193318899,0.5859261083145532,0.2856253209289049,0.4948063210947965
0,0.10513326752221125,0.13370190801456364,0.1647028747213539,0.23000824584524987
0,0.10513326752221125,0.15768521818234535,0.17482730426559662,0.14252926101698854
0,0.11939375193318899,0.26626650168884275,0.11559020148176831,0.08876525095556738
0,0.11939375193318899,0.5689686320817826,0.21707539050586272,0.2954812317646963
0,0.10513326752221125,0.22193833165910049,0.24395799717229646,0.17988008160821484
0,0.10513326752221125,0.13856334422739058,0.19255904354256986,0.04719159329666677
0,0.11495495495495496,0.2027419232640355,0.3747536823319916,0.5144082536159323
0,0.11495495495495496,0.19300752217655087,0.2620263442938822,0.16781510790532703
0,0.11495495495495496,0.1928704579781567,0.24183376709705032,0.17698960717267145
0,0.11495495495495496,0.19212115595209356,0.23959146893622352,0.1978035262234938
0,0.11495495495495496,0.33939141321889754,0.44056317398233874,0.4572466415261636
0,0.11495495495495496,0.33905517345561553,0.4408053163936582,0.4572466415261636
0,0.11495495495495496,0.31001922727041586,0.16158868343699676,0.15956869258387407
0,0.11495495495495496,0.340551444580255,0.13368058370011737,0.23532834816306725
0,0.11495495495495496,0.32661544617946225,0.0928362542578721,0.19571384424287847
0,0.11495495495495496,0.31080064632013477,0.15841833925530358,0.3055797225413566
0,0.11495495495495496,0.3100297925478272,0.15071808911055695,0.21311716422300123
0,0.11495495495495496,0.3163126541154425,0.12789745992908075,0.13523382159613828
0,0.11726595400064788,0.10073477675796978,0.11324270948561456,0.12774187757269223
0,0.11495495495495496,0.19198888381954737,0.21555471801528284,0.33164587758020947
0,0.11726595400064788,0.10244951757280286,0.14857922363371598,0.12774187757269223
0,0.11726595400064788,0.10297136108472962,0.16234008818855972,0.12704437039246338
0,0.11726595400064788,0.10311012956468832,0.16306671689470617,0.12704437039246338
0,0.11726595400064788,0.10267015322370471,0.14109890018443044,0.16069474892238259
0,0.11726595400064788,0.10304446253446191,0.16053719720120016,0.1694315348188848
0,0.11726595400064788,0.10253700782423089,0.16441064397759597,0.1694315348188848
0,0.11726595400064788,0.10268439737943492,0.15434360305881192,0.146837190662086
0,0.11726595400064788,0.1027146912157279,0.15197090215028008,0.146837190662086
0,0.11726595400064788,0.1036179441436805,0.17596352063969034,0.1831296208120256
0,0.11726595400064788,0.10452031228377644,0.17167255019273026,0.15413979850917647
0,0.11726595400064788,0.10593705218007192,0.16413531072227128,0.15495965995401723
0,0.11726595400064788,0.10598002724319133,0.1692695930832545,0.15495965995401723
0,0.11726595400064788,0.10601171932347579,0.16878439998223738,0.15495965995401723
0,0.11726595400064788,0.10600528296411818,0.17044541566672344,0.15495965995401723
0,0.11726595400064788,0.1051788731370211,0.1761479290405815,0.15495965995401723
0,0.11726595400064788,0.10526938162676948,0.15878065055536658,0.15954738408066652
0,0.11726595400064788,0.10475632802842556,0.17554728625586175,0.09114572583321437
0,0.11726595400064788,0.10494107068702162,0.17245228235890683,0.1587078085679976
0,0.11726595400064788,0.10655021020998794,0.19100756245278316,0.10795084873827705
0,0.11495495495495496,0.2831049876737206,0.35848926367202255,0.5285619096294318
0,0.11495495495495496,0.28382268056845505,0.35848926367202255,0.5285619096294318
0,0.11495495495495496,0.28254858113657855,0.35686995127924476,0.5285619096294318
0,0.11495495495495496,0.28017801852227747,0.3410938926662327,0.5285619096294318
0,0.11495495495495496,0.23953100532235932,0.32876223047394393,0.4937276292525264
0,0.11495495495495496,0.2375743113058794,0.3612706814903347,0.5383430538336708
0,0.11495495495495496,0.28227601325899143,0.3430997366245986,0.5285619096294318
0,0.11495495495495496,0.19689007192399718,0.24248904715385958,0.36801960813892615
0,0.11495495495495496,0.2419208679986658,0.250005953826692,0.37206103568837473
0,0.11495495495495496,0.24016136475610345,0.24505790105508407,0.39352797332874195
0,0.11495495495495496,0.14569846397153577,0.1563729067999227,0.18232914666700575
0,0.11495495495495496,0.21201279419345595,0.24494926874557008,0.18189792006033517
0,0.11495495495495496,0.21281717563071686,0.23465603627002313,0.2916842409291936
0,0.11495495495495496,0.24361060347115548,0.23271825908118304,0.41723289609033976
0,0.11726595400064788,0.18303258525601465,0.326596677567232,0.21939551057124837
0,0.11726595400064788,0.1912575282881952,0.31628974865516896,0.3344437040518467
0,0.11726595400064788,0.04654371195428683,0.17884589726976924,0.06436982452790901
0,0.11726595400064788,0.06497870052930974,0.38837846773070966,0.27020339037228625
0,0.11726595400064788,0.04076363111154451,0.22168168576712624,0.06597480598548625
0,0.11726595400064788,0.0696736531473763,0.2192766037751334,0.1053450519505497
0,0.11726595400064788,0.09524461091571156,0.26501753846681614,0.08437451926274168
0,0.11495495495495496,0.6701305831682295,0.43699066721166485,0.569798327722042
0,0.11495495495495496,0.6835003966744143,0.43116012059252934,0.5509168091378345
0,0.10513326752221125,0.44198788839372105,0.30883642461840216,0.5475308706625037
0,0.10513326752221125,0.1812660578119953,0.2100168568355043,0.24169564031201846
0,0.10513326752221125,0.17981807693874122,0.18794547715209928,0.2238601790276381
0,0.11495495495495496,0.3233500664890681,0.15987526787896375,0.2760529808455045
0,0.11726595400064788,0.7683049790452043,0.49671500353779874,0.7738674963904835
0,0.11726595400064788,0.6706306429233713,0.37962163026226803,0.26015971615274636
0,0.11726595400064788,0.6505049610320139,0.3380631714418492,0.26015971615274636
0,0.11726595400064788,0.48804283911312407,0.24584394565914774,0.21853070962507382
0,0.11726595400064788,0.27960347494432025,0.2544653948562961,0.30991398132678594
0,0.11726595400064788,0.3055828750297159,0.21950103102172555,0.13605025999380957
0,0.11726595400064788,0.6622933798247426,0.2833254580120471,0.17829495376717192
0,0.11726595400064788,0.6582531585254918,0.23718540906781557,0.06763355062559405
0,0.11726595400064788,0.6708131933263901,0.2685387464781779,0.1096810451960658
0,0.11726595400064788,0.6969549153283671,0.28677301387428406,0.10613262574547215
0,0.11726595400064788,0.679010867515707,0.3352396225663936,0.17423277233589352
0,0.11726595400064788,0.679872745481229,0.34506797501247966,0.17423277233589352
0,0.11726595400064788,0.7444154470659639,0.34358689805298953,0.25763580099538375
0,0.11726595400064788,0.6564169387067728,0.326247239821001,0.13715966912888286
0,0.11726595400064788,0.7370039962659686,0.44302463848957435,0.3839766378117048
0,0.11726595400064788,0.7057614448000299,0.36544877635921663,0.20447251376398903
0,0.11726595400064788,0.38349630973466853,0.35150200914425345,0.13958457427299725
0,0.11726595400064788,0.18652551276283275,0.16254612958803283,0.08121298124533406
0,0.11726595400064788,0.6676347053697005,0.27699752200993344,0.1722437888305877
0,0.11726595400064788,0.6513322675369364,0.25517237032589724,0.16322393247349637
0,0.11726595400064788,0.6575165709265821,0.2908559593665315,0.169648298116837
0,0.11726595400064788,0.9198744743692072,0.2658485790179791,0.4166117306031807
0,0.10513326752221125,0.8369634036037417,0.7159628359651905,0.8740062210034629
0,0.10513326752221125,0.8291797117676926,0.6057677288614569,0.8632938775999373
0,0.10513326752221125,0.8300121317592317,0.6057677288614569,0.8632938775999373
0,0.10513326752221125,0.8266739749562914,0.5593540908062328,0.8283301751657617
0,0.10513326752221125,0.8274639080299299,0.5608052927486744,0.814691525271668
0,0.10513326752221125,0.8131050548689914,0.5560179243573864,0.845671610494201
0,0.10513326752221125,0.8095246943518793,0.459931498306006,0.2963594464257496
0,0.10513326752221125,0.7956539100204704,0.43161405205851094,0.33037167508782134
0,0.12657130472475075,0.1817845588190438,0.10810380959279355,0.05967181151934512
0,0.12657130472475075,0.1457580532465028,0.11473442790422404,0.05278766581697868
0,0.11495495495495496,0.24291512622161027,0.20361520084687365,0.28183078734644784
0,0.11495495495495496,0.20040537315520873,0.17596989701432517,0.19747921575314314
0,0.11726595400064788,0.7495784200975413,0.4325338188141102,0.6171047690968784
0,0.11726595400064788,0.19232760576338215,0.2951582934396542,0.19702229596940415
0,0.11726595400064788,0.1591711619412314,0.28035936455824423,0.11534364302682537
0,0.11726595400064788,0.6558447154450747,0.38978062428175847,0.2206119527873183
0,0.11726595400064788,0.6519914234384382,0.3872834730112827,0.2206119527873183
0,0.11726595400064788,0.744182462745013,0.30081388315142954,0.2506498710895916
0,0.11495495495495496,0.7108528158967612,0.8012092505343096,0.9180362529369409
0,0.11495495495495496,0.5854198886951354,0.7185875913773726,0.7819567651213667
0,0.11495495495495496,0.6227124633280526,0.7604762294927542,0.8339268562194095
0,0.11495495495495496,0.7712002225116709,0.6108617182663829,0.6066290350093188
0,0.11495495495495496,0.8204426149326397,0.6100272004253903,0.7292144600400928
0,0.11495495495495496,0.7880954329136808,0.6032673260656186,0.6715901163123379
0,0.11495495495495496,0.601274468097968,0.54764140317992,0.6176207121931564
0,0.11495495495495496,0.7868442072168752,0.6188143656213444,0.6834904669102808
0,0.11495495495495496,0.9190326540586254,0.6170532163201068,0.5642380382533126
0,0.11495495495495496,0.773086268116579,0.6160184252413139,0.7568610114925537
0,0.11495495495495496,0.7257405890887878,0.5885655451911574,0.7589769821468239
0,0.11495495495495496,0.6908337937740787,0.5691914719679022,0.7007265302321731
0,0.11495495495495496,0.7154090492830518,0.5995887886300235,0.8806260395804612
0,0.11495495495495496,0.6000035291997561,0.35226852787560753,0.49109658768089776
0,0.11495495495495496,0.7107111426118293,0.5281703550901691,0.8279896523886487
0,0.10513326752221125,0.8423441246098965,0.6089955833110935,0.7829710503304934
0,0.10513326752221125,0.7833831802989937,0.3858742528629454,0.3843452411559098
0,0.10513326752221125,0.7783163610101725,0.37445029045164996,0.34733553545784673
0,0.10513326752221125,0.7721319877339984,0.3459480030561279,0.32619964179222777
0,0.10513326752221125,0.768876306902392,0.36188440066349564,0.39200430821995186
0,0.10513326752221125,0.7694236862945978,0.39149021876876094,0.22763194476687906
0,0.10513326752221125,0.7607528858590235,0.34567991984215957,0.3500708750799777
0,0.10513326752221125,0.7884081938609782,0.34160102673749493,0.32602308813996567
0,0.10513326752221125,0.8047556811152577,0.4006432954485254,0.5150472004519997
0,0.10513326752221125,0.8094322137366278,0.39937107711402575,0.5150472004519997
0,0.10513326752221125,0.8487669802561237,0.4183461971209699,0.5150472004519997
0,0.10513326752221125,0.8255974361144102,0.5076250095193392,0.6448830050633725
0,0.10513326752221125,0.8213755361802505,0.4771245862761914,0.6666095795643945
0,0.10513326752221125,0.8248141853515928,0.4787653574901162,0.5516672896259548
0,0.10513326752221125,0.8171680806299855,0.559010183843029,0.683953133676985
0,0.10513326752221125,0.7886099874243014,0.47271561260119627,0.48622234377381096
0,0.10513326752221125,0.7589420381910071,0.3342563320804721,0.2683962545305353
0,0.11495495495495496,0.8007479627934794,0.6248141331249143,0.7898550953956798
0,0.11495495495495496,0.8045115416140772,0.6739562833683939,0.8090843535445147
0,0.11495495495495496,0.870599923253788,0.6338764810814382,0.7003792678286785
0,0.11495495495495496,0.8049874780599005,0.6748921382067324,0.8681821412845364
0,0.11495495495495496,0.805378418677723,0.6606330719356445,0.8217411286771887
0,0.11495495495495496,0.8762690004798983,0.6711118021649576,0.7339819683353096
0,0.11495495495495496,0.8741228998633176,0.6902097835642323,0.8555644650209444
0,0.11495495495495496,0.8188697825658232,0.6348448287594248,0.7316202669032754
0,0.11495495495495496,0.8673617268609227,0.6883276358752219,0.8386712475662674
0,0.11495495495495496,0.798473442079195,0.6660486449499877,0.6692850906523882
0,0.11495495495495496,0.8683737912178944,0.6190200783039181,0.5012009756579919
0,0.11495495495495496,0.887938043717318,0.6407682932326018,0.5664558916311729
0,0.10513326752221125,0.8033953822342376,0.5000173262340775,0.6124863999868441
0,0.10513326752221125,0.7819181303318532,0.3384753895235158,0.2528204974036433
0,0.10513326752221125,0.5704683492663557,0.3301379953024582,0.2009182509299483
0,0.10513326752221125,0.7758455659152992,0.3420650001081893,0.329309901271064
0,0.10513326752221125,0.8105337663049932,0.45663827229720716,0.6235812742908436
0,0.11495495495495496,0.7994728002536005,0.6283519083236735,0.8195836121040406
0,0.11495495495495496,0.8939787549581122,0.5836424256190582,0.4733734226382044
0,0.11495495495495496,0.8097422897060118,0.5892406407464421,0.6636253004927394
0,0.11495495495495496,0.8411974494864146,0.7005430883489983,0.866846676603758
0,0.10513326752221125,0.7951569795586388,0.4587532740829759,0.6136950917321624
0,0.10513326752221125,0.7618356046514803,0.42574560299966097,0.49609803092480437
0,0.10513326752221125,0.747292660263952,0.3467252013907962,0.3259344109000576
0,0.10513326752221125,0.7502091985945655,0.3632889690529206,0.3259344109000576
0,0.10513326752221125,0.7514602232652432,0.3480320076957748,0.3259344109000576
0,0.10513326752221125,0.8417638945954006,0.5127780531723185,0.6792211374910095
0,0.11495495495495496,0.8139726382920046,0.5800657321080156,0.707154346834782
0,0.11495495495495496,0.8182270315607714,0.5967323478372991,0.6991890435791828
0,0.11495495495495496,0.9021206108168821,0.6708379714762841,0.8816128624120336
0,0.11495495495495496,0.8335681149511879,0.6122312836918729,0.669546742952037
0,0.10513326752221125,0.753839765300554,0.4618368452159962,0.5852670305111866
0,0.10513326752221125,0.7403461770870366,0.5222680723493139,0.66239986390912
0,0.10513326752221125,0.7295195717657292,0.5281420493553207,0.6573878704668465
0,0.10513326752221125,0.7513241217543642,0.539960744055668,0.7650735376753828
0,0.11495495495495496,0.8302282906560734,0.6026896488973753,0.6448987689362106
0,0.11495495495495496,0.8294901300064789,0.6018513798236598,0.7224595924010527
0,0.10513326752221125,0.825949379659389,0.5156425662969168,0.6582554869516667
0,0.10513326752221125,0.771850083699246,0.5414550818173021,0.7728579413301314
0,0.10513326752221125,0.7932160523441604,0.5050552886376697,0.7612482085699338
0,0.10513326752221125,0.666939423397952,0.38890613979934846,0.6541684542899316
0,0.11495495495495496,0.9089419986774953,0.6230134025381333,0.8702435406956274
0,0.10513326752221125,0.8468815687291479,0.4896427100831669,0.5706579787879221
0,0.10513326752221125,0.7060600952529791,0.3529421434221539,0.35535533280094084
0,0.10513326752221125,0.6734625633687231,0.47646659092429167,0.6951311484782466
0,0.10513326752221125,0.743014045139657,0.546373261073405,0.5963825017151828
0,0.10513326752221125,0.6552255989431104,0.4822177237210573,0.6883385614832822
0,0.10513326752221125,0.7070762575971206,0.5807256506211231,0.74124240046866
0,0.10513326752221125,0.7535528755958054,0.5895930363448179,0.7395282359244486
0,0.10513326752221125,0.7508377351013125,0.5788345495017666,0.5686072906657483
0,0.10513326752221125,0.9003130463221174,0.4841106754363486,0.620471734984498
0,0.10513326752221125,0.616263333831646,0.4427606960956769,0.3883392735580136
0,0.10513326752221125,0.895742624615723,0.45956559320750295,0.6112994922280105
0,0.10513326752221125,0.6082595070725545,0.444071257258612,0.47487924999751585
0,0.11495495495495496,0.8792849172705055,0.5010082106619639,0.5996293483292487
0,0.11495495495495496,0.5994788188447158,0.41326503863516845,0.5274233466176215
0,0.11495495495495496,0.8252314379727613,0.4718038769179591,0.43193257480971603
0,0.11495495495495496,0.8427088875316958,0.4155091278767019,0.1800069971991701
0,0.12657130472475075,0.6818287191725222,0.621852528700753,0.6275565301422481
0,0.11495495495495496,0.733167345258122,0.34389132104273434,0.39833574623986495
0,0.11495495495495496,0.7359016419628228,0.5116449896008552,0.7788665611368343
0,0.11495495495495496,0.7359319249338148,0.5116449896008552,0.7788665611368343
0,0.11495495495495496,0.6404150867322156,0.3257930220649187,0.48142490913178126
0,0.11495495495495496,0.6154420863190067,0.31837852442565845,0.42923806518850266
0,0.11495495495495496,0.6300928473968371,0.31872264225985925,0.4360035246683928
0,0.10513326752221125,0.603268434291215,0.5149876618534659,0.4947583381220547
0,0.11495495495495496,0.8389906112420401,0.48559191981451455,0.7957039897933049
0,0.11495495495495496,0.661257682457226,0.3380826673093039,0.6419174634197721
0,0.11495495495495496,0.6491228310279821,0.3350412045598305,0.5187631544297091
0,0.11495495495495496,0.7373068847617541,0.4436428228310166,0.7733626031371278
0,0.10513326752221125,0.620359118148355,0.2261502974719807,0.4261967396583939
0,0.11495495495495496,0.7216630692241985,0.46189846950480706,0.6953181228622308
0,0.11495495495495496,0.7363265795471585,0.4388768974280923,0.5766208158088284
0,0.11495495495495496,0.7052259906447453,0.40872099338996215,0.6753317392979437
0,0.11495495495495496,0.669740113706469,0.3329061011517895,0.41636978966252847
0,0.11495495495495496,0.717625428090386,0.47868979426661923,0.7394203752368953
0,0.11495495495495496,0.607248527213478,0.29356729538350035,0.3810002220526581
0,0.11495495495495496,0.7357905457782913,0.459968634105351,0.6503049008824657
0,0.11495495495495496,0.7455756438444534,0.45533006085010447,0.3885088703392272
0,0.11495495495495496,0.6960041567682811,0.4338001733802903,0.38011340303544533
0,0.11495495495495496,0.6499969164848077,0.29931246211418355,0.19401188000763614
0,0.11495495495495496,0.7007942992746982,0.3785783980635728,0.3344859263051068
0,0.11495495495495496,0.6464472775861255,0.44763418990363446,0.3638000354422319
0,0.11495495495495496,0.5599345459022328,0.33154150234308166,0.1522624489500391
0,0.11495495495495496,0.661867539839734,0.38211174837953416,0.4178143677720506
0,0.11495495495495496,0.6545945960861208,0.40223094145343774,0.7206465027042704
0,0.11495495495495496,0.6437022704555039,0.4129428857685533,0.562874281705415
0,0.11495495495495496,0.763419126560967,0.5595270940059625,0.8095525432896876
0,0.11495495495495496,0.7763289361903782,0.6323883437966807,0.6975280428199067
0,0.11495495495495496,0.7465814339152198,0.537157935063561,0.7983551042732198
0,0.11495495495495496,0.6342937461719623,0.39187617973432765,0.6983629607252655
0,0.11495495495495496,0.7596970884775112,0.6358356216048788,0.8595983314045763
0,0.11495495495495496,0.755812612143773,0.6327516880564025,0.8595983314045763
0,0.11495495495495496,0.7628148306572858,0.6182183361743522,0.711068943414292
0,0.11495495495495496,0.641714239386633,0.42413703197957325,0.5801313398444276
0,0.11495495495495496,0.8174361826649473,0.6508473851696321,0.7026034446796818
0,0.11495495495495496,0.6661198074926329,0.4725170742153412,0.7194470951869877
0,0.11495495495495496,0.7219221723919312,0.5415740491453637,0.7773480705159955
0,0.11495495495495496,0.7492241034775278,0.5560250655962081,0.8618009776111302
0,0.11495495495495496,0.7588704885008367,0.6315301469438717,0.6151415665732696
0,0.11495495495495496,0.7593082170723698,0.632176142389276,0.6151415665732696
0,0.11726595400064788,0.796483109555066,0.5234245483587734,0.6674633753929304
0,0.11495495495495496,0.6837103469214092,0.3504511531688291,0.17208256567224284
0,0.11495495495495496,0.6856490830641538,0.3403113366159847,0.36416241034573577
0,0.11495495495495496,0.6378751787122158,0.32873082388251074,0.4848071995404611
0,0.11495495495495496,0.6385539637417272,0.3567863759632903,0.5501236743703465
0,0.11495495495495496,0.7718915576649208,0.4592337431705009,0.5986654591020758
0,0.11495495495495496,0.7133211496868828,0.40243768681109,0.5561293629987858
0,0.11495495495495496,0.6880789353221831,0.3520334966690613,0.6814063211876553
0,0.11495495495495496,0.6466802612798227,0.3422018310314637,0.5725626094727536
0,0.11495495495495496,0.6497039319881863,0.26938677200343486,0.2692065553777348
0,0.11495495495495496,0.806946015753891,0.4991761323695315,0.7650541753091417
0,0.11495495495495496,0.5042361913543396,0.3991397713343859,0.516776763521783
0,0.11495495495495496,0.650833386702594,0.31332782406223664,0.5779956863873388
0,0.11495495495495496,0.7546710144762364,0.5000901725697463,0.8342782045430993
0,0.11495495495495496,0.678999366297316,0.3785926305776041,0.7289032657620074
0,0.11495495495495496,0.672003404827964,0.38754445355418005,0.9234531018986936
0,0.11495495495495496,0.6617700753886648,0.34352030584728177,0.8060583187290953
0,0.11495495495495496,0.7733414368713325,0.4456194969538271,0.7774923180658082
0,0.11495495495495496,0.8251266189602003,0.5195661570261734,0.870505307226944
0,0.11495495495495496,0.6973410759311742,0.3329697070130001,0.8330874427311605
0,0.11495495495495496,0.6993321562184152,0.3420555350685221,0.7619463101428641
0,0.11495495495495496,0.6166720719656215,0.4783965865742653,0.5377628429288308
0,0.11495495495495496,0.8213572415383745,0.4960612522631824,0.5790405909449091
0,0.11495495495495496,0.8531828092674466,0.4741120633990255,0.853393409950056
0,0.11495495495495496,0.6745073687944276,0.38785499880848295,0.8917564096606798
0,0.11495495495495496,0.7772646320895515,0.3815130488376924,0.58188075195454
0,0.11495495495495496,0.7316778291170603,0.32575968836349334,0.6697349961691237
0,0.11495495495495496,0.8081287164082326,0.4640255464311479,0.909651931971005
0,0.11495495495495496,0.721236928376975,0.3776111905785867,0.5875869976003999
0,0.11495495495495496,0.774627062832508,0.44989505243237793,0.7906631363814457
0,0.11495495495495496,0.8436771439661993,0.4926662981898755,0.6866992384086491
0,0.11495495495495496,0.7447955000251589,0.42753482641755597,0.863014981945088
0,0.11495495495495496,0.7617791667046556,0.49288391170617374,0.8507761950089701
0,0.11495495495495496,0.9074382191616075,0.5405048174806681,0.8651229769259476
0,0.11495495495495496,0.9276931708280916,0.4806524220010825,0.8525207222526391
0,0.11495495495495496,0.7534852208301426,0.3461160700974612,0.5452052419800747
0,0.12657130472475075,0.210498073145136,0.15208729322289227,0.12961932625042008
0,0.11495495495495496,0.8845763858451368,0.47276932790667103,0.8415260103456821
0,0.11495495495495496,0.9328324016086917,0.47754393758703295,0.8892741419077523
0,0.11495495495495496,0.9001661595297386,0.5635199415722545,0.8893632836398423
0,0.11495495495495496,0.8918152064484237,0.48632693028996926,0.731550929321048
0,0.11495495495495496,0.7634916657008888,0.35615555358207684,0.5376908662383901
0,0.11495495495495496,0.8969907878910378,0.5043405725215956,0.8674686723321764
0,0.11495495495495496,0.848166384826852,0.4389874508396428,0.7605293791269861
0,0.11495495495495496,0.9128824731351038,0.5039614862273459,0.9045942977490837
0,0.11495495495495496,0.8361961459277171,0.46927629098742607,0.8652920648658601
0,0.11495495495495496,0.9348710308729773,0.5378492702567174,0.8652920648658601
0,0.11495495495495496,0.9149276692449945,0.5060740412604526,0.9045942977490837
0,0.11495495495495496,0.9441614813641722,0.5499072533481044,0.8944598150060828
0,0.11495495495495496,0.9359881449470671,0.5819891161158408,0.5848370494347913
0,0.11495495495495496,0.9099142805618583,0.5734994118478248,0.5163671688681303
0,0.11495495495495496,0.8322427704355184,0.48605755183128463,0.9037581149031042
0,0.11495495495495496,0.8918774928918833,0.49725080500263596,0.6095047798759132
0,0.11495495495495496,0.8690419509511612,0.5167869460258725,0.8613693369240938
0,0.11495495495495496,0.7574515448983631,0.5509056107182627,0.9093344985874738
0,0.11495495495495496,0.694954753515257,0.3892826728733397,0.7848213294768713
0,0.11495495495495496,0.9060682649607837,0.5514487197353228,0.8735451200690858
0,0.11495495495495496,0.8634700149059554,0.5329750516471504,0.8609987885173785
0,0.11495495495495496,0.7718918432704952,0.6604466289900889,0.9287047625757322
0,0.11495495495495496,0.7424265925446304,0.48218713768408267,0.5953917247467093
0,0.11495495495495496,0.7328549488323425,0.46513547002034805,0.6464018044177734
0,0.11495495495495496,0.7459308091667108,0.4767739073172224,0.8168141733954963
0,0.11495495495495496,0.8714149892114532,0.5467399819832446,0.8934181731120836
0,0.11495495495495496,0.9053710903714038,0.5982920096279172,0.8931927696618078
0,0.11495495495495496,0.8350821712105504,0.5410964513991291,0.8526519393482893
0,0.11495495495495496,0.797347595032285,0.522317376987305,0.8468434291905755
0,0.11495495495495496,0.703060697147565,0.32777842866611645,0.5910908043455395
0,0.11495495495495496,0.5079528470262663,0.3718112499240054,0.7681578917768003
0,0.11495495495495496,0.7067177076774225,0.3508913352420253,0.6323736668010368
0,0.11495495495495496,0.41555317424454424,0.49232005365697895,0.8571589453438848
0,0.11495495495495496,0.6629875965176087,0.4091529526335973,0.7061667293206583
0,0.11495495495495496,0.6553263208070741,0.38334901956097606,0.3623419046029767
0,0.11495495495495496,0.8061834951654395,0.5440125146632049,0.765600565417133
0,0.11495495495495496,0.8378541466815381,0.5317166312488707,0.48981730360178627
0,0.11495495495495496,0.9837247269210245,0.509548167814993,0.8643067016277765
0,0.11495495495495496,0.726560468367048,0.5271344218612227,0.9569601043514405
0,0.11495495495495496,0.8127073925355991,0.6176868346516922,0.9190679860582673
0,0.11495495495495496,0.7203075161717394,0.5182564323869738,0.8761426117165925
0,0.11495495495495496,0.8007584370614882,0.4821479085357407,0.5822967329536562
0,0.11495495495495496,0.78899318295601,0.534016071996446,0.5055072089239818
0,0.11495495495495496,0.6859208044620457,0.39660399033876853,0.7027439429943454
0,0.11495495495495496,0.6827263334436309,0.39853847471825177,0.6536614545260717
0,0.11495495495495496,0.7100779111423503,0.4081459483933934,0.5679610119011702
0,0.11495495495495496,0.6859997683626387,0.44661526294539927,0.539574009236008
0,0.11495495495495496,0.7018626325545684,0.4537412700000014,0.5648316721092801
0,0.11495495495495496,0.42742103205505383,0.5030930713135641,0.6276554043298073
0,0.11495495495495496,0.7955300017727711,0.6609838310077947,0.921051475019009
0,0.11495495495495496,0.7024836334811717,0.46395220089332084,0.8585879543795494
0,0.11495495495495496,0.8129881486631291,0.5591333182897956,0.6912778927934096
0,0.11495495495495496,0.7920169139440714,0.5212596809685106,0.7826215137359309
0,0.11495495495495496,0.8533007043207399,0.5074354168811607,0.7508827068687263
0,0.11495495495495496,0.757990164356871,0.562360536983676,0.830950952527362
0,0.11495495495495496,0.7572170336151923,0.5614147789984363,0.830950952527362
0,0.11495495495495496,0.8704673122960846,0.5347355841329895,0.895495643969279
0,0.11495495495495496,0.7463760949368735,0.48910260799487615,0.6060184551301053
0,0.11495495495495496,0.7810985479201215,0.5066403949304298,0.6861328301489803
0,0.11495495495495496,0.6876051819160539,0.47189994746618213,0.8925682101150865
0,0.11495495495495496,0.5820200276715104,0.5504843527145993,0.9161994096367609
0,0.11495495495495496,0.9294686585053616,0.5513492104063079,0.8851965203552119
0,0.11495495495495496,0.7047328745614132,0.49238822895280804,0.9238144470474673
0,0.11495495495495496,0.7937289326219762,0.5541286384796978,0.7991015310919765
0,0.11495495495495496,0.6862913542379246,0.4336054047687812,0.8093250000691186
0,0.11495495495495496,0.7778605840294388,0.537128752039821,0.7747978427814449
0,0.11495495495495496,0.6763580782257846,0.5073929922416481,0.9389614743047212
0,0.11495495495495496,0.7097335707415545,0.47494681058148486,0.9148320955654184
0,0.11495495495495496,0.5777171772635087,0.4366718532611526,0.7787646708627385
0,0.11495495495495496,0.7718953706699512,0.5221406446295278,0.5928755147355036
0,0.11495495495495496,0.777245280558844,0.536168627845446,0.8442912473985442
0,0.11495495495495496,0.7458333318794554,0.5209987078033734,0.7735505659563238
0,0.11495495495495496,0.6796315518028826,0.3892186244652793,0.7083024546905629
0,0.11495495495495496,0.6818239218484001,0.37686812816830634,0.7462119194944438
0,0.11495495495495496,0.6714261754527485,0.3819313929237405,0.6639233627742196
0,0.11495495495495496,0.7074115298540197,0.4664277829768688,0.8056221724602689
0,0.11495495495495496,0.7160205515484743,0.4681260573302831,0.7585476826671844
0,0.11495495495495496,0.9270663121083215,0.5110240056703683,0.7623390619322229
0,0.11495495495495496,0.7178386776451942,0.4781888062270393,0.7624674955241408
0,0.11495495495495496,0.7087902576819344,0.4511010492537951,0.7696262239901263
0,0.11495495495495496,0.6230087888236853,0.3873885208133617,0.7269993461894827
0,0.11495495495495496,0.7505758126555961,0.5858001337738616,0.8347372171682961
0,0.11495495495495496,0.7684523042948447,0.5533559860385042,0.9029969545136715
0,0.11495495495495496,0.6364336646936902,0.3831343142852186,0.7668125029201334
0,0.11495495495495496,0.6170298868945501,0.4049972205045897,0.7091265207616084
0,0.11495495495495496,0.6851042728759092,0.434648761260382,0.7998007968502163
0,0.11495495495495496,0.7637340566418024,0.5372208102852186,0.5489025919473196
0,0.11495495495495496,0.6360730550322086,0.3549934173300822,0.4047695840098783
0,0.11495495495495496,0.7329512765328926,0.5621959432599868,0.8637811165785945
0,0.11495495495495496,0.7472709988291321,0.5822693759302593,0.8389696732146612
0,0.11495495495495496,0.6259519414272463,0.3872586389472892,0.7804835083222629
0,0.11495495495495496,0.6239861600249618,0.3993576983401245,0.7804835083222629
0,0.11495495495495496,0.7447706811475846,0.6816421305942416,0.8885086260610565
0,0.11495495495495496,0.641998923496996,0.3969487820932258,0.787376752291525
0,0.11495495495495496,0.7493655913021353,0.6676606979874843,0.8822725601757215
0,0.11495495495495496,0.6981377562644682,0.5147695491450595,0.7730187929021375
0,0.11495495495495496,0.6355503120705883,0.39308746506320147,0.6398897488223348
0,0.11495495495495496,0.7053041751043051,0.5100908491595115,0.8429444832354215
0,0.11495495495495496,0.6786860673835315,0.43484418176727074,0.5078038783724628
0,0.11726595400064788,0.4222868760633759,0.2431387231454625,0.28633839421018636
0,0.11726595400064788,0.4148932639651049,0.2991712010506964,0.5993817437042865
0,0.11726595400064788,0.41558956795830354,0.23957526165747434,0.30242750413392844
0,0.11726595400064788,0.4167880444366601,0.24496768530267074,0.28633839421018636
0,0.11726595400064788,0.425333042629294,0.24961831037103352,0.30242750413392844
0,0.11726595400064788,0.4260838270275894,0.25088539987068115,0.30242750413392844
0,0.11726595400064788,0.4204460358767845,0.24358324328027997,0.24321602268715709
0,0.11726595400064788,0.427150725405047,0.2432211764038475,0.28633839421018636
0,0.11726595400064788,0.42674485229721015,0.2520479250027462,0.30242750413392844
0,0.11726595400064788,0.424367440428347,0.24607676570645573,0.24321602268715709
0,0.11726595400064788,0.4234482692297229,0.24134281996174015,0.24321602268715709
0,0.11726595400064788,0.4262569979041016,0.24444715136226472,0.28633839421018636
0,0.11726595400064788,0.42574589986874317,0.24672835592882905,0.30242750413392844
0,0.11726595400064788,0.42441578858639006,0.24507090991416786,0.30242750413392844
0,0.11726595400064788,0.5051107740982581,0.2778217788691123,0.3908024743613014
0,0.11726595400064788,0.5065928595216403,0.28446036286319826,0.3908024743613014
0,0.11726595400064788,0.5088933515604818,0.27554977650667284,0.4620442992105051
0,0.11726595400064788,0.42495998958991055,0.24300154261486356,0.28633839421018636
0,0.11726595400064788,0.424154895547614,0.24408834114246922,0.3039961163010373
0,0.11726595400064788,0.4234399296161043,0.2379041088804095,0.22457319112897492
0,0.11726595400064788,0.4320483388588417,0.242072296427363,0.22457319112897492
0,0.11726595400064788,0.433043952196379,0.24931650419916754,0.22457319112897492
0,0.11726595400064788,0.4320129122670583,0.24961118682326627,0.27893451741126507
0,0.11726595400064788,0.4231907522549898,0.23957681052374763,0.2878579925854879
0,0.11726595400064788,0.42334569554248824,0.24041393419987822,0.2878579925854879
0,0.11726595400064788,0.42331539870930496,0.2424651534490055,0.3039961163010373
0,0.11726595400064788,0.432068434323809,0.24760345797571018,0.27893451741126507
0,0.11726595400064788,0.41959225232076686,0.25257528121170936,0.2900777524223111
0,0.11726595400064788,0.4157961641947965,0.22808943079227562,0.3039961163010373
0,0.11726595400064788,0.4288954073921539,0.23526934659588986,0.24458520191370872
0,0.11726595400064788,0.42993152057985934,0.23828233086154427,0.24458520191370872
0,0.11726595400064788,0.50084255845284,0.2739704108050206,0.47424433988106274
0,0.11726595400064788,0.41158272882307534,0.22572926633553386,0.3039961163010373
0,0.11726595400064788,0.4130803861426224,0.24097077124401337,0.30242750413392844
0,0.11726595400064788,0.41386163495605677,0.247211962824046,0.30242750413392844
0,0.11726595400064788,0.4223200382058075,0.2569160636915283,0.30242750413392844
0,0.11726595400064788,0.4236952407460666,0.25436830862656984,0.30242750413392844
0,0.11726595400064788,0.4223022806098715,0.2537146447803509,0.30242750413392844
0,0.11726595400064788,0.42377695534326254,0.25112247754374223,0.30242750413392844
0,0.11726595400064788,0.4157951961408408,0.2452317832815805,0.288551183987983
0,0.11726595400064788,0.5009834638827926,0.3012669415237973,0.32710676672796607
0,0.11726595400064788,0.4092320329750572,0.23925858190837085,0.2843352075014792
0,0.11726595400064788,0.4084345401544286,0.302070165489875,0.5742821093906775
0,0.11726595400064788,0.42336027122193426,0.23730107616635213,0.22457319112897492
0,0.11495495495495496,0.6532363761819396,0.4218833264309013,0.710671590583768
0,0.11495495495495496,0.7474376585710649,0.47656345826242563,0.7698064687821811
0,0.11495495495495496,0.7566753087749096,0.6314143750693763,0.8019655172497387
0,0.11495495495495496,0.6073546405937856,0.3952485260519684,0.7466398273388579
0,0.11495495495495496,0.5907279066622638,0.3812887852664363,0.6369125201812661
0,0.11495495495495496,0.7295274092708783,0.6205461611174048,0.7958547526855585
0,0.11495495495495496,0.744918851332857,0.4826665005901758,0.5719295171264904
0,0.11495495495495496,0.5797676342997534,0.3247890148064722,0.5975876367631082
0,0.11495495495495496,0.746365983122284,0.6185312892966593,0.8191575625049844
0,0.11495495495495496,0.6402367445201138,0.39534708620015935,0.7742108690016428
0,0.11495495495495496,0.7554616644432045,0.6009160001211171,0.7421426847873578
0,0.11495495495495496,0.611544780102297,0.3832795933656692,0.730582805188658
0,0.11495495495495496,0.6544884611331957,0.4205973220950461,0.7742108690016428
0,0.11495495495495496,0.7342353760217932,0.7012656951507019,0.8690013420820967
0,0.11495495495495496,0.6109104103399764,0.35684365237755145,0.6751996096152456
0,0.11495495495495496,0.6111081760179755,0.35716011898432404,0.6441659826352121
0,0.11495495495495496,0.7459304367286784,0.5980134169912499,0.7812369150821026
0,0.11495495495495496,0.6107163034260764,0.35245950867075765,0.6751996096152456
0,0.11495495495495496,0.6118608096612019,0.3378878322549792,0.6072584283106834
0,0.11495495495495496,0.7464674921926095,0.5730641325450778,0.755059568963481
0,0.11495495495495496,0.692773028462183,0.5798022104933828,0.7724739632228788
0,0.11495495495495496,0.6089556645157271,0.34556037971773385,0.578636823161819
0,0.11495495495495496,0.7444218815294226,0.5705361917387634,0.7219362559500053
0,0.11495495495495496,0.6090805937231016,0.3516307045211073,0.6238746109457325
0,0.11495495495495496,0.7445164343043704,0.5598263885100826,0.7347964061103847
0,0.11495495495495496,0.6090312896423331,0.3516307045211073,0.6238746109457325
0,0.11495495495495496,0.7444909530056291,0.5604534919140646,0.7347964061103847
0,0.11495495495495496,0.5948788408662701,0.34058639876693286,0.5740341479234984
0,0.11495495495495496,0.6367443729006994,0.3344442126352726,0.53224727133382
0,0.11495495495495496,0.5891880181587592,0.30522692101038695,0.42102679119112124
0,0.11495495495495496,0.7277320629249923,0.4764137154686562,0.5892431115949548
0,0.11495495495495496,0.5877822836177287,0.314792968772417,0.42102679119112124
0,0.11495495495495496,0.5689930380158812,0.3061501110187032,0.3523309622723373
0,0.11495495495495496,0.6470648659289077,0.5029520801714277,0.2737590800544456
0,0.10513326752221125,0.648677593709181,0.23777092334433433,0.17590393260223985
0,0.10513326752221125,0.6358641534560657,0.23204652715912658,0.20527038857662794
0,0.10513326752221125,0.6476517205083632,0.2338431827497123,0.1825972918699362
0,0.10513326752221125,0.6778320166888151,0.259008794164664,0.11328147951070096
0,0.10513326752221125,0.6260276368529657,0.21611875750633133,0.09588508848075658
0,0.10513326752221125,0.621856794889836,0.21543739232219636,0.09983612593417286
0,0.10513326752221125,0.6218610979048517,0.22096513583191812,0.07193330170261225
0,0.11726595400064788,0.6922134313971111,0.16141857997821563,0.09662031432162352
0,0.11726595400064788,0.6881427309018994,0.18397971376603167,0.14643468660534228
0,0.11726595400064788,0.6911348884250131,0.17757159835351327,0.10313109061670152
0,0.11726595400064788,0.6944797296645303,0.18870364352111885,0.10313109061670152
0,0.11726595400064788,0.7024119096620228,0.17036605355874393,0.10313109061670152
0,0.10513326752221125,0.5036699712245305,0.20363212891018803,0.1425039853792756
0,0.11726595400064788,0.7235666111356174,0.11824936858880522,0.07947434149792199
0,0.11726595400064788,0.727767372645875,0.14880305564404941,0.0842997010796797
0,0.10513326752221125,0.5034266053801794,0.22675855719688437,0.16003999840414584
0,0.10513326752221125,0.507599286121497,0.24502665143841582,0.17696592527658292
0,0.10513326752221125,0.5011086649490719,0.2085634939792077,0.1645041203381771
0,0.11726595400064788,0.7296047179407712,0.15347226744773132,0.0842997010796797
0,0.10513326752221125,0.48626668065684553,0.06657428998986019,0.06006214425366967
0,0.11726595400064788,0.725368494530213,0.1960039503356019,0.27753277179520164
0,0.10513326752221125,0.4816706830354943,0.0778924463837987,0.05905588561737907
0,0.11726595400064788,0.7303526320396305,0.14970865032905775,0.09634136756152713
0,0.11726595400064788,0.7188834648431608,0.1991123441760284,0.27389184493678476
0,0.11726595400064788,0.705576501926595,0.2139867734920754,0.22214248442619924
0,0.10513326752221125,0.47608643645698034,0.15138983501738526,0.12084121347359511
0,0.10513326752221125,0.4613669719196745,0.1299753634705568,0.13172814093758045
0,0.10513326752221125,0.46150997636687446,0.1402915950867274,0.11088328012992336
0,0.10513326752221125,0.4356933304369228,0.12965728118539765,0.07622142293066159
0,0.10513326752221125,0.4410104862806757,0.1313677265784063,0.060136542233551915
0,0.11726595400064788,0.697427192192998,0.267419653686539,0.2558682442586608
0,0.11726595400064788,0.7086028872752591,0.19212641634329963,0.2461718525790562
0,0.11726595400064788,0.709017606766722,0.2189274391512293,0.23798530086540487
0,0.11726595400064788,0.7194531560786867,0.1995645841361111,0.21083651064857128
0,0.11726595400064788,0.7640295567111254,0.16020626896366533,0.10171464896809013
0,0.11726595400064788,0.7255302695440857,0.1511792279780161,0.13282609595743963
0,0.11726595400064788,0.7275996363103993,0.15318696612684732,0.16845204001209718
0,0.11726595400064788,0.7220694528039543,0.18045814575210234,0.2692565793705065
0,0.11726595400064788,0.71764472052589,0.19398360793285147,0.25605755559365767
0,0.11726595400064788,0.7066043381111077,0.20830392828542899,0.2067729898008219
0,0.10513326752221125,0.4809515032355531,0.11320269194637483,0.13741733760144442
0,0.11726595400064788,0.7483836412655831,0.18274115494020812,0.1965177484971705
0,0.11726595400064788,0.7849914754309072,0.2485859694275104,0.3313840024732223
0,0.11726595400064788,0.7281518585440017,0.22570882092062225,0.3129633272083355
0,0.11726595400064788,0.7275258541254287,0.2432844993088435,0.2554426204480033
0,0.11726595400064788,0.7273751210854493,0.20441579498455714,0.47261247311295884
0,0.11726595400064788,0.7702708760222166,0.21624627740281122,0.1000626071419528
0,0.11726595400064788,0.7675590584053253,0.22255946462550938,0.10129131234556057
0,0.11726595400064788,0.7692328911530046,0.21580462659868352,0.0938950743012022
0,0.11726595400064788,0.7295760240737381,0.2424169733696706,0.3695963858787753
0,0.11726595400064788,0.7397282437272796,0.2143362771658677,0.3069812507868082
0,0.11726595400064788,0.7393264900444715,0.22340670156960413,0.2706167152157799
0,0.11726595400064788,0.742648342986521,0.23154487165982082,0.23261424613367107
0,0.11726595400064788,0.7201269787121715,0.21968534750222396,0.24779672833381516
1,0.12657130472475075,0.09591461361901767,0.1285049520236147,0.05293043408131325
1,0.12657130472475075,0.09597727123872545,0.1241635537219886,0.05184176525605809
1,0.12657130472475075,0.17214653127015744,0.2179171302083125,0.15111620154125913
1,0.12657130472475075,0.09250319456879522,0.33333996131837085,0.24552809975066883
1,0.12657130472475075,0.08199507697877605,0.1974943385465623,0.1428694803217066
1,0.10513326752221125,0.296283023817798,0.07672895789802833,0.09961580801927797
1,0.10513326752221125,0.339684533325928,0.06215975716466595,0.1005520098111638
1,0.12657130472475075,0.0457561127071693,0.058579204240396865,0.020322308071747935
1,0.12657130472475075,0.247111521170141,0.27132761397764493,0.13258835431678107
1,0.12657130472475075,0.049582061411001216,0.05395587413505035,0.031401076142077954
1,0.12657130472475075,0.30377112478852053,0.345921217877031,0.3064908705223058
1,0.12657130472475075,0.6975262386505237,0.31529528679541335,0.24562976459654742
1,0.12657130472475075,0.25714671948461487,0.2711891700704079,0.18890489627681775
1,0.10513326752221125,0.8129926880772637,0.3283316528628164,0.579347925151524
1,0.12657130472475075,0.342570359663831,0.2866408655831828,0.23515500197226494
1,0.12657130472475075,0.3788305354793072,0.14356500801768163,0.26526218857576
1,0.12657130472475075,0.2306631897391374,0.3379301143862765,0.49210763900131915
1,0.10513326752221125,0.22626439222116376,0.31524136821487536,0.3733503844127024
1,0.10513326752221125,0.22676211827838963,0.29080465799109884,0.3733503844127024
1,0.10513326752221125,0.37308168343740433,0.2883776482673745,0.4951938414827002
1,0.10513326752221125,0.46750368614692944,0.32648313082052466,0.4794181391390557
1,0.10513326752221125,0.47724674004267736,0.5345827591516942,0.7465841042945233
1,0.10513326752221125,0.5301299916133088,0.5328570127883341,0.7724271000766273
1,0.10513326752221125,0.1730244524497862,0.23798124763588419,0.2541517596864804
1,0.10513326752221125,0.39282388581524147,0.2123543707586865,0.10920001295006762
1,0.12657130472475075,0.5262326650138629,0.40380912281357517,0.5160279295388005
1,0.12657130472475075,0.265405287368534,0.3763281311020072,0.5195739155577829
1,0.12657130472475075,0.3920410672683643,0.375780628852729,0.5196146654178082
1,0.12657130472475075,0.3413434222166064,0.2383990453730122,0.21245753040226867
1,0.12657130472475075,0.3503583312535312,0.3338640032345337,0.31349024712139856
1,0.12657130472475075,0.06084881013661534,0.19964080987632946,0.08480399842419503
1,0.12657130472475075,0.05214222824656102,0.044054479474245636,0.02034156096571299
1,0.12657130472475075,0.05358363686697414,0.04680322971540392,0.006308856913093063
1,0.12657130472475075,0.053290782582168565,0.07735741130137312,0.0037434605757476515
1,0.12657130472475075,0.055991152740979114,0.059998613424152546,0.03827088912943728
1,0.11939375193318899,0.36256266226963635,0.1297340474049059,0.14384315673230832
1,0.11939375193318899,0.38636372894500154,0.12642770750483293,0.14371065366811447
1,0.11939375193318899,0.34968368356797,0.15347818824072565,0.17825795147096418
1,0.12657130472475075,0.6360641672856397,0.5021272730782268,0.5624271012917907
1,0.12657130472475075,0.6309031733025392,0.5342012103926898,0.6741553053833774
1,0.12657130472475075,0.6351207102246286,0.47491494939512574,0.4862135379999862
1,0.12657130472475075,0.3156388822587661,0.3462177853213408,0.35166279170972503
1,0.12657130472475075,0.7151800366039939,0.48420878465191314,0.49274070800903996
1,0.12657130472475075,0.7106957700110652,0.4889995733746435,0.5619808396068208
1,0.12657130472475075,0.6240825949358844,0.5042848929779101,0.6784755707305603
1,0.12657130472475075,0.6227295619465874,0.4720591910912303,0.6722165792785666
1,0.12657130472475075,0.6236262881117863,0.5822307317214919,0.6868526615267386
1,0.12657130472475075,0.6200135425483064,0.40520771313317755,0.605864796208293
1,0.12657130472475075,0.6065880933608296,0.3592725481184729,0.21896164569658497
1,0.12657130472475075,0.6316344429506193,0.3976218836473675,0.2244517077288173
1,0.12657130472475075,0.3860534529826346,0.41440211026918383,0.5222253561271253
1,0.12657130472475075,0.6303824823970802,0.4682659528276998,0.5898112382667504
1,0.12657130472475075,0.6798229909295815,0.48944331574716765,0.5331760861280519
1,0.12657130472475075,0.7474022999715676,0.5251068641316676,0.6475543105626651
1,0.12657130472475075,0.6417624323082977,0.41351099374107814,0.5342064219143016
1,0.11495495495495496,0.5975967025590897,0.4855023298915433,0.5184528079948514
1,0.11939375193318899,0.652343036405163,0.38042541381241746,0.3905896713121616
1,0.11939375193318899,0.45996808773689773,0.31576696345899213,0.36573579463788264
1,0.12657130472475075,0.537069203844579,0.22601063666039228,0.030282158922832203
1,0.12657130472475075,0.6921724430251298,0.47071340391195426,0.6517390542691995
1,0.12657130472475075,0.5751722044186993,0.2586244462164514,0.10772508820910952
1,0.12657130472475075,0.8872344882911948,0.43992610975855745,0.4577761589592279
1,0.12657130472475075,0.6386920400142289,0.41528951019541677,0.6886872277265441
1,0.11939375193318899,0.4845283836013021,0.30212770895298574,0.378518164822656
1,0.10513326752221125,0.350571247000659,0.2128419043176583,0.2621746584063043
1,0.10513326752221125,0.4372257693308145,0.303722389718379,0.30627704323413785
1,0.10513326752221125,0.6935119346318535,0.2516689381675561,0.38715201033776586
1,0.10513326752221125,0.3546158487315452,0.20233062378486913,0.27518010032675355
1,0.10513326752221125,0.4346892254169612,0.22992726899918078,0.3211124828644767
1,0.10513326752221125,0.4333067871574667,0.31460732361796234,0.46713870813543507
1,0.10513326752221125,0.36610689814275094,0.2170852672642451,0.3066510296755381
1,0.10513326752221125,0.3654966533353048,0.29260847709471305,0.27303297614419036
1,0.10513326752221125,0.3957662846018252,0.21826559764927758,0.34224938822133094
1,0.10513326752221125,0.3709054520194023,0.20478889380316417,0.3239620434628706
1,0.10513326752221125,0.27228027987303977,0.1616444822970318,0.24494330241475154
1,0.10513326752221125,0.5800100165608766,0.4290754694163974,0.6909268727453444
1,0.10513326752221125,0.3037161834411619,0.17819482017845253,0.18368885105155047
1,0.10513326752221125,0.34234129853025824,0.34605096499712584,0.43453327286393534
1,0.10513326752221125,0.28060337203558444,0.22699677007769978,0.33646043666213676
1,0.10513326752221125,0.23331108192948902,0.12614077521375844,0.05053034224680613
1,0.10513326752221125,0.23896125822193381,0.0781877715207511,0.07849026299081079
1,0.10513326752221125,0.39220464379580755,0.26945105939594977,0.27426001281124956
1,0.10513326752221125,0.07288098580174046,0.3122060768450649,0.24421779587426615
1,0.10513326752221125,0.42870981409311987,0.34294476460672246,0.443063506001631
1,0.10513326752221125,0.2575432946840567,0.12994370258558433,0.19264192502125718
1,0.10513326752221125,0.3066797354809364,0.3439052698562372,0.5801333949775314
1,0.10513326752221125,0.3938013456143896,0.3315408467947171,0.349763314404537
1,0.10513326752221125,0.40687387950049736,0.36689121014252873,0.4062695650622332
1,0.10513326752221125,0.49071902093969333,0.36461657132779507,0.4062695650622332
1,0.10513326752221125,0.3851940754593747,0.3277966005436281,0.3827347647591161
1,0.10513326752221125,0.26248490034288874,0.1324483220282097,0.21594801930449678
1,0.10513326752221125,0.27626559293963665,0.15818899787691718,0.08687074695662583
1,0.10513326752221125,0.3030196019224391,0.3294386457949115,0.49211576760633846
1,0.10513326752221125,0.2763326206464092,0.2169512590745793,0.1366458814485271
1,0.10513326752221125,0.22823181327523628,0.452213892333914,0.6117372901400054
1,0.10513326752221125,0.49855854304386876,0.3706396964950388,0.5399260359066101
1,0.10513326752221125,0.39233141796872467,0.3272736249172232,0.33419836956394317
1,0.10513326752221125,0.3964911416761882,0.30870612554886034,0.2816282210995262
1,0.10513326752221125,0.3021794281418809,0.4236373769728825,0.46996681108230326
1,0.10513326752221125,0.30745202944692285,0.3558979206876138,0.4400400540985056
1,0.10513326752221125,0.47673627638589844,0.37962780448975375,0.6146433385660044
1,0.11495495495495496,0.750340186015079,0.35010140040448157,0.5380750130790696
1,0.10513326752221125,0.2846687729409652,0.28603986367313883,0.40470943743879273
1,0.11495495495495496,0.26916135147517206,0.5573420474839484,0.6723436282948212
1,0.10513326752221125,0.7109732729918342,0.3417903868392258,0.4563088842435462
1,0.10513326752221125,0.43939596565535927,0.3317717002531809,0.38318316096864447
1,0.10513326752221125,0.4158335276818175,0.316321863453062,0.35456480504662924
1,0.10513326752221125,0.27211332122030846,0.2604981115589321,0.43443441326043497
1,0.10513326752221125,0.20704793286364942,0.09043936033585735,0.03353587557421356
1,0.10513326752221125,0.2611486633817317,0.23421256442999666,0.20978317940527005
1,0.10513326752221125,0.2674889672439691,0.22992562314419307,0.1684900089321846
1,0.11495495495495496,0.8133190293159844,0.4515383100092608,0.6409236870706316
1,0.10513326752221125,0.759779266469282,0.3380852572737419,0.47678658374619814
1,0.10513326752221125,0.16705070338603503,0.1830909991106933,0.09794062195388022
1,0.10513326752221125,0.6817842071892984,0.2328955399228675,0.3692216427507651
1,0.10513326752221125,0.4631716858483716,0.295098498323888,0.26582232334092315
1,0.10513326752221125,0.40871928450242806,0.3117234044570696,0.19003464566826114
1,0.10513326752221125,0.6850601343655253,0.3028487312600434,0.37050461071551416
1,0.10513326752221125,0.28837277220724583,0.15405361694651346,0.02480819670361315
1,0.12657130472475075,0.23850777941616472,0.19111807259323155,0.3507307137983428
1,0.10513326752221125,0.5211926221823449,0.3262365385377832,0.5240850611690394
1,0.10513326752221125,0.34972221218150557,0.1349163615461624,0.04609144878424571
1,0.11495495495495496,0.5003553006067043,0.4157062111202003,0.5993117065446413
1,0.10513326752221125,0.49430423960065006,0.31744436089765526,0.33349720165268426
1,0.10513326752221125,0.4220751774468969,0.33457646156063287,0.48154168025021743
1,0.10513326752221125,0.5064608078152788,0.2925476099984333,0.33290881964841973
1,0.12657130472475075,0.2997474610099306,0.24505075452346378,0.22129846722376206
1,0.12657130472475075,0.786413445685415,0.27171993974398295,0.5243987566519634
1,0.12657130472475075,0.2981874469491762,0.24549953918781997,0.23386719462367406
1,0.12657130472475075,0.19714090056528047,0.27594051841732764,0.44697366016127055
1,0.12657130472475075,0.42586158966925625,0.27093400764564,0.04949694905040328
1,0.12657130472475075,0.45736590771741464,0.3398010857552961,0.19152297810690536
1,0.12657130472475075,0.43818221084357084,0.2961202069436056,0.15768895955154974
1,0.12657130472475075,0.43821907154671935,0.380828842840998,0.14369126514087444
1,0.12657130472475075,0.4441974998078225,0.3753509119789685,0.294815298903262
1,0.12657130472475075,0.44235281571728474,0.37863027996039283,0.053468602489274215
1,0.12657130472475075,0.2127721770526035,0.18369688598038286,0.20390664857759294
1,0.12657130472475075,0.20067610162836919,0.28255539052079864,0.3990886372437592
1,0.12657130472475075,0.36221444501499894,0.24968594306467468,0.35051152482084313
1,0.12657130472475075,0.4107076592953984,0.4383461769416261,0.6470542272202155
1,0.12657130472475075,0.21150424741193768,0.13620921676633732,0.10412054419460993
1,0.12657130472475075,0.2174987644120029,0.16900728775130613,0.16652383008637414
1,0.12657130472475075,0.21986777368383315,0.2013711501365002,0.24067431004410744
1,0.12657130472475075,0.21610867282406881,0.16519370787126164,0.18831538116422417
1,0.12657130472475075,0.21581678550195577,0.1733709470050679,0.24067431004410744
1,0.12657130472475075,0.4156457686848835,0.3037097018705383,0.5354293399665079
1,0.12657130472475075,0.4146000677233522,0.4094641566028571,0.5958772107450688
1,0.12657130472475075,0.2146557253757102,0.15918621868965688,0.15694276699117388
1,0.12657130472475075,0.37317999116248723,0.317346103899175,0.38402706111612844
1,0.12657130472475075,0.31754155490095365,0.19755297961842494,0.30914702775919545
1,0.12657130472475075,0.23578340088020694,0.2850367127546124,0.4473969715278246
1,0.10513326752221125,0.6711121160930096,0.20475966434973933,0.3199731540928711
1,0.10513326752221125,0.3412430018056164,0.22513048255534027,0.3157137563622358
1,0.10513326752221125,0.3258411747290937,0.19414186151551546,0.26101838832596536
1,0.10513326752221125,0.3578984804718081,0.23732062098248713,0.28115815006738604
1,0.10513326752221125,0.24695562899186457,0.19713102149709646,0.2451586910970721
1,0.10513326752221125,0.2756021686906105,0.12432411817624447,0.21766194821199422
1,0.10513326752221125,0.45630704696183,0.18749052079937087,0.23547507777209478
1,0.10513326752221125,0.32581958498492924,0.19730973351111467,0.24124285215923202
1,0.10513326752221125,0.31788074849607145,0.239355583121437,0.23398294084947724
1,0.10513326752221125,0.3381432657112941,0.1836775611869098,0.14340345652185926
1,0.10513326752221125,0.36295520623774985,0.2610001367031759,0.2762745862579718
1,0.10513326752221125,0.3402717538747043,0.28049656475907,0.2762745862579718
1,0.10513326752221125,0.30828871943825426,0.18512693583132808,0.329455058183486
1,0.10513326752221125,0.2545699700953622,0.1398907026289152,0.11482685218844997
1,0.10513326752221125,0.4205988414845904,0.1890607025396942,0.18062289437683857
1,0.10513326752221125,0.5204056116238657,0.163444882449846,0.149799919318633
1,0.10513326752221125,0.39126116248880866,0.17519643614840796,0.14899578614150824
1,0.10513326752221125,0.3409316361533856,0.21938765245042433,0.3041870908159937
1,0.10513326752221125,0.3381945158688697,0.18518097633748323,0.3426635313320994
1,0.10513326752221125,0.3806066090937836,0.19335641601881823,0.3229277809579289
1,0.10513326752221125,0.38764255921303625,0.23434487997020154,0.3726972082155461
1,0.10513326752221125,0.3579449576382869,0.24439892272758254,0.22875598515314097
1,0.10513326752221125,0.4323979668107577,0.20914128191757142,0.12206384751978465
1,0.10513326752221125,0.34286986429006383,0.21530983670297,0.22074477641688164
1,0.10513326752221125,0.4733248886864068,0.17383251336564642,0.0971264270419356
1,0.10513326752221125,0.2631125282587735,0.1254085822223958,0.10942112908297938
1,0.10513326752221125,0.3730000897362821,0.1980200187469618,0.3428854790749065
1,0.10513326752221125,0.4357876715376392,0.21176512255301644,0.11348792106117317
1,0.10513326752221125,0.4231510639533909,0.17225836197399225,0.10340577697315582
1,0.10513326752221125,0.35244273271860765,0.2140219101772164,0.22150969182681868
1,0.10513326752221125,0.37630159528438384,0.24545247458449068,0.328288335204037
1,0.10513326752221125,0.37620237647762156,0.20447059376976173,0.2241612385193263
1,0.10513326752221125,0.3424580188737086,0.2524790336472293,0.21623530447369055
1,0.10513326752221125,0.35270217142568766,0.19332458997113355,0.2575366235473666
1,0.10513326752221125,0.48017863199351574,0.17361585393967735,0.1447848878739689
1,0.10513326752221125,0.36047564125211884,0.20521788412116015,0.2770176270137965
1,0.10513326752221125,0.36652763834982477,0.22691722510882037,0.15330207034888105
1,0.10513326752221125,0.3663719248391503,0.21463984209602238,0.16176276419721963
1,0.10513326752221125,0.40370485289511704,0.31124292975249324,0.37065745686447227
1,0.10513326752221125,0.39335003182132466,0.21717357345423866,0.10339246596837948
1,0.10513326752221125,0.4939906744122605,0.16451457659832,0.1434517023843316
1,0.10513326752221125,0.3657225197955318,0.2398812889477593,0.2507206782652679
1,0.10513326752221125,0.37474964023837665,0.26387565014466235,0.4435208553189121
1,0.10513326752221125,0.4419460399389385,0.3903737506084043,0.429848149790246
1,0.10513326752221125,0.5399997830356704,0.277655617802028,0.23122644326274333
1,0.10513326752221125,0.513039119899679,0.2617494806680778,0.23122644326274333
1,0.10513326752221125,0.40583798720726766,0.28120069132882314,0.41048926632896354
1,0.10513326752221125,0.5678714521749529,0.26107808364444657,0.2484049348230686
1,0.11495495495495496,0.5967901755813195,0.5313752933552319,0.7039433138381738
1,0.11726595400064788,0.10491532267562002,0.16983736958002832,0.1587078085679976
1,0.10513326752221125,0.19666642029825013,0.35083637890936825,0.6111402075058121
1,0.11726595400064788,0.7814255845223848,0.5412106993279413,0.7287588285111621
1,0.11726595400064788,0.6456731527225328,0.37936854134860815,0.255886090144927
1,0.11726595400064788,0.3124661320251202,0.28704188650785756,0.3279778461833125
1,0.11726595400064788,0.2522612431476639,0.2273621478916941,0.1718221752112572
1,0.11726595400064788,0.6745203976861863,0.31500121690208843,0.27934554244379106
1,0.11726595400064788,0.22798758543408104,0.239493915951623,0.1740908271465897
1,0.11726595400064788,0.17734060314676453,0.16852647389809217,0.06466655205811875
1,0.11726595400064788,0.17869937095423574,0.16323652231947408,0.10412687629689843
1,0.11726595400064788,0.7757641983602577,0.5067103860061278,0.5946391546624136
1,0.11726595400064788,0.7666363843040105,0.5066284424851611,0.4163690730800319
1,0.11726595400064788,0.7546908750166632,0.4580025403605964,0.60863345374218
1,0.11726595400064788,0.6997202939430301,0.42998977433785474,0.2970168552610718
1,0.11726595400064788,0.7630654925639466,0.47131897677025875,0.60863345374218
1,0.11726595400064788,0.7187909945927025,0.4410393119924565,0.5096020672764965
1,0.11726595400064788,0.6293865763138028,0.2429504713689166,0.08525867871013862
1,0.11726595400064788,0.693909860597236,0.294099737041296,0.1206539107066234
1,0.11726595400064788,0.6904710256515152,0.30037500582714816,0.25759557103099134
1,0.11726595400064788,0.787230708727165,0.43928468301328755,0.6477516822230146
1,0.11726595400064788,0.7873044765794934,0.43773818571496537,0.6477516822230146
1,0.11726595400064788,0.81661209187415,0.43441774980723874,0.6872938306700235
1,0.11726595400064788,0.7172238286217902,0.3332496651859074,0.38070115232041857
1,0.11726595400064788,0.37661593463970744,0.25019134094152595,0.3206099348899898
1,0.11726595400064788,0.8167543131001119,0.4441416184418745,0.6947813334825342
1,0.10513326752221125,0.8551278718764617,0.7343474771175763,0.8445839038991895
1,0.10513326752221125,0.8130388835420482,0.556288074886727,0.8199683286427223
1,0.10513326752221125,0.9059885494349963,0.6592350512347991,0.7283536253293067
1,0.11726595400064788,0.770683507632856,0.5084755898992639,0.6044248311736082
1,0.11726595400064788,0.6603714880814675,0.3788326050316424,0.22447417417257945
1,0.11495495495495496,0.843367397659951,0.6389356952058834,0.7517960362133606
1,0.11495495495495496,0.7602415796127243,0.6249199140659275,0.8820956244287159
1,0.11495495495495496,0.6267930352564743,0.5550208471555161,0.6868480623270484
1,0.11495495495495496,0.5986794931266963,0.5496627564032979,0.7556369145038949
1,0.11495495495495496,0.8052722918412992,0.684652564878763,0.9203200529771423
1,0.10513326752221125,0.7671367078139746,0.38141786145962764,0.40208620894893116
1,0.10513326752221125,0.7834623171135898,0.3851475208492657,0.2131564817411874
1,0.10513326752221125,0.7904539104968993,0.3874347792945391,0.4690475387897855
1,0.10513326752221125,0.7547846498399823,0.3361841535373119,0.4013080500850524
1,0.11495495495495496,0.8281674951923272,0.7148663392622753,0.8130057748992179
1,0.10513326752221125,0.7646331888698976,0.38582123509725696,0.4074108849637583
1,0.11495495495495496,0.859911484613902,0.6981806539819253,0.7677411734182218
1,0.11495495495495496,0.8361530295828119,0.6593974329436301,0.77083242506657
1,0.11495495495495496,0.8871685632851485,0.6945677429967719,0.8555644650209444
1,0.11495495495495496,0.8994712124946964,0.6609201937098591,0.91281716119392
1,0.10513326752221125,0.8363592813134954,0.4535755477404669,0.615060457898633
1,0.10513326752221125,0.5359211263003203,0.2841496907901618,0.1403061159897932
1,0.10513326752221125,0.7819966249261553,0.3400755672223163,0.2528204974036433
1,0.10513326752221125,0.6906217103552102,0.42496487994776444,0.5769955501202029
1,0.10513326752221125,0.634090667121684,0.43869820702778445,0.5769955501202029
1,0.10513326752221125,0.6975647366963745,0.4142384034671998,0.5769955501202029
0,0.11726595400064788,0.4397792200882506,0.17078618840398546,0.13773621073596284
1,0.10513326752221125,0.6717125363224299,0.398128263886631,0.514181887717387
1,0.10513326752221125,0.6676905583028894,0.3720085118750984,0.4044601064458163
1,0.10513326752221125,0.6917963030061031,0.41253984036955793,0.5769955501202029
1,0.10513326752221125,0.6754451089400431,0.397117832536194,0.514181887717387
1,0.10513326752221125,0.9253999851070713,0.40810377598383607,0.3694355030993749
1,0.10513326752221125,0.7345075645724675,0.2884621950115194,0.21876435723805665
1,0.10513326752221125,0.769857854216922,0.4613167027964716,0.47870781822567515
1,0.10513326752221125,0.8207898087633082,0.520091610559334,0.6792211374910095
1,0.10513326752221125,0.7930502812090504,0.4926437201021185,0.6758570469800043
1,0.10513326752221125,0.7862552624346496,0.5164801906923109,0.6831685720624165
1,0.10513326752221125,0.787639796901478,0.5612028582469273,0.7596641388861671
1,0.10513326752221125,0.7312720549540446,0.5213188789831963,0.6573878704668465
1,0.10513326752221125,0.7001834738035233,0.4631392579367978,0.7061038166225814
1,0.11495495495495496,0.6789135974925874,0.5627047435543492,0.5148920364503272
1,0.10513326752221125,0.7270914533686077,0.34032995161917845,0.34802938411744777
1,0.10513326752221125,0.8259542998579807,0.5232596609570287,0.6582554869516667
1,0.10513326752221125,0.8601485247671631,0.5583890771750154,0.6614396738517259
1,0.10513326752221125,0.8599807322193134,0.5564108084475972,0.6614396738517259
1,0.10513326752221125,0.6515005546238855,0.4010889067348272,0.6992766028665325
1,0.10513326752221125,0.6374194152417766,0.37601658384544623,0.43119115714595335
1,0.10513326752221125,0.6535961408779034,0.48879551089015544,0.6900718585562917
1,0.12657130472475075,0.6165862418046278,0.5604397554161564,0.5548924278648761
1,0.12657130472475075,0.6097463223122679,0.5517821467222546,0.5565606152695173
1,0.12657130472475075,0.5850091971413647,0.5674819849533823,0.41132897737089713
1,0.12657130472475075,0.5692658206869603,0.6528134657057609,0.7045197232252757
1,0.12657130472475075,0.5748334554826023,0.6356952394305255,0.6669737039024672
1,0.12657130472475075,0.553976221951355,0.6790484237862645,0.6609836549193788
1,0.12657130472475075,0.5665635570122668,0.5768771967258228,0.4693327180125979
1,0.12657130472475075,0.6023284419836689,0.7785189472272058,0.772706011098605
1,0.12657130472475075,0.5648587334402093,0.7288109234173133,0.7782998708138467
1,0.10513326752221125,0.5287492847051881,0.29555736355898465,0.4402746889077272
1,0.10513326752221125,0.5254117368929727,0.2983487616750356,0.5159750407040283
1,0.10513326752221125,0.5201745708198849,0.26893927284154245,0.3478728384095571
1,0.10513326752221125,0.5289868890534314,0.2146838633945316,0.1893836996591591
1,0.11495495495495496,0.725788071160858,0.516955585294603,0.7883856844853859
1,0.11495495495495496,0.6199903200020144,0.32683290630790324,0.4325842460582552
1,0.11495495495495496,0.6101887578882887,0.32444185580648127,0.4114226105695546
1,0.11495495495495496,0.6461532787606905,0.32708078550950453,0.4664781224824938
1,0.12657130472475075,0.6553927108486697,0.7062529163718184,0.6385258808899611
1,0.10513326752221125,0.4960550356497777,0.6466882457908222,0.8065071768289667
1,0.10513326752221125,0.4946539545005738,0.6318113245861169,0.7950666224544386
1,0.10513326752221125,0.4980781222174169,0.7455745786302257,0.7791240157595775
1,0.10513326752221125,0.491121557246282,0.7639376054613389,0.7652326626131234
1,0.10513326752221125,0.4878572350628347,0.5911213903498828,0.6815407560951553
1,0.10513326752221125,0.4983632375809541,0.5382236752742977,0.5385557880489953
1,0.10513326752221125,0.5212218837746294,0.6565681816165492,0.8275874732078091
1,0.10513326752221125,0.5364734803419698,0.5123811750064954,0.7257224870963772
1,0.10513326752221125,0.5224140647277236,0.50642363362011,0.6888103960796654
1,0.10513326752221125,0.5376441339477342,0.37765750066721077,0.5402705430343621
1,0.11495495495495496,0.7371142336402396,0.4451257781783086,0.8332453006941948
1,0.10513326752221125,0.5257751734284598,0.25952648755927143,0.29371231579430873
1,0.11495495495495496,0.6374339434571491,0.3442502540259311,0.5296016379364699
1,0.11495495495495496,0.8423599242277526,0.4820088648325321,0.6830302661723162
1,0.11495495495495496,0.7103498367419699,0.5127263483535526,0.6369449027767532
1,0.11495495495495496,0.6825917300669812,0.48895407765860127,0.6369449027767532
1,0.11495495495495496,0.7107382381205124,0.5139385827478028,0.6349530388453213
1,0.11495495495495496,0.6625791960361324,0.41038956212518146,0.7141877122631008
1,0.11495495495495496,0.641783910728783,0.41305206547962814,0.643858100940165
1,0.11495495495495496,0.7566729413841932,0.4598082805919143,0.3569645260609904
1,0.11495495495495496,0.6432821053818033,0.29643699042111205,0.11088203780908697
1,0.11495495495495496,0.7383544058680114,0.40835559867733184,0.22829355021464334
1,0.11495495495495496,0.6875017507413727,0.3214174918480152,0.46493257252336617
1,0.11495495495495496,0.7403873822072358,0.4137976867659461,0.4692623759838478
1,0.11495495495495496,0.7129874452482062,0.3548633449303295,0.6603274736589456
1,0.11495495495495496,0.7709730426319589,0.5141005595790978,0.5758248825326544
1,0.11495495495495496,0.7575529577479669,0.45954564250441493,0.5758744894205209
1,0.11495495495495496,0.6982789905459059,0.33507059595900274,0.8200236436512994
1,0.11495495495495496,0.7295834690271199,0.4734975627915336,0.849524895298403
1,0.11495495495495496,0.7971006886046296,0.4783074119997989,0.8586015478979523
1,0.11495495495495496,0.8618120527055608,0.5105588109983459,0.8494786793792164
1,0.11495495495495496,0.8415530636917712,0.49742432176676044,0.8970225961249759
1,0.11495495495495496,0.9457572104938156,0.5458344331091721,0.5848370494347913
1,0.11495495495495496,0.7749712862851791,0.46379774107351074,0.6593516159652307
1,0.11495495495495496,0.9121286713736007,0.5060768900958714,0.8625177830990275
1,0.11495495495495496,0.9305266783682277,0.5532864925303553,0.8953104572701707
1,0.11495495495495496,0.7090335129370253,0.4663053385699908,0.4083543943737187
1,0.11495495495495496,0.6922395407024345,0.43156847823673283,0.7000232431656223
1,0.11495495495495496,0.7100678462578406,0.522773050796761,0.858865733391644
1,0.11495495495495496,0.751580708667092,0.510823447752695,0.8519349762471577
1,0.11495495495495496,0.7015910462789989,0.514675299979681,0.9297527250413478
1,0.11495495495495496,0.6611900896592544,0.42488410021192796,0.8351554702275652
1,0.11495495495495496,0.7361899682760379,0.49419738369438637,0.764967584309633
1,0.11495495495495496,0.8087361945378463,0.5609038115417281,0.8553858701155147
1,0.11495495495495496,0.9306886508690221,0.5855430651842475,0.8566198558715415
1,0.11495495495495496,0.6845058971462609,0.3915394655120582,0.6337971505896958
1,0.11495495495495496,0.6518213174715012,0.3508889104969485,0.7470339754941715
1,0.11495495495495496,0.5824610067581932,0.5355625403577625,0.49732923209637747
1,0.11495495495495496,0.8784333077148515,0.5320539969964427,0.8204736544472138
1,0.11495495495495496,0.7487831269635679,0.5392562824225796,0.8313237533546015
1,0.11495495495495496,0.7891707795620283,0.5522355419595939,0.8771501162916341
1,0.11495495495495496,0.9226267577216437,0.5386215532076813,0.8569065721720924
1,0.11495495495495496,0.7648901197492618,0.5564724900981252,0.872125506709865
1,0.11495495495495496,0.7640343305492262,0.5643873486295571,0.872125506709865
1,0.11495495495495496,0.6676733728022037,0.43955481604543695,0.7630451842969148
1,0.11495495495495496,0.6957564106520518,0.4590369595909409,0.7526578612254448
1,0.11495495495495496,0.636853120003477,0.4034563622685984,0.7838431179591454
1,0.11495495495495496,0.6317293284410234,0.38476703237294674,0.6863283711018867
1,0.11495495495495496,0.5689385240368201,0.25125462607161375,0.13561448839892815
0,0.12657130472475075,0.35624644080926277,0.26627852708624244,0.1567646013047125
0,0.12657130472475075,0.13656150077728854,0.08323396153451258,0.06144378870585687
0,0.11495495495495496,0.2837330211273733,0.35848926367202255,0.5285619096294318
0,0.11495495495495496,0.3122557955327691,0.1396133102693892,0.23671013989987422
1,0.12657130472475075,0.2199541781496204,0.19842034367923062,0.20390664857759294
0,0.12657130472475075,0.30320340534352647,0.3374685123195402,0.2499626416477897
0,0.11726595400064788,0.3672727096889253,0.2179520445641423,0.27354554135964176
0,0.10513326752221125,0.1605736947209705,0.2682835898556542,0.4275557111290761
0,0.10513326752221125,0.8053408834947541,0.22154545256593833,0.15739139100206667
0,0.10513326752221125,0.8016966439140641,0.17948150940526936,0.396019737971942
0,0.10513326752221125,0.5647382371243571,0.14875310391391414,0.2983678146259252
0,0.12657130472475075,0.2382266446530627,0.17997627412455022,0.13797312296693484
0,0.12657130472475075,0.27443193481100897,0.20093118931569456,0.08793674038907362
0,0.12657130472475075,0.3796279735652799,0.36104475716429774,0.3476269268340334
0,0.10513326752221125,0.8072637904695924,0.39754335479293845,0.6309596279638909
0,0.12657130472475075,0.42037257703466746,0.2689599517511555,0.3231668409553701
0,0.10513326752221125,0.4973447994345099,0.29701227179831663,0.4363552874759742
0,0.10513326752221125,0.20498523455958717,0.2176944842128871,0.21997089975394923
0,0.12657130472475075,0.3491324584513217,0.2620539545745588,0.2926998803019997
0,0.12657130472475075,0.17209721911527906,0.18887406869793863,0.20917697469481505
0,0.12657130472475075,0.050640613392921204,0.07989886441232855,0.04958865705300011
0,0.12657130472475075,0.2604158149014479,0.1499952646240571,0.0729551260584043
0,0.12657130472475075,0.6425187881543987,0.47923784034567685,0.5682672138624675
0,0.12657130472475075,0.5586711321049679,0.2664571804252791,0.17058348425867478
0,0.10513326752221125,0.5927878352420266,0.3696843465176457,0.6535517534978368
0,0.10513326752221125,0.9354984035056848,0.391384016235459,0.3648180214916114
0,0.12657130472475075,0.06805600762586436,0.262780389289996,0.22456684484318867
0,0.10513326752221125,0.22622353839388357,0.10479230096382383,0.0777344168193901
0,0.12657130472475075,0.14820615325816847,0.2087612886800112,0.1033350343156927
0,0.11939375193318899,0.49651656241081793,0.32615792055906,0.4244455647123624
0,0.11939375193318899,0.49213477137458855,0.338546991722999,0.49557779463170565
0,0.10513326752221125,0.3997858624113614,0.3904105977639513,0.5108361680183879
0,0.11939375193318899,0.4469976762037145,0.22654563197816724,0.29783561499279904
0,0.11939375193318899,0.5209571272511868,0.3899246217462249,0.3126862161542586
0,0.10513326752221125,0.23120666296278866,0.12206850291431405,0.05914868467566027
0,0.10513326752221125,0.2552329290486908,0.17008701102415297,0.09390158492470792
0,0.10513326752221125,0.25154267357174376,0.17910975913269292,0.09904563803287578
0,0.11939375193318899,0.37882167843918724,0.12229824855810947,0.12426565760980407
0,0.11939375193318899,0.41124243968574964,0.13429550655856046,0.13523601978440505
0,0.11939375193318899,0.440150503966752,0.20690306735027048,0.24843195664420403
0,0.11939375193318899,0.40674235237008555,0.13231355466153058,0.13523601978440505
0,0.11939375193318899,0.6783441435103934,0.35849640234002617,0.396549077922147
0,0.12657130472475075,0.07046403145672327,0.1936494808268839,0.12468769531827555
0,0.12657130472475075,0.3940351371937465,0.16471657211062488,0.2589187335956524
0,0.12657130472475075,0.7093795905630019,0.49708887756532455,0.5764110502002878
0,0.10513326752221125,0.3340773886354029,0.35884090671686425,0.4802142803772994
0,0.11495495495495496,0.44921582050783876,0.43028057817871423,0.6391122583032997
0,0.12657130472475075,0.6854923816229884,0.44923971489722253,0.31822846981721187
0,0.11495495495495496,0.34819309350050526,0.18289559564510063,0.307379037192396
0,0.12657130472475075,0.6074907525502233,0.2372298576860479,0.08302192104311965
0,0.11495495495495496,0.2615478294883795,0.3286085471822447,0.5318858760466946
0,0.11495495495495496,0.4215626750848556,0.3356077188351013,0.4217244424270169
0,0.12657130472475075,0.7917329143305623,0.4836871951223944,0.15707892364486797
0,0.12657130472475075,0.6712333159505915,0.4359767382263149,0.28930583863963893
0,0.12657130472475075,0.7025198951828975,0.48297064066310336,0.3288685506211437
0,0.11495495495495496,0.5374396831810911,0.5114597137575778,0.6321511221425331
0,0.11495495495495496,0.5584872742730423,0.44653376793942084,0.6687916379954929
0,0.12657130472475075,0.15122983703989842,0.22960151694170627,0.1300599074935317
0,0.10513326752221125,0.3304354116718732,0.05017563321441047,0.06336467268089895
0,0.10513326752221125,0.3716877702235596,0.06156650610472881,0.13211818605772507
0,0.10513326752221125,0.30717182407580224,0.1844612559963172,0.11929118646065334
0,0.10513326752221125,0.3594864487645286,0.08818725131200986,0.13007063717176484
0,0.10513326752221125,0.40410329249968296,0.23512792822880485,0.24664747170740306
0,0.10513326752221125,0.3826668311996576,0.09208571161888432,0.08854357823873799
0,0.10513326752221125,0.5971868236194645,0.23970359895201757,0.4943717226891599
0,0.10513326752221125,0.33308646089236643,0.08086625954202603,0.13007063717176484
0,0.11495495495495496,0.41272163773132015,0.2705352684521307,0.27514193840905593
0,0.10513326752221125,0.3215180878129439,0.16139279462124587,0.15251824411228235
0,0.10513326752221125,0.2286617987245722,0.08327175126825173,0.06071661175228527
0,0.10513326752221125,0.27095584309429194,0.12111095683057733,0.1638643275752647
0,0.10513326752221125,0.06378946584758532,0.29490154425005205,0.18425862851036479
0,0.12657130472475075,0.3924026428525458,0.3206797498662967,0.2935694826856896
0,0.11495495495495496,0.2966881860945187,0.177292356544265,0.19916132323595015
0,0.12657130472475075,0.19447970260808753,0.2379461564063955,0.21008271692814837
0,0.11495495495495496,0.7309402208855843,0.5967367465892348,0.5948044192805277
0,0.12657130472475075,0.7487599967583689,0.2779189957287552,0.4367563026835137
0,0.12657130472475075,0.7472047443471442,0.19511769373600915,0.3356422885567771
0,0.12657130472475075,0.3395490438321276,0.2094385963760132,0.39300466614362867
0,0.12657130472475075,0.23054556544759944,0.17011607880552024,0.06808305082365546
0,0.12657130472475075,0.6429591395746872,0.5057381639729,0.6780534359405208
0,0.12657130472475075,0.7309812194088993,0.4721462543054749,0.4732950784833373
0,0.10513326752221125,0.6402403065353326,0.20789629993052627,0.3647172722442374
0,0.12657130472475075,0.4080132967303534,0.2953896015358196,0.08351580734540494
0,0.11726595400064788,0.3914606079733057,0.23074953401213572,0.25573413953398
0,0.11726595400064788,0.4424045215597472,0.18791545403086,0.2619923553729463
0,0.11726595400064788,0.4021325169026133,0.1591268845316515,0.33051869943142503
0,0.11726595400064788,0.47200357397840526,0.1736563855441504,0.21496262749061343
0,0.11726595400064788,0.38353870023120945,0.16185947131294431,0.28092299306095314
0,0.11726595400064788,0.4898020112808031,0.1945857475323924,0.24030659566627802
0,0.11726595400064788,0.36311233058554926,0.2688320280960031,0.2573339483261042
0,0.11726595400064788,0.3796641364484303,0.20769346842249706,0.36372190480134126
0,0.11726595400064788,0.3946543141857457,0.16881418393722902,0.22594293040535326
0,0.11726595400064788,0.36793146964977475,0.2117912163274706,0.2662701826830479
0,0.11939375193318899,0.6358298602197132,0.5000700556020398,0.5862367220153014
0,0.12657130472475075,0.04036504780747864,0.18268526460785295,0.04426677073706341
0,0.12657130472475075,0.044531886932632415,0.2663672063490377,0.1745506816649493
0,0.10513326752221125,0.4807687218533997,0.2010577524379556,0.3520389975340887
0,0.12657130472475075,0.12987282523579607,0.15634850566948194,0.09216724793674243
0,0.12657130472475075,0.14564027962235898,0.17304831914592295,0.08659540398904106
0,0.10513326752221125,0.3532640827286019,0.051768376380234696,0.11642225927878423
0,0.10513326752221125,0.3301797657863897,0.0857373163076428,0.13007063717176484
0,0.10513326752221125,0.3420144010011303,0.07890364915056144,0.13007063717176484
0,0.10513326752221125,0.3489485525304676,0.12272201081778679,0.07007257395030181
0,0.10513326752221125,0.3468576447075197,0.10764392706942244,0.043062858756815696
0,0.10513326752221125,0.3778512669029991,0.12650865227174515,0.048836605600998076
0,0.12657130472475075,0.019621134990464504,0.26230839116639054,0.4716783863375895
0,0.12657130472475075,0.35185821480707,0.2623489469210029,0.3575846347279256
0,0.11495495495495496,0.281506142666344,0.17779157764752992,0.19003795952696678
0,0.11495495495495496,0.28209624596884664,0.22595400157758438,0.1916422849369185
0,0.11495495495495496,0.28803270426350397,0.19127198412589475,0.2139345305073586
0,0.11939375193318899,0.29678013151835175,0.11808842881335008,0.15818971257750217
0,0.11939375193318899,0.2927811658261793,0.09574682391492056,0.15818971257750217
0,0.11939375193318899,0.2989940642318622,0.09802989639330682,0.15818971257750217
0,0.12657130472475075,0.3238112987506345,0.13488500480140395,0.04383398214093988
0,0.12657130472475075,0.04809588141054447,0.08929365364261595,0.044840500507540425
0,0.12657130472475075,0.0524023085452919,0.045674159980527984,0.02018618085512543
0,0.12657130472475075,0.4130146001774965,0.3363050815174548,0.3585898055082365
0,0.12657130472475075,0.10608079868978888,0.3467154231213474,0.6080771763651098
0,0.12657130472475075,0.6448697501450782,0.251196339893467,0.24311415538762193
0,0.12657130472475075,0.27686343374082084,0.43904828125729495,0.530953411798353
0,0.12657130472475075,0.6090166121235102,0.2955580312339229,0.15106558701026565
0,0.12657130472475075,0.5761496138507656,0.21223437968924638,0.04018190590016749
0,0.12657130472475075,0.5601548121090059,0.22225890019284736,0.04227598126762045
0,0.10513326752221125,0.22126669553286357,0.07311241705046197,0.02390845698046888
0,0.12657130472475075,0.6418309564244725,0.4276472992344677,0.4712742866010813
0,0.12657130472475075,0.302141910757905,0.33829788473774486,0.3254225095773969
0,0.12657130472475075,0.6323738397855658,0.4081835762089522,0.4303295842546686
0,0.12657130472475075,0.2567281053752107,0.30598000984240503,0.15017577151453715
0,0.12657130472475075,0.5854605100875363,0.2774861444117336,0.07251757744659539
0,0.12657130472475075,0.5623316900308162,0.3691946271128469,0.3369886613046968
0,0.10513326752221125,0.38560424868656806,0.25774061123320574,0.4958312308813744
0,0.10513326752221125,0.22249486346307396,0.22830845288949453,0.22817338489525402
0,0.12657130472475075,0.2181893002753525,0.163486466512525,0.17554569951640797
0,0.10513326752221125,0.18483526875912845,0.09824995018314454,0.025045205666539325
0,0.12657130472475075,0.21405281978401758,0.15112276460436147,0.09094382317527851
0,0.10513326752221125,0.5314303035365421,0.2562127162271583,0.2757817007773669
0,0.10513326752221125,0.8139791799129482,0.3283539794260343,0.579347925151524
0,0.10513326752221125,0.5207319620962046,0.15408098531129957,0.16542684271633876
0,0.12657130472475075,0.19022920773074092,0.15132631047054834,0.11631298484058541
0,0.12657130472475075,0.1830731054683979,0.11339982676841531,0.04231375913478417
0,0.10513326752221125,0.3615157602030886,0.204036302514286,0.366649532208399
0,0.12657130472475075,0.1656291202490312,0.13763476622250953,0.09863768606725647
0,0.12657130472475075,0.20673528579833705,0.20414332365615873,0.1552075395194134
0,0.12657130472475075,0.24215949990556068,0.21397948614555878,0.2106687051416829
0,0.12657130472475075,0.2753107985431443,0.24781925996430337,0.3524638911082177
0,0.12657130472475075,0.3786761806005213,0.1410571414838547,0.26526218857576
0,0.11495495495495496,0.7274827679314027,0.6883543178448334,0.8593754848570321
0,0.11495495495495496,0.7023078107563532,0.6538140693835901,0.7868254800071296
0,0.10513326752221125,0.27113196721748645,0.1960313517753067,0.071268057872313
0,0.11495495495495496,0.5589451656092632,0.32049289487414717,0.47844216288389313
0,0.11495495495495496,0.6615166384019484,0.39783054632822323,0.29211435413459674
0,0.11495495495495496,0.3775961155077874,0.25534024432925057,0.21611399507942192
0,0.10513326752221125,0.32807645137176994,0.18872617407549835,0.2536697330973363
0,0.10513326752221125,0.47322959697702677,0.352593413883881,0.47112885727621984
0,0.10513326752221125,0.15157941187697768,0.19517973736788646,0.31958918038329703
0,0.10513326752221125,0.4278058374161847,0.3866014976553137,0.429848149790246
0,0.10513326752221125,0.41070238570200657,0.1936967734673472,0.28117430857472897
0,0.11495495495495496,0.3576444745502944,0.2880412359449794,0.3426237845049061
0,0.12657130472475075,0.22350732265819023,0.3544009785139123,0.5568776634517372
0,0.10513326752221125,0.26253640806761547,0.19539317847551754,0.24522762383143498
0,0.11495495495495496,0.017195934427873066,0.4638682387303781,0.7144139729665911
0,0.12657130472475075,0.3970358897676542,0.3581949271455869,0.6119987786661616
0,0.10513326752221125,0.16571551365783235,0.161767113210836,0.14378151459786095
0,0.12657130472475075,0.5312528978174916,0.23836628540418683,0.08137049555097216
0,0.11939375193318899,0.3010803859104197,0.1042866434843909,0.1583611561244228
0,0.12657130472475075,0.08232032659140909,0.06656392846291513,0.015000607296174353
0,0.12657130472475075,0.06431956504861469,0.05998173328840309,0.0031219143961719103
0,0.12657130472475075,0.06098276508568205,0.08530628238069549,0.046554898562393664
0,0.12657130472475075,0.6404901210763766,0.5413705797578324,0.6855023860384636
0,0.12657130472475075,0.4613102742638654,0.2554571769293151,0.3750940732659141
0,0.11726595400064788,0.39100761553641045,0.2603036372979077,0.3246876025506527
0,0.11726595400064788,0.5288015554981942,0.19377015433562195,0.28896945038677624
0,0.11726595400064788,0.40485476708530327,0.18750760784452855,0.3115128605389944
0,0.12657130472475075,0.6456622333453723,0.25194158701021896,0.24311415538762193
0,0.12657130472475075,0.5048987700283262,0.22345559992423555,0.14931438402000155
0,0.11726595400064788,0.4190332206210098,0.19188557799385794,0.22954200430533078
0,0.12657130472475075,0.2560660375206137,0.15377768986290247,0.2723549150035847
0,0.11726595400064788,0.40910203637055004,0.18382903357295516,0.1795677407462941
0,0.11726595400064788,0.44165351558788507,0.17270632529384644,0.1905023697125796
0,0.11495495495495496,0.33726021963610137,0.11693412581028625,0.23532834816306725
0,0.12657130472475075,0.3576854474041565,0.2771282890617789,0.3596965455343287
0,0.12657130472475075,0.019227166990040453,0.1514717194134399,0.14220725865754785
0,0.12657130472475075,0.5219703130511874,0.2847696447275085,0.2029128581278499
0,0.11495495495495496,0.4072993502059408,0.26626307794806064,0.5789124148813656
0,0.12657130472475075,0.07977334234934891,0.2641988563066258,0.20480944774349452
0,0.11495495495495496,0.2836576546259643,0.35086386864279373,0.5285619096294318
0,0.10513326752221125,0.28749868843696447,0.09147943159116229,0.09267866205959735
0,0.12657130472475075,0.5363898507513657,0.28187064291379,0.14013048229442082
0,0.11939375193318899,0.3200429538471206,0.10643665985292458,0.138836377193417
0,0.11939375193318899,0.3023639301055808,0.12257395935440211,0.13816564391373168
0,0.12657130472475075,0.6867681788993593,0.4605878714170281,0.49855132777883976
0,0.12657130472475075,0.5305384277252287,0.23597076309313153,0.20132212277225664
0,0.12657130472475075,0.6803129679605954,0.269049325457946,0.32309687067750636
0,0.10513326752221125,0.32910279866579795,0.05955017012296408,0.09884294905882636
0,0.12657130472475075,0.5716885675260377,0.19420746150452858,0.16206612084191602
0,0.10513326752221125,0.40598040561689686,0.27249584523917614,0.5000788827900688
0,0.12657130472475075,0.7762963976601703,0.5224926523340355,0.6239312453811525
0,0.10513326752221125,0.3127929218419711,0.12090450799500066,0.10631288810922863
0,0.12657130472475075,0.14977103486713217,0.16909909964321845,0.1527726933102281
0,0.12657130472475075,0.27027344722675195,0.19654641124538413,0.3418068561420682
0,0.11726595400064788,0.2196777968185597,0.25316730013749605,0.18051356918262562
0,0.11495495495495496,0.6414028847122379,0.6305357398218977,0.7717798858214139
0,0.12657130472475075,0.6539388300061529,0.5382412246859922,0.6895944925290068
0,0.11495495495495496,0.2830581961423623,0.24252675431342133,0.3505741302893334
0,0.11495495495495496,0.3249086023692268,0.1275956451952272,0.13833787802279707
0,0.11495495495495496,0.2876421450356025,0.2031396659024519,0.1792536533510528
0,0.12657130472475075,0.3683594885456668,0.3250382655812657,0.2569007773084515
0,0.12657130472475075,0.40326744851004226,0.35450904915199966,0.34597337583642
0,0.12657130472475075,0.7677314186316917,0.5157228899057963,0.7326626398305799
0,0.10513326752221125,0.5539074944545221,0.1795404078188333,0.3427032238340744
0,0.11495495495495496,0.15694879166143078,0.09912817594779497,0.1602958138741088
0,0.10513326752221125,0.5624616991866955,0.18173087532169746,0.3598415665403131
0,0.12657130472475075,0.7067682109255402,0.455464739493016,0.5221997997762672
0,0.12657130472475075,0.6810295568222977,0.47863153201788766,0.5348459685666523
0,0.11495495495495496,0.23241736223656131,0.15733981297937122,0.3164639594816671
0,0.12657130472475075,0.25972438760432487,0.1893349963563499,0.22150719197235072
0,0.10513326752221125,0.5175551281852924,0.2115195451534484,0.3275074692390955
0,0.12657130472475075,0.6411218348934254,0.30766028888869895,0.2117593788552904
0,0.10513326752221125,0.15956582036372907,0.24098272155961384,0.4046684569476199
0,0.10513326752221125,0.5805252525655804,0.21830400645451847,0.4868058799888355
0,0.11726595400064788,0.679643578387151,0.2982067136833853,0.13192056717088477
0,0.10513326752221125,0.14998761403175306,0.22483697252707696,0.298781561267437
0,0.12657130472475075,0.41311398240113634,0.182845793856771,0.08909758257411433
0,0.10513326752221125,0.5581388654072497,0.29049552960062297,0.46965410846816863
0,0.10513326752221125,0.19124386068623925,0.24415226990260824,0.24697235776369975
0,0.12657130472475075,0.11633358790758105,0.10094329291237132,0.05011971119363352
0,0.10513326752221125,0.25117498816828904,0.2539222180368539,0.3148884649232512
0,0.10513326752221125,0.5915335768152283,0.21514804160465326,0.34054141181199754
0,0.11495495495495496,0.20737806963971853,0.1834292529298798,0.18220532748340382
0,0.10513326752221125,0.1952575722540229,0.2473017323448694,0.22806623840923623
0,0.10513326752221125,0.7849454918038868,0.2250042589332222,0.4704615319545781
0,0.10513326752221125,0.5531922654908383,0.24966874243675136,0.2247557210256152
0,0.10513326752221125,0.1873623973624393,0.4899429728237031,0.6305451312550948
0,0.10513326752221125,0.767226718458254,0.19717401094743783,0.34922158825627675
0,0.12657130472475075,0.8507698131072315,0.30566027344691166,0.3116099715132212
0,0.10513326752221125,0.444929527709258,0.15820147302049042,0.20839564316753795
0,0.11939375193318899,0.3972584802856527,0.16678894528261196,0.19476257453051649
0,0.12657130472475075,0.12276272728395043,0.09442887014570729,0.04879847675264268
0,0.10513326752221125,0.5219320699640574,0.17530649591303754,0.3011358181829531
0,0.10513326752221125,0.3189775195965768,0.19398274001888619,0.2581345237475248
0,0.10513326752221125,0.4315391739935685,0.26842229239600135,0.37469244272842706
0,0.10513326752221125,0.5349088834895669,0.23031573506519343,0.13641953369919305
0,0.12657130472475075,0.2430454383331279,0.19582180444347322,0.1718560195096403
0,0.10513326752221125,0.4133530453331955,0.21981381114535858,0.25677043076149186
0,0.12657130472475075,0.2577829007162917,0.261186313829302,0.20636562801813133
0,0.12657130472475075,0.22790542816155906,0.1726918282207125,0.1295288686403879
0,0.12657130472475075,0.4554973933512232,0.3482239496819085,0.25814890997561935
0,0.11495495495495496,0.2822186700428146,0.15170440010544625,0.2096969065654034
0,0.12657130472475075,0.24030482369412243,0.2882631824727829,0.14107310698570205
0,0.11495495495495496,0.5858520526165936,0.39209033158139195,0.2477333273755636
0,0.10513326752221125,0.07267474828456001,0.3125433433233517,0.24421779587426615
0,0.10513326752221125,0.23052664428674666,0.15693927488704842,0.06748170985896712
0,0.12657130472475075,0.18011546438318862,0.17786893404724363,0.028563451493771194
0,0.11495495495495496,0.34872419090468126,0.24559414493191106,0.3105046595418351
0,0.10513326752221125,0.3839603906343186,0.3455034209758642,0.349763314404537
0,0.12657130472475075,0.214585098973794,0.18224816422729703,0.24067431004410744
0,0.11495495495495496,0.7185372462381915,0.649413696460357,0.6748779676672595
0,0.10513326752221125,0.22461382084969028,0.10705668174965566,0.07344265442702996
0,0.10513326752221125,0.3801671455950943,0.20704458550306828,0.3500804897073613
0,0.10513326752221125,0.5544472068081341,0.4742654558218111,0.5625777807565379
0,0.10513326752221125,0.20296869493500613,0.2253871449080925,0.21712379917353575
0,0.10513326752221125,0.12474668349023521,0.3343617600523762,0.3257869358204789
0,0.10513326752221125,0.8050215210891812,0.5023942320381662,0.7899465824665447
0,0.10513326752221125,0.6392084978014893,0.37404902799025397,0.5926013165269431
0,0.11726595400064788,0.7404118300818389,0.34380427805140557,0.48188574730127076
0,0.11495495495495496,0.635950502554764,0.4387052803894511,0.8635222028470579
0,0.10513326752221125,0.42353795090832325,0.30092797612374944,0.255974395456503
0,0.11495495495495496,0.4823293440480949,0.22556866791515787,0.5069641133605667
0,0.11495495495495496,0.48375816412308537,0.486340901652508,0.8352809299339238
0,0.12657130472475075,0.7796227298219844,0.5499191667932166,0.5598036350079149
0,0.10513326752221125,0.7326273964037245,0.23103384771132646,0.19759281851380617
0,0.12657130472475075,0.7014015151339411,0.5008817511218707,0.5368656035597278
0,0.11495495495495496,0.8083876750269636,0.5330454476452724,0.759692362965592
0,0.10513326752221125,0.25829244508077176,0.21203284462564337,0.3141254105401266
0,0.12657130472475075,0.5022981764491634,0.22789384054050246,0.22722917444242308
0,0.12657130472475075,0.626635146824882,0.5097662701673823,0.6881037485246295
0,0.12657130472475075,0.3678625217602372,0.20202750875782508,0.4207197150870295
0,0.10513326752221125,0.23815773177871682,0.23029058049258136,0.28757156140166334
0,0.11495495495495496,0.8717975871351914,0.5474302086466705,0.8964185493346618
0,0.12657130472475075,0.6650310630533061,0.527927802816544,0.6780534359405208
0,0.12657130472475075,0.6106704587573502,0.5112969061948717,0.7092533466500717
0,0.12657130472475075,0.5396348910528018,0.4214214661525283,0.5269778783423599
0,0.11495495495495496,0.8782145693197051,0.5408932335654832,0.8066747208014768
0,0.11939375193318899,0.44688006276511927,0.42413021300225423,0.5139973870119479
0,0.11726595400064788,0.5052275993079703,0.277677023425804,0.4917335793950269
0,0.10513326752221125,0.27894597053496245,0.14480217572699808,0.13324972896522128
0,0.10513326752221125,0.27051360529779556,0.10268826474373942,0.14475940255719524
0,0.10513326752221125,0.1545867182250421,0.23652311567168885,0.07395664654672268
0,0.11495495495495496,0.7431594145550794,0.6717659938400641,0.8811331716350485
0,0.11495495495495496,0.719724946442049,0.5010347107467654,0.7126915664325256
0,0.10513326752221125,0.2694712939602857,0.2811362966371605,0.4191373685257601
0,0.10513326752221125,0.2605626405746809,0.26869193987287593,0.38481504619072154
0,0.11495495495495496,0.10300180827393349,0.11456134524058803,0.16570005307997662
0,0.12657130472475075,0.20945264252214182,0.18595916783499028,0.1907604425596515
0,0.11939375193318899,0.9220825879042311,0.3843025522978769,0.5087571513929433
0,0.10513326752221125,0.5204504206230781,0.29244262900645057,0.2315840174833893
0,0.11726595400064788,0.7324851708033882,0.17557697265783676,0.1154363653546639
0,0.12657130472475075,0.6758823488065322,0.47742236326601867,0.6879480430934491
0,0.10513326752221125,0.2514168379327807,0.18335163063576845,0.2745887795950575
0,0.11495495495495496,0.8144952927730927,0.7024075763480502,0.787009007615879
0,0.10513326752221125,0.5434122643440071,0.21349808418674088,0.28956575307176685
0,0.11495495495495496,0.4734809585596284,0.5008329677568705,0.6225521503676388
0,0.12657130472475075,0.7217574947668843,0.443344341124537,0.40990234718045676
0,0.12657130472475075,0.6399381632955558,0.2156752334995539,0.07749100648624307
0,0.10513326752221125,0.23383527193285705,0.3928546404904331,0.47508799920727457
0,0.12657130472475075,0.22302657856876942,0.17268999026958862,0.07766999155873264
0,0.12657130472475075,0.5380934962416442,0.22277975493279106,0.11478900481740809
0,0.12657130472475075,0.615656496721177,0.4178771509490047,0.2083599678185227
0,0.10513326752221125,0.6338975952942039,0.335643004859052,0.45484649760594487
0,0.11939375193318899,0.262614917008871,0.20379135327294143,0.1972059780004213
0,0.12657130472475075,0.5363591814423636,0.3966961734657916,0.33131471000452084
0,0.10513326752221125,0.28344670370978037,0.31625938830470884,0.24483644699346846
0,0.10513326752221125,0.2608238732920897,0.11276774038373913,0.0932876280095613
0,0.11495495495495496,0.7340312745956646,0.6700246772521549,0.8022795479071839
0,0.11939375193318899,0.41691076262968535,0.09392805576221407,0.0891130925888994
0,0.11726595400064788,0.10600952161881406,0.16709890796168556,0.15495965995401723
0,0.11726595400064788,0.10598107468450631,0.16583772542751646,0.15495965995401723
0,0.11495495495495496,0.7317305855456089,0.46464753766739475,0.597653779180342
0,0.10513326752221125,0.14178792805891763,0.33509789210003343,0.33700943109305376
0,0.12657130472475075,0.23857943790386937,0.18437525859819812,0.048451858046427855
1,0.12657130472475075,0.224987197491351,0.2444558888194233,0.19188410803754025
0,0.11495495495495496,0.699576066039224,0.2656059586476316,0.4944582169477812
0,0.10513326752221125,0.49222184726179524,0.0547600969422475,0.032630604388415495
0,0.10513326752221125,0.5349123974530393,0.43484935902418037,0.6512976725382436
0,0.10513326752221125,0.4764811724604215,0.30154034557220355,0.429848149790246
0,0.11495495495495496,0.6204511259756766,0.5187791416448376,0.7141330512775497
0,0.12657130472475075,0.5734621882577009,0.4242170068214653,0.5112236686261357
0,0.11726595400064788,0.7236769327766174,0.15757692439128282,0.13125812663959086
0,0.11726595400064788,0.7220157250692378,0.14235049993386628,0.16650949284960953
0,0.12657130472475075,0.567826785657909,0.43493161047248957,0.5457606643304442
0,0.12657130472475075,0.5674379138032123,0.4397487477719161,0.5457606643304442
1,0.10513326752221125,0.8075201214672147,0.6575851885930095,0.8340884300328247
0,0.11726595400064788,0.7340988604365418,0.18755344762939496,0.1045827765593151
0,0.12657130472475075,0.5501712771476467,0.23205529498564467,0.0635638503688303
0,0.11726595400064788,0.7181968898397268,0.16832481548489167,0.22214248442619924
0,0.12657130472475075,0.25032750058747,0.19078810419212253,0.12582328210807117
0,0.12657130472475075,0.269981489761656,0.22348862938774022,0.16767487825588268
0,0.11726595400064788,0.7201177393137067,0.2442798499551061,0.31946257289847824
0,0.10513326752221125,0.18309529023399748,0.25630893461723675,0.12215145431278013
0,0.11495495495495496,0.21788641657751248,0.13114040969663512,0.3112805809195575
0,0.11726595400064788,0.7111627660905966,0.26447200865880394,0.2674247911501237
1,0.12657130472475075,0.361068608058806,0.30068756399739544,0.3403175429979487
0,0.12657130472475075,0.275480395719817,0.24394991497983345,0.10958927291482633
0,0.11726595400064788,0.7209593771311399,0.2397616300689245,0.3334134835925719
0,0.12657130472475075,0.5684978259406026,0.20430640495616637,0.12795178342021374
0,0.12657130472475075,0.2525220449372177,0.18237865885343876,0.09415567329054718
0,0.12657130472475075,0.5663613056066595,0.20225234911838677,0.11206701330996267
0,0.10513326752221125,0.39490423955760035,0.28842865469019185,0.5710330299812614
0,0.10513326752221125,0.37086213941545876,0.29294035435305554,0.4863787117480263
1,0.12657130472475075,0.24568905713635242,0.13566327858214905,0.09636968612209539
0,0.11495495495495496,0.3291423540466834,0.12622371754067035,0.16748896254645962
0,0.12657130472475075,0.5827525053757155,0.21367734865767665,0.16206612084191602
0,0.12657130472475075,0.26794177714867945,0.18184115955140212,0.13740014335871967
0,0.12657130472475075,0.2873791320526483,0.20706070644295702,0.0987564851215791
0,0.12657130472475075,0.3332562468325762,0.19825362474517694,0.13690066611668564
0,0.12657130472475075,0.6642915308738813,0.24420135180758876,0.17850469891580983
0,0.12657130472475075,0.21904893718977375,0.1766325272569753,0.17005901404155585
0,0.12657130472475075,0.2480319473893432,0.14407590934321216,0.13346459940610644
0,0.12657130472475075,0.6642568916082204,0.18555180531703408,0.11398674638940963
0,0.12657130472475075,0.4407424735316361,0.1841327100825099,0.1605644536436076
0,0.12657130472475075,0.4559199646123805,0.1789607520278052,0.12311095035486923
0,0.12657130472475075,0.4444671228282538,0.18189240418794014,0.2032877643992319
0,0.12657130472475075,0.5796432786660243,0.2689589666573138,0.18394153948690384
0,0.12657130472475075,0.7342643991598382,0.2371856385761407,0.10511141214190856
0,0.12657130472475075,0.2042054470435668,0.1901118943682311,0.1829442558636235
0,0.12657130472475075,0.7845733953239447,0.2801765367966111,0.2660272888771615
0,0.12657130472475075,0.5636639636141222,0.19334276803682163,0.1520782882364263
0,0.12657130472475075,0.18146817012064673,0.11252929576385576,0.039744866972835954
0,0.10513326752221125,0.7543559383284311,0.3421856731655246,0.41268316454790926
0,0.10513326752221125,0.2877030619924104,0.13969318927216143,0.041729493448049215
1,0.12657130472475075,0.2018294544273452,0.15465479091542292,0.09465774336631794
0,0.12657130472475075,0.21950366920842831,0.16151255012213275,0.18857425598476205
0,0.12657130472475075,0.5254528932884145,0.22793377133015677,0.23317791574115662
0,0.12657130472475075,0.5090865545169243,0.2511143068418625,0.2587199495634566
0,0.12657130472475075,0.21871682140391743,0.1617963472085022,0.18857425598476205
0,0.12657130472475075,0.21364707822603243,0.14682655274863762,0.10412054419460993
0,0.12657130472475075,0.2103815372271472,0.1530190663665124,0.09829304215012623
0,0.12657130472475075,0.6094403315845547,0.35802650710760214,0.48445186214456903
0,0.10513326752221125,0.2950876647490595,0.09202052667910258,0.039549013529390074
0,0.10513326752221125,0.29063610732686695,0.08580448389074316,0.022736293377791785
0,0.12657130472475075,0.45233510321709514,0.17118058759632757,0.16097916467391624
0,0.12657130472475075,0.42880682373669793,0.38124318013002345,0.611059117793948
1,0.12657130472475075,0.5933840602664681,0.22613859393743604,0.20317906471385241
0,0.12657130472475075,0.5205222984839298,0.2519823212783025,0.1963425291004147
0,0.10513326752221125,0.8407998750201889,0.1729541528756877,0.06739526521942733
0,0.10513326752221125,0.24688645097887973,0.17794255896665445,0.15675174776234232
0,0.10513326752221125,0.23689805525150662,0.15152665582705763,0.07739685108239487
0,0.10513326752221125,0.20559716912085602,0.22659005574905114,0.26567802234005017
0,0.10513326752221125,0.26761736357340954,0.22561858173314825,0.33177991242626814
0,0.12657130472475075,0.31902234852789146,0.20513480595967454,0.29575304277507725
0,0.12657130472475075,0.24028959840071148,0.19042317507672474,0.11365178525642332
0,0.12657130472475075,0.26393185462928187,0.1908938839640927,0.12046923196373356
0,0.11495495495495496,0.8244345636574161,0.5604116408520818,0.8651991628502298
0,0.12657130472475075,0.42563905395226537,0.3225367940617913,0.013637259871631821
0,0.10513326752221125,0.26635615664581275,0.18976360683344518,0.22673918446553662
0,0.10513326752221125,0.24921743294846246,0.1669591502808122,0.23094858878557634
0,0.10513326752221125,0.24747679551783802,0.1766505340262095,0.2436228101047229
0,0.11495495495495496,0.7234232439651687,0.4754273451332689,0.867724698678474
0,0.10513326752221125,0.26585414961582493,0.22790057925553442,0.3385563695173211
0,0.11495495495495496,0.8992547474927844,0.5809296505500529,0.5570274716767901
0,0.10513326752221125,0.25690915246546653,0.2227916729500453,0.3385563695173211
0,0.11495495495495496,0.8976869197863222,0.5854078456762127,0.8623877902544755
0,0.10513326752221125,0.3446521278095952,0.21114335664518286,0.2656453731646153
0,0.10513326752221125,0.3250836233754315,0.20066580543963428,0.258940720728523
0,0.11495495495495496,0.8192579233136489,0.5014238061677841,0.7996442258456208
0,0.10513326752221125,0.24651329693058402,0.15753671596763213,0.23738521787573205
1,0.11726595400064788,0.8399156549624771,0.4070589807605583,0.5710825942143158
0,0.10513326752221125,0.21494834983969166,0.174149897829053,0.2315151382912771
0,0.12657130472475075,0.37027906341262723,0.2803450130471976,0.23998627103031106
0,0.12657130472475075,0.3681940343268277,0.27630079255579815,0.1478865572592058
0,0.12657130472475075,0.1993777130217053,0.12060243976789868,0.1178848794779067
0,0.12657130472475075,0.2149886627986177,0.15789857398159632,0.18857425598476205
0,0.11495495495495496,0.8435618469316514,0.4971303994563031,0.7749726059638861
0,0.12657130472475075,0.420592367002586,0.16971961607808847,0.08098199632454385
1,0.10513326752221125,0.8633507214390763,0.4493112432380522,0.5175424298816409
0,0.10513326752221125,0.24731498043153866,0.21397658945319153,0.3118804249457282
0,0.12657130472475075,0.5703679763088982,0.22089453295846115,0.09070205779281248
0,0.10513326752221125,0.3477120367587233,0.25960740995506526,0.3776619565868024
0,0.12657130472475075,0.21750564714114112,0.16900728775130613,0.16652383008637414
0,0.12657130472475075,0.21105607337334478,0.15571622494361462,0.12961932625042008
0,0.10513326752221125,0.2610246658657635,0.11748828021708899,0.1464448085058238
0,0.10513326752221125,0.2681548279235715,0.11467873856771885,0.12297437385533581
0,0.10513326752221125,0.359118286335268,0.22991977983168835,0.2770176270137965
0,0.10513326752221125,0.2881756776094904,0.1601839779993898,0.2231530575763284
0,0.10513326752221125,0.27512661273771394,0.17411080256186415,0.26321209926579464
0,0.10513326752221125,0.2923383588774801,0.18409394101274243,0.24804413702429864
0,0.10513326752221125,0.26892283373291637,0.10412776352943241,0.15951477820074328
0,0.10513326752221125,0.26668107513085926,0.12818414109009874,0.060479696504047116
0,0.12657130472475075,0.362840108364476,0.24561121979167105,0.009757621881559592
0,0.10513326752221125,0.29220671918516317,0.11259363887906902,0.10349565059279604
0,0.12657130472475075,0.2001460617057769,0.13678036913590805,0.1433024211566851
0,0.11726595400064788,0.4180610960680633,0.26227889976175833,0.288551183987983
0,0.10513326752221125,0.25856630276850506,0.1903831265460566,0.23759012496743706
1,0.10513326752221125,0.6661120218287103,0.4310420883769598,0.5769955501202029
0,0.10513326752221125,0.23780861230300124,0.1550349846408102,0.10281277689508041
0,0.12657130472475075,0.2178496846917097,0.17074939884660556,0.24067431004410744
0,0.12657130472475075,0.2157820286425211,0.1620819980016029,0.14721568506198415
0,0.12657130472475075,0.21070736644610713,0.17087508055938427,0.10741741067488694
0,0.12657130472475075,0.21117487298100435,0.1721568342329615,0.12961932625042008
0,0.12657130472475075,0.21406175355949408,0.1587078476532617,0.1279320384450726
0,0.12657130472475075,0.30852791453644496,0.16940925989950356,0.08463645596250359
0,0.10513326752221125,0.2309693348103562,0.2500624666948744,0.5530612352325752
1,0.10513326752221125,0.5030109121802092,0.777133947038921,0.8281298211860278
0,0.12657130472475075,0.19611246955758566,0.1557923487424939,0.10769168318039403
0,0.10513326752221125,0.5490423511329753,0.2041507460750475,0.370390999506641
0,0.10513326752221125,0.2550480217249324,0.11324402521700604,0.14714979512120252
0,0.11939375193318899,0.5892510455533565,0.26089524926214647,0.47095576531445854
0,0.10513326752221125,0.2275548719476107,0.15250396096693616,0.09582693268957972
0,0.10513326752221125,0.2896589789811924,0.13869847040328873,0.14398195283016424
0,0.10513326752221125,0.2426520536931582,0.15287400899520903,0.1253008334199502
0,0.10513326752221125,0.29508195474128085,0.2230378596898517,0.24124285215923202
0,0.11726595400064788,0.10504942055373453,0.1643973841031044,0.15495965995401723
0,0.11495495495495496,0.2819570893321402,0.3587413084892922,0.5285619096294318
0,0.10513326752221125,0.5810990982595577,0.3500929174550683,0.5512028977258362
0,0.10513326752221125,0.31689676255048904,0.19350751845189534,0.25465490232802135
0,0.10513326752221125,0.4056438316187811,0.17101414113175162,0.15754827039804858
0,0.10513326752221125,0.3331461637361106,0.18153122131927685,0.16096179944131664
0,0.10513326752221125,0.8130005618793976,0.556288074886727,0.8199683286427223
0,0.10513326752221125,0.2458055491553529,0.17652273124267331,0.12334479523949318
0,0.10513326752221125,0.32558113622701307,0.23190056908934506,0.2788511939604
0,0.10513326752221125,0.8238578495749747,0.6053576844611818,0.5733780716609432
0,0.10513326752221125,0.8516593371668528,0.7344765737751324,0.8317931764186657
0,0.10513326752221125,0.26464733172996635,0.15445049203394412,0.10859265415874148
0,0.10513326752221125,0.3434708475628895,0.20161109188770981,0.3184960180133952
0,0.10513326752221125,0.28450477197110846,0.15293404651636106,0.1347215126114952
0,0.10513326752221125,0.2743594425926216,0.13074572616488275,0.09721727485954149
0,0.10513326752221125,0.27851137975107343,0.14745064327226465,0.13555741743299857
0,0.10513326752221125,0.36500095261013776,0.20566036440868432,0.3776619565868024
0,0.10513326752221125,0.2627793228806183,0.12874439264249557,0.13986390296379023
1,0.12657130472475075,0.05915109602834567,0.23191347040436247,0.35945289626581245
0,0.11939375193318899,0.5909112993538254,0.27183305812586656,0.43597350363025167
0,0.11939375193318899,0.5782101628877409,0.24623311025002995,0.2987712491801234
1,0.10513326752221125,0.28002552948787124,0.13925141501889815,0.2932533721532711
0,0.11495495495495496,0.3131676829922649,0.1480152854461115,0.21732846351696614
0,0.11495495495495496,0.5811650683527363,0.5361474704289737,0.7025586600594276
0,0.10513326752221125,0.6982327360024456,0.2977486172578703,0.22258105662796734
0,0.11495495495495496,0.348482072594324,0.1545058650628988,0.2475102481218136
1,0.12657130472475075,0.6552393408272709,0.22244316390777952,0.18595562758138764
0,0.10513326752221125,0.8085250927729284,0.348696685135881,0.29933689640177935
0,0.10513326752221125,0.41666069707585973,0.25281494625909645,0.41735222365782604
1,0.10513326752221125,0.45560074119335614,0.3378624747191514,0.48215172883817115
0,0.11495495495495496,0.8880199053039618,0.6461670545085743,0.7644554093380087
0,0.10513326752221125,0.8258740134044562,0.39446065764630156,0.4396977580343841
0,0.10513326752221125,0.8094894705811685,0.3947792939087146,0.4076851189258127
0,0.10513326752221125,0.883886026136284,0.4839454659130558,0.5237544854233073
0,0.10513326752221125,0.7975948094301509,0.5443269315544337,0.7658681195338269
0,0.11495495495495496,0.8684055234649243,0.4553355822307105,0.28282199101618133
0,0.12657130472475075,0.6470009458786063,0.44395684077798714,0.248630399804683
0,0.11726595400064788,0.038178595278052244,0.14778731199014858,0.04696060015778706
0,0.11726595400064788,0.06498447933274473,0.38673602012629044,0.27020339037228625
0,0.11726595400064788,0.0405310442539518,0.2240690363140869,0.1002325697444883
0,0.11495495495495496,0.7553321037432659,0.54097618756282,0.790522831488943
0,0.11495495495495496,0.7606131214282879,0.6643720536594212,0.6770927122470253
0,0.11495495495495496,0.6714230873310031,0.42556512032114097,0.5852848877346749
0,0.11495495495495496,0.6269681848506756,0.3883238964914159,0.5854681568527781
0,0.11726595400064788,0.6283124192910348,0.3540690112926356,0.20174587060061958
0,0.11726595400064788,0.6762076698345632,0.2964526682852646,0.3216400554537961
1,0.11726595400064788,0.016108689972441914,0.18031080396906798,0.04316502947582187
0,0.11495495495495496,0.6915381406042028,0.38106591493216946,0.8699308709475303
0,0.11495495495495496,0.6914410410857142,0.35590551458879616,0.8419012966359231
0,0.11495495495495496,0.6670930830295483,0.38999982458140714,0.9131289406686044
0,0.11495495495495496,0.7945493353902574,0.4825976851209625,0.8882141156641011
0,0.11495495495495496,0.9205037758304065,0.5407827336742319,0.8563454703133747
0,0.11495495495495496,0.7862507476451952,0.6632349375921714,0.8217447323861992
0,0.11495495495495496,0.8095510187371615,0.4847168044796241,0.5822967329536562
0,0.11495495495495496,0.6529499750649818,0.5107975178080588,0.8563469893799409
0,0.11495495495495496,0.7848599332803607,0.6442457885446585,0.8217447323861992
0,0.11495495495495496,0.6746153154073518,0.39638358114422256,0.7269109178538752
0,0.11495495495495496,0.82600431641477,0.5435685622490835,0.9546766341981062
0,0.11495495495495496,0.7572389989400491,0.5719417954154601,0.8510380070639882
0,0.11495495495495496,0.6251355004785237,0.37509059663877947,0.7582839574307917
0,0.10513326752221125,0.8143940426644215,0.4869072119790477,0.5497689852046979
0,0.11726595400064788,0.5029730091818262,0.2923748332536959,0.37802134644327834
0,0.12657130472475075,0.3568331726081199,0.41854599546958393,0.14954181502498168
0,0.11495495495495496,0.9455980134978721,0.5294482062786553,0.7073349300810376
0,0.11726595400064788,0.42452747905827,0.2374838509616891,0.22457319112897492
0,0.11726595400064788,0.43014479818538964,0.23995175234914756,0.24458520191370872
0,0.11726595400064788,0.4203914461559508,0.24380211731340995,0.2878579925854879
0,0.11495495495495496,0.6573880861304365,0.2985846913274401,0.3482415616239536
0,0.11726595400064788,0.4091577687017751,0.2929348153219793,0.5782507156281885
0,0.11495495495495496,0.6912049238979834,0.4093475358295037,0.3643129162034932
0,0.11495495495495496,0.6328427274712638,0.44626466884050664,0.30364120251487803
0,0.11495495495495496,0.6122420959543631,0.44622861113555945,0.6390679097688634
0,0.11495495495495496,0.6080895651126774,0.38536468726709183,0.7414547052786872
0,0.11495495495495496,0.742933811252317,0.6619835972156138,0.8811331716350485
0,0.11495495495495496,0.8788813393094026,0.5710098034233938,0.6547206290936904
0,0.11495495495495496,0.6769932844205615,0.38548232236804636,0.6441520735967261
0,0.11495495495495496,0.829391350248801,0.5108277808847427,0.49927471855762623
0,0.11495495495495496,0.6792275045776656,0.3709145347407207,0.7848093023015992
0,0.11495495495495496,0.6453342512896145,0.36416156700865543,0.7803514205660326
0,0.11726595400064788,0.5259916775699562,0.3379101450097881,0.5531747012073708
1,0.12657130472475075,0.3929721657378597,0.25896841294676237,0.4099088644316918
0,0.11726595400064788,0.7230763122833449,0.20239936728500169,0.27738262571664674
0,0.11726595400064788,0.4234966923407407,0.23764054089153125,0.22328292600750238
1,0.11939375193318899,0.35036628049825486,0.14351105572454328,0.17825795147096418
0,0.11726595400064788,0.41377903048654024,0.22132350459032082,0.3039961163010373
0,0.11726595400064788,0.42191764179416086,0.2401244340060723,0.2878579925854879
1,0.12657130472475075,0.7406670638905257,0.19949082982598154,0.15382072912075098
0,0.11726595400064788,0.4242102867932277,0.24743203289986518,0.30242750413392844
1,0.10513326752221125,0.451479633540012,0.30410464010402993,0.3475250920894121
1,0.10513326752221125,0.26388652602412493,0.1489358880771049,0.1608952458965844
1,0.12657130472475075,0.21148655006225128,0.1698776588000996,0.09117201261393905
1,0.12657130472475075,0.390368786616435,0.29580604008699546,0.5636802728277353
1,0.11726595400064788,0.7761707833383832,0.4594281192257743,0.6717298078559328
1,0.10513326752221125,0.3189100528924047,0.14568734519356416,0.10893696655333626
1,0.10513326752221125,0.36155337924125025,0.20325386143112031,0.2354231585018962
1,0.11495495495495496,0.3828118549180317,0.40368818498235626,0.6644255750213198
1,0.11726595400064788,0.25046567994296387,0.2843524776526597,0.3908942862519135
0,0.12657130472475075,0.09243570595594841,0.10683401202429832,0.045026666601210436
0,0.12657130472475075,0.3290549467996087,0.3688435064322277,0.2888382194046458
0,0.12657130472475075,0.09766061521230049,0.3674621822112673,0.5845520500401669
0,0.10513326752221125,0.15722852369097823,0.20743856359965354,0.3302341766091104
0,0.12657130472475075,0.19239632062325338,0.16695398071141135,0.11364457116267668
0,0.10513326752221125,0.2035461513714669,0.2789799409747874,0.2679202684523243
0,0.12657130472475075,0.3268135105231504,0.14025506013010935,0.05971611123129454
0,0.12657130472475075,0.5119857597792707,0.2550806350239659,0.17255408346336354
0,0.12657130472475075,0.7296476257672458,0.24846977097939518,0.37278798690409826
0,0.10513326752221125,0.30600094035094455,0.2922663266387618,0.30643741050987316
0,0.12657130472475075,0.24418873866503046,0.1934533969591601,0.23671481016091153
0,0.12657130472475075,0.14489349048293984,0.22992016074944413,0.15991690582838058
0,0.12657130472475075,0.3947411887073732,0.26042872090500996,0.27698933690204847
0,0.12657130472475075,0.4495134540199668,0.18389180781938758,0.18597821393760386
0,0.12657130472475075,0.47791004127162134,0.17627794216492754,0.15501770413677374
0,0.10513326752221125,0.5969848403309169,0.1623529221847302,0.06754390003540983
0,0.12657130472475075,0.20160831267327864,0.12410185490650687,0.1178848794779067
0,0.12657130472475075,0.18849597791880587,0.16240090533225926,0.13153183903803872
0,0.10513326752221125,0.22664723102538378,0.15200728251175027,0.08851869523407555
0,0.10513326752221125,0.270321905034566,0.20203294896124874,0.33910012276473295
0,0.10513326752221125,0.23980477821293544,0.15519532017252724,0.16006352032280932
0,0.10513326752221125,0.25891817167216,0.20509767094914014,0.4201016242828088
0,0.10513326752221125,0.2628801907618987,0.14607476948302756,0.12578851309868666
0,0.10513326752221125,0.24906135802649154,0.13013130368886125,0.17539847620334437
0,0.10513326752221125,0.23885303098138447,0.18973344936553363,0.13301505708355724
0,0.10513326752221125,0.27556956125871035,0.1840317776686652,0.2825829666409809
0,0.10513326752221125,0.28947916102641086,0.18532109950771233,0.3051040942527525
0,0.10513326752221125,0.27436212335228377,0.10910852184102461,0.14740231177503887
0,0.10513326752221125,0.44578470425488487,0.20021526640261622,0.08713759820848507
0,0.10513326752221125,0.536470278651982,0.19954295418877488,0.11953769567716613
0,0.12657130472475075,0.537065135392357,0.23769160015149185,0.08495858967099217
0,0.12657130472475075,0.5457833986429991,0.2540057094700203,0.09943991293260598
0,0.10513326752221125,0.301176507859032,0.07483961691275909,0.0874981736884361
0,0.11939375193318899,0.5700964403471387,0.23273448730371016,0.31878505093556864
0,0.11726595400064788,0.10599784206385225,0.1660603592992466,0.15495965995401723
0,0.11495495495495496,0.9744619029716789,0.598626145438774,0.8735539618215994
0,0.10513326752221125,0.6204918392950773,0.43763068212913525,0.39559854702971775
0,0.12657130472475075,0.700196189003874,0.38014812370082735,0.20599188466604645
0,0.11726595400064788,0.5064963294127656,0.27231783054941955,0.47424433988106274
0,0.11726595400064788,0.7303568932917639,0.22115471622256686,0.222778877350924
1,0.11495495495495496,0.07001058332601726,0.20978776597672727,0.20813080777824255
1,0.12657130472475075,0.3570017157324617,0.24471513659457167,0.40869431886755236
1,0.12657130472475075,0.35041509726631737,0.2592384338001566,0.33178513700339857
0,0.10513326752221125,0.4287733816956193,0.18858478482680224,0.06324296081480314
0,0.10513326752221125,0.3424996928287612,0.09163580391193456,0.09019561187245725
0,0.10513326752221125,0.3204122299107761,0.09299981160549901,0.08547213041941128
0,0.12657130472475075,0.10206521696155207,0.34554829758563926,0.49184406816814336
0,0.12657130472475075,0.2919347069437319,0.28643057564715146,0.10742805535998586
0,0.12657130472475075,0.24302408223738392,0.2216126326618834,0.07249855368282995
0,0.12657130472475075,0.23001494637280487,0.20906567588084068,0.04317312906251076
0,0.10513326752221125,0.5274952546219808,0.2438130196406416,0.34593992166904275
0,0.10513326752221125,0.5747229911671417,0.20513757856584391,0.11971855450716436
0,0.12657130472475075,0.25559840091100755,0.25320288550148995,0.20636562801813133
0,0.12657130472475075,0.40071432838639476,0.36385022871420886,0.5357992862435331
0,0.10513326752221125,0.2889896231235272,0.2011947842592804,0.39117929595511247
0,0.12657130472475075,0.23254183680645885,0.19167448560741446,0.05517836117122508
0,0.12657130472475075,0.25355561969857926,0.1867250706685373,0.10740049000693738
0,0.12657130472475075,0.39261327453357336,0.2103931268690976,0.09626541385902047
0,0.12657130472475075,0.41911257427730825,0.2638219976437584,0.07755569791418873
0,0.12657130472475075,0.36215870489120777,0.22297691820502907,0.12224860270131506
0,0.12657130472475075,0.21733072268273976,0.16181502773979944,0.17554569951640797
0,0.12657130472475075,0.21759265556089155,0.16604979844769185,0.18857425598476205
0,0.10513326752221125,0.25361968160742426,0.14696896131837064,0.1270421942484394
0,0.10513326752221125,0.2646725815754959,0.15475138272069916,0.2680736564129376
0,0.10513326752221125,0.25809616906473004,0.21074853535730703,0.1335230416799168
0,0.10513326752221125,0.24780632696707877,0.12817462166804275,0.12772178032280432
0,0.10513326752221125,0.28126493681360026,0.14643362431224607,0.22270521653728023
0,0.10513326752221125,0.28157014027990407,0.10859942791194895,0.14367862940647413
0,0.11726595400064788,0.7509903622310343,0.18222968770609307,0.1965177484971705
0,0.11726595400064788,0.7283101506818542,0.24378841094890316,0.2652554000445838
0,0.11495495495495496,0.3745768731035711,0.216821483552504,0.23083234144287967
0,0.12657130472475075,0.31295947945370645,0.2943208334433533,0.12742545585483298
0,0.10513326752221125,0.3309544216490539,0.23594138393208966,0.3315067946557914
0,0.11495495495495496,0.12938197092043008,0.1662299127716344,0.07606311924032427
0,0.12657130472475075,0.29389526241027814,0.24001094959456293,0.24392017624604564
0,0.12657130472475075,0.28909088375256514,0.17164897327854597,0.08760166389156754
0,0.12657130472475075,0.7570064911435666,0.2680329754124264,0.3391799208820952
0,0.12657130472475075,0.4289213263835747,0.3085892429806894,0.09718715558812732
0,0.12657130472475075,0.2150402797726985,0.16423258733414686,0.16652383008637414
0,0.12657130472475075,0.20851942574631355,0.16598198140200376,0.10741741067488694
0,0.10513326752221125,0.3322685202768863,0.2087628840604967,0.3689369765341693
0,0.10513326752221125,0.23895681962918358,0.16250218378665018,0.1119224869354945
0,0.10513326752221125,0.22976112499772777,0.16084171028336533,0.1311418857789976
0,0.10513326752221125,0.5032165767232053,0.24880732043376605,0.2802773171062724
0,0.10513326752221125,0.24551372890553086,0.1631095114245729,0.22974075250976103
0,0.10513326752221125,0.2522746951127761,0.17304421953051446,0.2724398842736913
0,0.10513326752221125,0.28036258775991163,0.1619714183902999,0.12087691641211677
0,0.10513326752221125,0.2914981604305714,0.1383166944991158,0.1429874847695299
0,0.11495495495495496,0.7895124106221383,0.568731103278842,0.8517259425275874
1,0.10513326752221125,0.2681310551283261,0.45017538507314336,0.6251497892646289
1,0.12657130472475075,0.45037802816556366,0.34970414982886444,0.09745828051312076
0,0.10513326752221125,0.2803792506785065,0.10554018683752053,0.09700207121601906
0,0.12657130472475075,0.27425372024813743,0.19206436629206422,0.14227922300045404
0,0.12657130472475075,0.4106413914268988,0.25270926432285745,0.10731690992181336
0,0.10513326752221125,0.2720412959685117,0.19391402365165483,0.2789290988199144
0,0.11726595400064788,0.5051340820698972,0.2775273745894877,0.3908024743613014
0,0.12657130472475075,0.775987014114363,0.5486454433746808,0.6967376314039804
0,0.11495495495495496,0.3858730154698817,0.1685666405074786,0.1181165412208156
0,0.12657130472475075,0.6243259754176622,0.5454494521481963,0.6332618009669341
0,0.11726595400064788,0.5455914554847815,0.3287013199471817,0.40500697674101116
0,0.12657130472475075,0.5104434850794628,0.2712050046732865,0.19760827463476374
0,0.12657130472475075,0.6180374230420428,0.45080117436195255,0.5392461753691923
0,0.12657130472475075,0.6209084297630627,0.44521197998411355,0.5367210635353491
0,0.12657130472475075,0.7431878455537523,0.431512745068535,0.4673842086856754
0,0.12657130472475075,0.5108856178759884,0.21710830947424428,0.21497679497529426
0,0.12657130472475075,0.32405114554877607,0.34011172248655896,0.285797082915214
0,0.12657130472475075,0.5882092433487939,0.43626724987258964,0.534990295910687
0,0.12657130472475075,0.24623334214179785,0.13539156529714683,0.09548862616116859
0,0.12657130472475075,0.7350353381876723,0.4926311847840984,0.5559438506379214
0,0.12657130472475075,0.6268477828518271,0.45647204083532034,0.5532218512608331
0,0.12657130472475075,0.18178887144800263,0.1413755615808957,0.22465233610202934
0,0.12657130472475075,0.34242512645529655,0.20684679437798895,0.30789691918521356
0,0.12657130472475075,0.7561943438880188,0.5047734143661048,0.6664708702879794
0,0.12657130472475075,0.5210991203282822,0.26508795246182404,0.2435501877875721
0,0.12657130472475075,0.49994338087958334,0.21858871557621726,0.22722917444242308
0,0.12657130472475075,0.5103565439459868,0.2502198583654838,0.23728035875318257
0,0.12657130472475075,0.49938525760740604,0.23003911994734988,0.24466760037303575
0,0.12657130472475075,0.5763274573431953,0.4376911059696946,0.5628376581642205
0,0.12657130472475075,0.6830685872135736,0.23068997656947035,0.2521732502836915
0,0.12657130472475075,0.11798462415088384,0.19121067392493235,0.22694934832195643
0,0.12657130472475075,0.6381268121829137,0.514770808330714,0.6784755707305603
0,0.12657130472475075,0.7515574454135945,0.532929701410097,0.6798955191951076
0,0.12657130472475075,0.6253607231007161,0.18573776391182287,0.09318792235372611
0,0.12657130472475075,0.6962958947368809,0.44633405575767043,0.5179600813264567
0,0.12657130472475075,0.6240055634137984,0.4431090410730278,0.5392461753691923
0,0.10513326752221125,0.35208566035911093,0.21050183124200111,0.366649532208399
0,0.12657130472475075,0.6165190921371161,0.43138715569654995,0.45251955850177805
0,0.11495495495495496,0.2788992945424977,0.35119236085479,0.5285619096294318
0,0.12657130472475075,0.6762479666437039,0.40988736824858507,0.4522623824320726
0,0.11939375193318899,0.5069744816003295,0.3718057075018417,0.49319592791158057
0,0.11726595400064788,0.4004379034300981,0.16905352303048957,0.3117329486327405
0,0.11726595400064788,0.37445146257762557,0.267290526467197,0.205635607601327
0,0.11726595400064788,0.6232138278795035,0.22003714327280724,0.37952062659086094
0,0.11726595400064788,0.33170772001060006,0.2831351031196074,0.26660636324427267
0,0.10513326752221125,0.6640504193157258,0.3350684877976703,0.7400004417287545
0,0.10513326752221125,0.3205824111604892,0.13852977282988665,0.15127371083591526
0,0.10513326752221125,0.34316430568696304,0.05006336657226541,0.0841494264097511
0,0.11495495495495496,0.3697992002313891,0.1613621452035742,0.26061761436239833
0,0.11495495495495496,0.37112293049923917,0.1562960723093838,0.24735559482359804
0,0.10513326752221125,0.3482709421170552,0.05180772322784934,0.08906200458355748
0,0.12657130472475075,0.6255410563432854,0.20943760296903027,0.2263148426836505
0,0.12657130472475075,0.6746599569777231,0.31616305604385003,0.23086048649203716
0,0.12657130472475075,0.2608485424846808,0.2018389622306968,0.034013856000975964
0,0.10513326752221125,0.7735965976756479,0.2276138136814639,0.25855725539487956
0,0.12657130472475075,0.12371413827569927,0.10322135900139416,0.054199987682366224
0,0.10513326752221125,0.8495393175254723,0.3422680875387211,0.5842046772299498
0,0.12657130472475075,0.2407767893195402,0.15616977259616166,0.07936472649067387
0,0.11495495495495496,0.4126502766601892,0.22783122515554893,0.2984053252177409
0,0.11495495495495496,0.7144984695494863,0.6907817158273954,0.7868254800071296
0,0.10513326752221125,0.41096167321387905,0.2891924588645097,0.3950115673210448
0,0.10513326752221125,0.49431327596825864,0.3442772683726471,0.3524020603843606
0,0.12657130472475075,0.3498756131806652,0.27838385465330934,0.4277758073272249
0,0.11726595400064788,0.29352642563251863,0.3126183546292698,0.26981004858480573
0,0.11495495495495496,0.26666222728382766,0.1840482531352456,0.2018002081198156
0,0.12657130472475075,0.04862948170733317,0.06255456256064512,0.010108056595555756
0,0.12657130472475075,0.053360909112988394,0.044061859424002835,0.008864627813943699
0,0.12657130472475075,0.49702610368659367,0.25331480411347673,0.21637948811482705
0,0.12657130472475075,0.4455351129273732,0.2277817111557842,0.27917017561568996
0,0.12657130472475075,0.5219843627771033,0.2522104076215095,0.2569217790871624
0,0.12657130472475075,0.6271088356469546,0.483075419496926,0.6791368971339269
0,0.12657130472475075,0.5128034362125433,0.2697905756195112,0.18408392765205248
0,0.12657130472475075,0.6177151333714327,0.3913584512292179,0.2336628628610321
0,0.12657130472475075,0.6073244585428047,0.43427614358282457,0.5344074623797777
0,0.11939375193318899,0.8419612162069099,0.3880568044043772,0.5330820790453378
0,0.10513326752221125,0.2459965508904639,0.2602214324403372,0.4286981206916513
0,0.12657130472475075,0.7098698655286799,0.485954125019899,0.3187648570874283
0,0.10513326752221125,0.23502319429300902,0.23951956984009085,0.19961658699208992
0,0.10513326752221125,0.7975446779343972,0.2577160333242288,0.2844463777449961
0,0.10513326752221125,0.7466264138636609,0.2345525380765736,0.47327297832772763
0,0.10513326752221125,0.3486186024398771,0.22139753659465217,0.22797662663949342
0,0.11939375193318899,0.4073979512773934,0.12171057102424444,0.19139886677840515
0,0.10513326752221125,0.3321795336138395,0.27100224884379204,0.34801628719792316
0,0.10513326752221125,0.27780339633578877,0.23381783425876915,0.3475574491795856
0,0.10513326752221125,0.24797438399253366,0.2647695613504117,0.4286981206916513
0,0.10513326752221125,0.0667769031782686,0.21246646656100535,0.08594658681509132
0,0.10513326752221125,0.5105777799137386,0.2901006781498341,0.466677195583297
0,0.10513326752221125,0.3940232094790759,0.3009926378369326,0.4915586397781143
0,0.10513326752221125,0.6335166534321923,0.23435097188959325,0.5257443761390437
0,0.10513326752221125,0.26511000008396607,0.14963892799429002,0.08977598117631969
0,0.10513326752221125,0.2897725420399043,0.3263259613420577,0.5124647130110623
0,0.10513326752221125,0.4332977617042589,0.33057298469992,0.42852150108285164
0,0.10513326752221125,0.30562687622093115,0.1793465460174309,0.16355890770538853
0,0.10513326752221125,0.3213821653658431,0.18274700067715577,0.3393667184726505
0,0.10513326752221125,0.4796982807049498,0.30488373506633915,0.482026391325113
0,0.10513326752221125,0.3578917534451996,0.23930912625969158,0.3752648083847719
0,0.10513326752221125,0.34710778944594833,0.20434392551802477,0.3752648083847719
0,0.10513326752221125,0.2278250801637044,0.2302179945280889,0.2800141229961935
0,0.10513326752221125,0.3478666712448519,0.20981788408012994,0.3752648083847719
0,0.10513326752221125,0.3239967975219905,0.18741276179495184,0.32184858514706377
0,0.10513326752221125,0.34686907654587923,0.20466996817132155,0.3752648083847719
0,0.10513326752221125,0.31319092381928865,0.15605979625536678,0.2183786890517109
0,0.10513326752221125,0.39320463696973995,0.34700572799656176,0.5423895933158094
0,0.10513326752221125,0.3799298749249498,0.3475913241446155,0.5423895933158094
0,0.10513326752221125,0.35215962431117304,0.2251334441381738,0.2437467931871567
0,0.10513326752221125,0.23873795610283374,0.24484069865526592,0.245919740859397
0,0.10513326752221125,0.48962394420345645,0.2959276857134627,0.3648531703157171
0,0.10513326752221125,0.24112150191895923,0.25422422578409387,0.485276396059214
0,0.10513326752221125,0.17236919184228022,0.2413701095252325,0.3402838436966091
0,0.10513326752221125,0.5895595263527446,0.2063259150716289,0.5365464255691595
0,0.10513326752221125,0.4236268847321773,0.28733318936260444,0.4481173226180317
0,0.10513326752221125,0.23916092953308157,0.24899748739313476,0.27735363716948325
0,0.12657130472475075,0.5669611126050901,0.1928871894755285,0.1507728929128097
0,0.10513326752221125,0.8431805195358688,0.2738497349789571,0.43464141833281245
0,0.10513326752221125,0.32401958580933976,0.1814071163195445,0.15891261256686387
0,0.10513326752221125,0.3239179655951796,0.18827657691804958,0.15891261256686387
0,0.12657130472475075,0.549445211276858,0.2182600728447892,0.05941449739354773
0,0.10513326752221125,0.28783276936064034,0.1672400703968473,0.08838350437798075
0,0.10513326752221125,0.4509616629209219,0.18519099594920907,0.46448837532351506
0,0.12657130472475075,0.24765776647934792,0.16068939587727102,0.12790125559762025
0,0.10513326752221125,0.3929022381062991,0.31733103407174035,0.4915586397781143
0,0.10513326752221125,0.3042014971057493,0.17083533978272541,0.12848773738483416
0,0.10513326752221125,0.2909296492829692,0.12088217286643245,0.08654645127838424
0,0.11939375193318899,0.4635042736863566,0.32309055237918793,0.4448951532011513
0,0.11939375193318899,0.5248146579888388,0.386841062295452,0.5724114092515569
0,0.12657130472475075,0.29935683292789755,0.24816486478590394,0.33629980328966674
0,0.11939375193318899,0.491770620339389,0.28552085101685176,0.5246669744930504
0,0.11939375193318899,0.4901445629660872,0.2855179733613953,0.5246669744930504
0,0.11939375193318899,0.5264919256265778,0.3814420943086529,0.5863167489886999
0,0.11939375193318899,0.5053088799372907,0.3309188891072144,0.5862991240375297
0,0.11939375193318899,0.5210773866002842,0.4060915872564652,0.5915259573609334
0,0.11939375193318899,0.47578088092002224,0.30109278161228337,0.40278281901078333
0,0.12657130472475075,0.7315331582592164,0.4957471539306307,0.5526791554416128
0,0.12657130472475075,0.7035028800560295,0.44960626159666406,0.481942184456955
0,0.12657130472475075,0.7334098504267501,0.4580174275410333,0.52710161755705
0,0.12657130472475075,0.6636565666033973,0.19918010870825545,0.23837562726520206
0,0.12657130472475075,0.39499848850366975,0.26029429409103905,0.27698933690204847
0,0.12657130472475075,0.792962759800382,0.4737086598026384,0.4525233189170601
0,0.12657130472475075,0.7220712258312595,0.4462061376620051,0.4978393186693023
0,0.12657130472475075,0.7325230438410828,0.4488965998782921,0.4792339353466311
0,0.12657130472475075,0.3924074629439233,0.27310518567768255,0.1653404675142161
0,0.12657130472475075,0.7267527627837732,0.47970849427933726,0.5415318178689993
0,0.12657130472475075,0.38000933753332533,0.22817994750745868,0.10278176428677452
0,0.12657130472475075,0.7243635583365614,0.4463858853925581,0.2193024750544681
0,0.12657130472475075,0.5805743893982541,0.2316884839536567,0.12235513598594655
0,0.10513326752221125,0.5890152913698998,0.18609599902217622,0.2217291227141892
0,0.12657130472475075,0.6399246180861972,0.3919454015899035,0.4619636179663626
0,0.12657130472475075,0.3548550313421377,0.16954000026859434,0.010361707517053677
0,0.12657130472475075,0.7092352803896561,0.5268479227037837,0.5035499266659414
0,0.12657130472475075,0.353163441224487,0.16199532787468734,0.030486229272159864
0,0.12657130472475075,0.23870093407582277,0.3610348713019886,0.1788491411718253
0,0.12657130472475075,0.3921137998575137,0.3386002310651297,0.42374934260736347
0,0.10513326752221125,0.37006788001198093,0.26510453236407644,0.3197572451823749
0,0.10513326752221125,0.3370948676605687,0.24856133262195929,0.18341051045981435
0,0.10513326752221125,0.3457204683205572,0.23012075819031771,0.3578564270779305
0,0.10513326752221125,0.5167639353877467,0.22184147023126216,0.2973001018933144
0,0.10513326752221125,0.24738028074434598,0.2514636450484071,0.16827633932695546
0,0.10513326752221125,0.28580168282641233,0.2578934488227463,0.30070348834768895
0,0.10513326752221125,0.406863538924025,0.2203022827516136,0.3637234387504803
0,0.12657130472475075,0.3852264752316273,0.3333801008461683,0.28128821150010314
0,0.10513326752221125,0.22193286257395964,0.14748384184137192,0.08019342736662609
0,0.10513326752221125,0.2060155976536637,0.21927625493478636,0.24363590722219505
0,0.10513326752221125,0.24935360711811577,0.1767064161793069,0.2127166124986791
0,0.10513326752221125,0.38286192884009096,0.25176637515389944,0.3520310915905425
0,0.10513326752221125,0.44420370826161193,0.25131565568363345,0.3211124828644767
0,0.10513326752221125,0.22921266028219606,0.16671608381076294,0.12789444632049346
0,0.10513326752221125,0.43974199787541896,0.2584157822338112,0.3451333061008404
0,0.10513326752221125,0.24107855802904327,0.2341732249759946,0.38896458953728835
0,0.10513326752221125,0.25472317258559124,0.14077041199820403,0.14019386023013997
0,0.10513326752221125,0.4022631786050504,0.31607310903967667,0.4730999365418843
0,0.10513326752221125,0.25557579162732985,0.15143348095189527,0.18031620359744557
0,0.10513326752221125,0.5725936711443849,0.2384571066600395,0.4735702616148409
0,0.10513326752221125,0.40438454663523116,0.33222883614817883,0.577510871024332
0,0.10513326752221125,0.27371056857509113,0.1924098642616744,0.2724988730014407
0,0.10513326752221125,0.28386149101611624,0.16747123174518522,0.12229893289429503
0,0.11495495495495496,0.1840960629117662,0.11536569464373649,0.2200686481584195
0,0.10513326752221125,0.22435745784862493,0.19599913576011072,0.15234680423102906
0,0.12657130472475075,0.0516737031650633,0.18924806831567953,0.16292115739515062
0,0.10513326752221125,0.334512130815892,0.18446084443885025,0.15910932272104658
0,0.10513326752221125,0.2959701958549695,0.19561578939360671,0.13857376159944723
0,0.10513326752221125,0.34996916482949353,0.18542207144658707,0.16685326877630985
0,0.10513326752221125,0.3146500037019153,0.19329559492815213,0.257561716316129
0,0.10513326752221125,0.4141664794909015,0.3393224158533614,0.4379652033133293
0,0.12657130472475075,0.014613052601056923,0.24105702070497112,0.27507121359259157
0,0.10513326752221125,0.4652373339241959,0.33020588762818515,0.44970496100798013
0,0.10513326752221125,0.6423056582613687,0.25857926204910864,0.14266679513650332
0,0.10513326752221125,0.27611499918749266,0.16692679964195217,0.2244943019455114
0,0.10513326752221125,0.2515459432769748,0.1601130894136304,0.12225901925144536
0,0.10513326752221125,0.23091619290007834,0.1534588026718519,0.07284040636792956
0,0.10513326752221125,0.23380466860591498,0.15133418415370958,0.04924599599482426
0,0.10513326752221125,0.49770119121177286,0.27417606948683676,0.4022705908385924
0,0.10513326752221125,0.24768280813833135,0.17493211579200824,0.08050456233598258
0,0.11939375193318899,0.5879182592779748,0.2543597990302971,0.4504336021770623
0,0.12657130472475075,0.5246941576525915,0.2756558665439809,0.24925387545279756
0,0.12657130472475075,0.2154935411274286,0.19896589527459188,0.17891809465156328
0,0.12657130472475075,0.21936876747443543,0.18323162682624672,0.17005901404155585
0,0.12657130472475075,0.22341629180260245,0.16895857376805776,0.1654377661220859
0,0.12657130472475075,0.5343747285483784,0.2352196566624036,0.0876537128037258
0,0.12657130472475075,0.2145807893162024,0.18346110564779755,0.16616466695115947
0,0.10513326752221125,0.2826483586019414,0.1380426338390968,0.1774653025866058
0,0.11495495495495496,0.7410486940430144,0.8082135264663964,0.9133792876435365
0,0.10513326752221125,0.8040646502941297,0.38261303124071594,0.3950973528443356
0,0.12657130472475075,0.2998152769200922,0.17967594314199142,0.07665897379664316
0,0.12657130472475075,0.34617581031347694,0.21623101668360015,0.18279902219770028
0,0.11495495495495496,0.7563868345070434,0.439499453436686,0.6545734207697796
0,0.12657130472475075,0.6125009214572431,0.2636912603235221,0.250374260662537
0,0.12657130472475075,0.4077324932358657,0.2794388122781512,0.216155883214533
0,0.11495495495495496,0.8255537116712119,0.5895713050813277,0.8897750388913732
0,0.11495495495495496,0.9226939162277256,0.5907651520209334,0.8953104572701707
0,0.11495495495495496,0.8942865151350756,0.5937356534606825,0.8931927696618078
0,0.11495495495495496,0.7031879337372002,0.5182331704320821,0.9170951630943075
0,0.12657130472475075,0.20730530834529767,0.12119879113837433,0.09480417586761936
0,0.11495495495495496,0.8406288203923076,0.4792767624189055,0.8458826422344238
0,0.11495495495495496,0.7461122343290244,0.6676508298432657,0.8885086260610565
0,0.12657130472475075,0.20349004472805293,0.2618024829781303,0.38058058179124105
0,0.12657130472475075,0.43909188771726737,0.4085609575743874,0.5769419885428632
0,0.12657130472475075,0.39375528955403166,0.275456232977081,0.462938016913247
0,0.11939375193318899,0.43651904259481084,0.10172794544428466,0.14789922620325271
0,0.11726595400064788,0.5034017046547891,0.27952036988221957,0.4935893118385663
0,0.11726595400064788,0.4209611225013963,0.2655500264172317,0.288551183987983
0,0.10513326752221125,0.25387908376267654,0.1733454042414188,0.2954371633548158
0,0.11495495495495496,0.6131494848517647,0.4459136499492923,0.7451615692062279
0,0.10513326752221125,0.25564646152671266,0.14057305587797939,0.14565587418723389
0,0.10513326752221125,0.24337351303995308,0.17302979879030642,0.40225656519955216
0,0.10513326752221125,0.24487777019535478,0.17789408974038537,0.13049253547248793
0,0.10513326752221125,0.2648705087269013,0.20660798426431698,0.3888315093256712
0,0.10513326752221125,0.2657499917974493,0.17735095873634066,0.23789118231359094
0,0.11495495495495496,0.6108418834085576,0.3539386961970732,0.6712236906945459
0,0.11495495495495496,0.2732991336422831,0.2842225856562803,0.5028684763990848
0,0.11495495495495496,0.6360261024590159,0.6336476610934995,0.7717798858214139
0,0.10513326752221125,0.4580324763799532,0.13316032369530595,0.13629419791837413
0,0.11726595400064788,0.7561724625699903,0.2895214956006991,0.461621608815144
1,0.12657130472475075,0.10118763435782482,0.1883027518254377,0.10413392292197954
1,0.12657130472475075,0.39114594488111265,0.40663355474433666,0.5809827718542008
1,0.12657130472475075,0.6379670060098326,0.47039022368249067,0.4258615626013557
0,0.11726595400064788,0.7318365553854442,0.44357605086014784,0.778822544431809
0,0.10513326752221125,0.8582700514116033,0.7248424179654122,0.8029651836920642
1,0.10513326752221125,0.5068380471720603,0.2743004774663066,0.15603010572880582
1,0.10513326752221125,0.32367905794096546,0.20850107315912206,0.33522759253715056
0,0.11495495495495496,0.6433567152809019,0.7529120748082562,0.8451502762708498
1,0.10513326752221125,0.7220197777449766,0.43485013537896555,0.5636453263333498
1,0.11495495495495496,0.6099259316607483,0.39405676403135187,0.7140707553623731
0,0.11726595400064788,0.7437387771999497,0.17493049037158112,0.11789633518010267
1,0.11495495495495496,0.00812989745610204,0.35880102517721385,0.26338856217554374
1,0.11495495495495496,0.031158583984696803,0.473041134850247,0.680773530037282
0,0.10513326752221125,0.5777271371120276,0.3924190449784273,0.194957383673964
0,0.10513326752221125,0.5948638195575369,0.50007229238402,0.7470157665039909
0,0.10513326752221125,0.5957528310067882,0.49001158801068134,0.7938193856610405
0,0.11495495495495496,0.27220706548271073,0.1711933925189877,0.15484054265240993
0,0.10513326752221125,0.5805324554484284,0.4169917652322561,0.6863865320007648
0,0.11495495495495496,0.23122332552121322,0.4673631084706574,0.6275694203962161
0,0.10513326752221125,0.6220274600407659,0.33436474045500464,0.30124475143346324
0,0.10513326752221125,0.6149019936617878,0.3615197573933432,0.5078457119109455
0,0.11495495495495496,0.23095972064945056,0.4165801414442536,0.4669963959780852
0,0.11495495495495496,0.2840570374320401,0.3671793224411203,0.3493353345808754
0,0.10513326752221125,0.45577225898446877,0.28697601715521787,0.16330101202798528
0,0.10513326752221125,0.43828347481749813,0.18855349289024873,0.05033232002044418
0,0.10513326752221125,0.4367691585379528,0.24394516035683048,0.0733466763928896
0,0.11495495495495496,0.2522263534829536,0.3285528020223851,0.36604302138307165
0,0.10513326752221125,0.44354057455473156,0.22088527843490374,0.1513583582808593
0,0.10513326752221125,0.438948314182108,0.2293307446389743,0.14892749641590738
0,0.10513326752221125,0.43617061752793274,0.22128512629060165,0.06410672738594245
0,0.10513326752221125,0.1482976054264112,0.17853051773769968,0.0409742546818369
0,0.10513326752221125,0.4072191949913939,0.09993268226649872,0.16046586090071882
0,0.11726595400064788,0.41212492446252247,0.16413920048670236,0.25341476538042595
0,0.11495495495495496,0.8104232296874258,0.7905297074214115,0.9133792876435365
0,0.10513326752221125,0.33855170258131045,0.05140716970738391,0.09721661654741157
0,0.11495495495495496,0.7370960835056748,0.4751263346279297,0.8154959081387024
0,0.11495495495495496,0.6974337236754429,0.38681640387649324,0.587897901308965
0,0.11495495495495496,0.831322104459005,0.5007841678497907,0.699095024666044
0,0.11726595400064788,0.4284374145362444,0.24463634510707938,0.24321602268715709
0,0.12657130472475075,0.018860592740753048,0.10868977284063353,0.05940512112141832
0,0.11495495495495496,0.16779236296231353,0.09056072826446605,0.12966953182285837
0,0.12657130472475075,0.2491544458739648,0.23570909426796438,0.07046678705991424
0,0.11495495495495496,0.2884510365024544,0.21250037643846761,0.23518428847429576
0,0.10513326752221125,0.44705794806970706,0.1313347303381709,0.1265392775577219
0,0.10513326752221125,0.47716827264875405,0.5372010394636577,0.7465841042945233
0,0.11726595400064788,0.44725377652233234,0.2610186398379013,0.0912621171897379
0,0.12657130472475075,0.322372157673589,0.339444887847255,0.285797082915214
1,0.11726595400064788,0.151599894554437,0.2951972112091092,0.1342802953656198
0,0.12657130472475075,0.5367371102145951,0.2677077302442707,0.24341213634647296
0,0.12657130472475075,0.24655642466591512,0.21962173620673522,0.3265220735021774
0,0.12657130472475075,0.2236448164605745,0.18023339041826927,0.07766999155873264
0,0.12657130472475075,0.20002631549417932,0.19724320815171506,0.20412603775744034
0,0.12657130472475075,0.22845948864946083,0.19777876184053103,0.16556342864347282
0,0.10513326752221125,0.28343153597907117,0.12962340641471126,0.07940432242963957
0,0.12657130472475075,0.25105016673428754,0.1897253957949,0.0987564851215791
0,0.12657130472475075,0.27067497166830895,0.19940263721010795,0.10928385089669025
0,0.10513326752221125,0.2725913525215527,0.10786200637576965,0.12433670683121097
0,0.10513326752221125,0.5044639090439875,0.23980342379757144,0.2781436638988424
0,0.10513326752221125,0.2746555862506907,0.18932029136038633,0.2534489566015134
0,0.10513326752221125,0.27421092578165734,0.18369619541792562,0.3036925828945044
0,0.11939375193318899,0.5959184980882386,0.3397862668648269,0.5752004427678838
0,0.11939375193318899,0.5669364497027578,0.21315822707710483,0.24599813300959578
0,0.11495495495495496,0.2819607339896146,0.35761378555351236,0.5285619096294318
0,0.10513326752221125,0.594940797918272,0.44952230570808016,0.41366119826770464
0,0.11495495495495496,0.7463987329351499,0.6188376827609208,0.7130818734349558
0,0.11726595400064788,0.5069465698796207,0.2766958031509686,0.4917335793950269
0,0.11726595400064788,0.5007940014578928,0.2741271357576722,0.47424433988106274
1,0.12657130472475075,0.35390760816276984,0.3075701647905566,0.21537666594141128
